org.apache.hadoop.hdds.utils.db.ManagedRawSSTFileReader	hadoop-hdds/rocks-native/src/main/java/org/apache/hadoop/hdds/utils/db/ManagedRawSSTFileReader.java	92	50~
org.apache.hadoop.hdds.utils.db.LatestVersionedKWayMergeIterator	hadoop-hdds/rocks-native/src/main/java/org/apache/hadoop/hdds/utils/db/LatestVersionedKWayMergeIterator.java	504	375~
org.apache.hadoop.hdds.utils.db.ManagedRawSSTFileIterator	hadoop-hdds/rocks-native/src/main/java/org/apache/hadoop/hdds/utils/db/ManagedRawSSTFileIterator.java	140	100~
org.apache.hadoop.hdds.utils.NativeConstants	hadoop-hdds/rocks-native/src/main/java/org/apache/hadoop/hdds/utils/NativeConstants.java	31	25~
org.apache.hadoop.hdds.utils.NativeLibraryNotLoadedException	hadoop-hdds/rocks-native/src/main/java/org/apache/hadoop/hdds/utils/NativeLibraryNotLoadedException.java	29	25~
org.apache.hadoop.hdds.utils.NativeLibraryLoader	hadoop-hdds/rocks-native/src/main/java/org/apache/hadoop/hdds/utils/NativeLibraryLoader.java	211	150~
org.apache.ratis.metrics.dropwizard3.RatisMetricsUtils	hadoop-hdds/framework/src/main/java/org/apache/ratis/metrics/dropwizard3/RatisMetricsUtils.java	40	25~
org.apache.hadoop.ozone.upgrade.UpgradeFinalizationExecutor	hadoop-hdds/framework/src/main/java/org/apache/hadoop/ozone/upgrade/UpgradeFinalizationExecutor.java	32	25~
org.apache.hadoop.ozone.upgrade.UpgradeActionHdds	hadoop-hdds/framework/src/main/java/org/apache/hadoop/ozone/upgrade/UpgradeActionHdds.java	46	25~
org.apache.hadoop.ozone.upgrade.AbstractLayoutVersionManager	hadoop-hdds/framework/src/main/java/org/apache/hadoop/ozone/upgrade/AbstractLayoutVersionManager.java	228	175~
org.apache.hadoop.ozone.upgrade.LayoutVersionManager	hadoop-hdds/framework/src/main/java/org/apache/hadoop/ozone/upgrade/LayoutVersionManager.java	83	25~
org.apache.hadoop.ozone.upgrade.UpgradeFinalizer	hadoop-hdds/framework/src/main/java/org/apache/hadoop/ozone/upgrade/UpgradeFinalizer.java	99	25~
org.apache.hadoop.ozone.upgrade.DefaultUpgradeFinalizationExecutor	hadoop-hdds/framework/src/main/java/org/apache/hadoop/ozone/upgrade/DefaultUpgradeFinalizationExecutor.java	73	25~
org.apache.hadoop.ozone.upgrade.LayoutVersionManagerMXBean	hadoop-hdds/framework/src/main/java/org/apache/hadoop/ozone/upgrade/LayoutVersionManagerMXBean.java	27	25~
org.apache.hadoop.ozone.upgrade.BasicUpgradeFinalizer	hadoop-hdds/framework/src/main/java/org/apache/hadoop/ozone/upgrade/BasicUpgradeFinalizer.java	343	225~
org.apache.hadoop.ozone.util.WithChecksum	hadoop-hdds/framework/src/main/java/org/apache/hadoop/ozone/util/WithChecksum.java	28	25~
org.apache.hadoop.ozone.util.YamlSerializer	hadoop-hdds/framework/src/main/java/org/apache/hadoop/ozone/util/YamlSerializer.java	159	75~
org.apache.hadoop.ozone.util.ObjectSerializer	hadoop-hdds/framework/src/main/java/org/apache/hadoop/ozone/util/ObjectSerializer.java	73	25~
org.apache.hadoop.ozone.grpc.metrics.GrpcMetricsServerResponseInterceptor	hadoop-hdds/framework/src/main/java/org/apache/hadoop/ozone/grpc/metrics/GrpcMetricsServerResponseInterceptor.java	64	25~
org.apache.hadoop.ozone.grpc.metrics.GrpcMetricsServerRequestInterceptor	hadoop-hdds/framework/src/main/java/org/apache/hadoop/ozone/grpc/metrics/GrpcMetricsServerRequestInterceptor.java	98	50~
org.apache.hadoop.ozone.grpc.metrics.GrpcMetricsServerTransportFilter	hadoop-hdds/framework/src/main/java/org/apache/hadoop/ozone/grpc/metrics/GrpcMetricsServerTransportFilter.java	47	25~
org.apache.hadoop.ozone.grpc.metrics.GrpcMetrics	hadoop-hdds/framework/src/main/java/org/apache/hadoop/ozone/grpc/metrics/GrpcMetrics.java	224	125~
org.apache.hadoop.ozone.lease.LeaseExpiredException	hadoop-hdds/framework/src/main/java/org/apache/hadoop/ozone/lease/LeaseExpiredException.java	45	25~
org.apache.hadoop.ozone.lease.LeaseManagerNotRunningException	hadoop-hdds/framework/src/main/java/org/apache/hadoop/ozone/lease/LeaseManagerNotRunningException.java	45	25~
org.apache.hadoop.ozone.lease.LeaseException	hadoop-hdds/framework/src/main/java/org/apache/hadoop/ozone/lease/LeaseException.java	45	25~
org.apache.hadoop.ozone.lease.Lease	hadoop-hdds/framework/src/main/java/org/apache/hadoop/ozone/lease/Lease.java	189	75~
org.apache.hadoop.ozone.lease.LeaseAlreadyExistException	hadoop-hdds/framework/src/main/java/org/apache/hadoop/ozone/lease/LeaseAlreadyExistException.java	46	25~
org.apache.hadoop.ozone.lease.LeaseNotFoundException	hadoop-hdds/framework/src/main/java/org/apache/hadoop/ozone/lease/LeaseNotFoundException.java	46	25~
org.apache.hadoop.ozone.lease.LeaseCallbackExecutor	hadoop-hdds/framework/src/main/java/org/apache/hadoop/ozone/lease/LeaseCallbackExecutor.java	63	25~
org.apache.hadoop.ozone.lease.LeaseManager	hadoop-hdds/framework/src/main/java/org/apache/hadoop/ozone/lease/LeaseManager.java	300	150~
org.apache.hadoop.ozone.common.Storage	hadoop-hdds/framework/src/main/java/org/apache/hadoop/ozone/common/Storage.java	301	175~
org.apache.hadoop.ozone.common.StorageInfo	hadoop-hdds/framework/src/main/java/org/apache/hadoop/ozone/common/StorageInfo.java	211	125~
org.apache.hadoop.ozone.common.DeleteBlockGroupResult	hadoop-hdds/framework/src/main/java/org/apache/hadoop/ozone/common/DeleteBlockGroupResult.java	95	50~
org.apache.hadoop.ozone.common.BlockGroup	hadoop-hdds/framework/src/main/java/org/apache/hadoop/ozone/common/BlockGroup.java	121	75~
org.apache.hadoop.ozone.common.DeletedBlock	hadoop-hdds/framework/src/main/java/org/apache/hadoop/ozone/common/DeletedBlock.java	65	25~
org.apache.hadoop.ozone.audit.AuditLoggerType	hadoop-hdds/framework/src/main/java/org/apache/hadoop/ozone/audit/AuditLoggerType.java	39	25~
org.apache.hadoop.ozone.audit.AuditEventStatus	hadoop-hdds/framework/src/main/java/org/apache/hadoop/ozone/audit/AuditEventStatus.java	36	25~
org.apache.hadoop.ozone.audit.AuditMessage	hadoop-hdds/framework/src/main/java/org/apache/hadoop/ozone/audit/AuditMessage.java	149	100~
org.apache.hadoop.ozone.audit.AuditAction	hadoop-hdds/framework/src/main/java/org/apache/hadoop/ozone/audit/AuditAction.java	30	25~
org.apache.hadoop.ozone.audit.AuditMarker	hadoop-hdds/framework/src/main/java/org/apache/hadoop/ozone/audit/AuditMarker.java	41	25~
org.apache.hadoop.ozone.audit.Auditor	hadoop-hdds/framework/src/main/java/org/apache/hadoop/ozone/audit/Auditor.java	33	25~
org.apache.hadoop.ozone.audit.AuditLogger	hadoop-hdds/framework/src/main/java/org/apache/hadoop/ozone/audit/AuditLogger.java	242	125~
org.apache.hadoop.hdds.freon.FakeClusterTopology	hadoop-hdds/framework/src/main/java/org/apache/hadoop/hdds/freon/FakeClusterTopology.java	97	50~
org.apache.hadoop.hdds.freon.FakeScmBlockLocationProtocolClient	hadoop-hdds/framework/src/main/java/org/apache/hadoop/hdds/freon/FakeScmBlockLocationProtocolClient.java	98	50~
org.apache.hadoop.hdds.freon.FakeScmContainerLocationProtocolClient	hadoop-hdds/framework/src/main/java/org/apache/hadoop/hdds/freon/FakeScmContainerLocationProtocolClient.java	74	25~
org.apache.hadoop.hdds.upgrade.HDDSLayoutVersionManager	hadoop-hdds/framework/src/main/java/org/apache/hadoop/hdds/upgrade/HDDSLayoutVersionManager.java	102	50~
org.apache.hadoop.hdds.protocolPB.ReconfigureProtocolOmPB	hadoop-hdds/framework/src/main/java/org/apache/hadoop/hdds/protocolPB/ReconfigureProtocolOmPB.java	33	25~
org.apache.hadoop.hdds.protocolPB.DiskBalancerProtocolPB	hadoop-hdds/framework/src/main/java/org/apache/hadoop/hdds/protocolPB/DiskBalancerProtocolPB.java	36	25~
org.apache.hadoop.hdds.protocolPB.ReconfigureProtocolPB	hadoop-hdds/framework/src/main/java/org/apache/hadoop/hdds/protocolPB/ReconfigureProtocolPB.java	36	25~
org.apache.hadoop.hdds.protocolPB.DiskBalancerProtocolServerSideTranslatorPB	hadoop-hdds/framework/src/main/java/org/apache/hadoop/hdds/protocolPB/DiskBalancerProtocolServerSideTranslatorPB.java	94	50~
org.apache.hadoop.hdds.protocolPB.SecretKeyProtocolDatanodePB	hadoop-hdds/framework/src/main/java/org/apache/hadoop/hdds/protocolPB/SecretKeyProtocolDatanodePB.java	41	25~
org.apache.hadoop.hdds.protocolPB.ReconfigureProtocolServerSideTranslatorPB	hadoop-hdds/framework/src/main/java/org/apache/hadoop/hdds/protocolPB/ReconfigureProtocolServerSideTranslatorPB.java	140	75~
org.apache.hadoop.hdds.protocolPB.SecretKeyProtocolScmPB	hadoop-hdds/framework/src/main/java/org/apache/hadoop/hdds/protocolPB/SecretKeyProtocolScmPB.java	39	25~
org.apache.hadoop.hdds.protocolPB.SecretKeyProtocolClientSideTranslatorPB	hadoop-hdds/framework/src/main/java/org/apache/hadoop/hdds/protocolPB/SecretKeyProtocolClientSideTranslatorPB.java	179	75~
org.apache.hadoop.hdds.protocolPB.SecretKeyProtocolOmPB	hadoop-hdds/framework/src/main/java/org/apache/hadoop/hdds/protocolPB/SecretKeyProtocolOmPB.java	40	25~
org.apache.hadoop.hdds.protocolPB.ReconfigureProtocolClientSideTranslatorPB	hadoop-hdds/framework/src/main/java/org/apache/hadoop/hdds/protocolPB/ReconfigureProtocolClientSideTranslatorPB.java	203	125~
org.apache.hadoop.hdds.protocolPB.SCMSecurityProtocolClientSideTranslatorPB	hadoop-hdds/framework/src/main/java/org/apache/hadoop/hdds/protocolPB/SCMSecurityProtocolClientSideTranslatorPB.java	397	200~
org.apache.hadoop.hdds.protocolPB.SCMSecurityProtocolPB	hadoop-hdds/framework/src/main/java/org/apache/hadoop/hdds/protocolPB/SCMSecurityProtocolPB.java	37	25~
org.apache.hadoop.hdds.protocolPB.ReconfigureProtocolDatanodePB	hadoop-hdds/framework/src/main/java/org/apache/hadoop/hdds/protocolPB/ReconfigureProtocolDatanodePB.java	33	25~
org.apache.hadoop.hdds.protocolPB.DiskBalancerProtocolClientSideTranslatorPB	hadoop-hdds/framework/src/main/java/org/apache/hadoop/hdds/protocolPB/DiskBalancerProtocolClientSideTranslatorPB.java	174	75~
org.apache.hadoop.hdds.security.token.NoopTokenVerifier	hadoop-hdds/framework/src/main/java/org/apache/hadoop/hdds/security/token/NoopTokenVerifier.java	37	25~
org.apache.hadoop.hdds.security.token.ContainerTokenSecretManager	hadoop-hdds/framework/src/main/java/org/apache/hadoop/hdds/security/token/ContainerTokenSecretManager.java	70	25~
org.apache.hadoop.hdds.security.token.BlockTokenException	hadoop-hdds/framework/src/main/java/org/apache/hadoop/hdds/security/token/BlockTokenException.java	51	25~
org.apache.hadoop.hdds.security.token.CompositeTokenVerifier	hadoop-hdds/framework/src/main/java/org/apache/hadoop/hdds/security/token/CompositeTokenVerifier.java	46	25~
org.apache.hadoop.hdds.security.token.BlockTokenVerifier	hadoop-hdds/framework/src/main/java/org/apache/hadoop/hdds/security/token/BlockTokenVerifier.java	100	50~
org.apache.hadoop.hdds.security.token.ContainerTokenIdentifier	hadoop-hdds/framework/src/main/java/org/apache/hadoop/hdds/security/token/ContainerTokenIdentifier.java	127	75~
org.apache.hadoop.hdds.security.token.OzoneBlockTokenSecretManager	hadoop-hdds/framework/src/main/java/org/apache/hadoop/hdds/security/token/OzoneBlockTokenSecretManager.java	85	25~
org.apache.hadoop.hdds.security.token.ShortLivedTokenVerifier	hadoop-hdds/framework/src/main/java/org/apache/hadoop/hdds/security/token/ShortLivedTokenVerifier.java	123	75~
org.apache.hadoop.hdds.security.token.ContainerTokenGenerator	hadoop-hdds/framework/src/main/java/org/apache/hadoop/hdds/security/token/ContainerTokenGenerator.java	53	25~
org.apache.hadoop.hdds.security.token.TokenVerifier	hadoop-hdds/framework/src/main/java/org/apache/hadoop/hdds/security/token/TokenVerifier.java	82	25~
org.apache.hadoop.hdds.security.token.ContainerTokenVerifier	hadoop-hdds/framework/src/main/java/org/apache/hadoop/hdds/security/token/ContainerTokenVerifier.java	51	25~
org.apache.hadoop.hdds.security.token.ShortLivedTokenSecretManager	hadoop-hdds/framework/src/main/java/org/apache/hadoop/hdds/security/token/ShortLivedTokenSecretManager.java	74	25~
org.apache.hadoop.hdds.security.ssl.ReloadingX509KeyManager	hadoop-hdds/framework/src/main/java/org/apache/hadoop/hdds/security/ssl/ReloadingX509KeyManager.java	249	125~
org.apache.hadoop.hdds.security.ssl.KeyStoresFactory	hadoop-hdds/framework/src/main/java/org/apache/hadoop/hdds/security/ssl/KeyStoresFactory.java	68	25~
org.apache.hadoop.hdds.security.ssl.ReloadingX509TrustManager	hadoop-hdds/framework/src/main/java/org/apache/hadoop/hdds/security/ssl/ReloadingX509TrustManager.java	199	125~
org.apache.hadoop.hdds.security.symmetric.SecretKeyVerifierClient	hadoop-hdds/framework/src/main/java/org/apache/hadoop/hdds/security/symmetric/SecretKeyVerifierClient.java	31	25~
org.apache.hadoop.hdds.security.symmetric.ManagedSecretKey	hadoop-hdds/framework/src/main/java/org/apache/hadoop/hdds/security/symmetric/ManagedSecretKey.java	157	100~
org.apache.hadoop.hdds.security.symmetric.SecretKeyStateImpl	hadoop-hdds/framework/src/main/java/org/apache/hadoop/hdds/security/symmetric/SecretKeyStateImpl.java	137	75~
org.apache.hadoop.hdds.security.symmetric.SecretKeyClient	hadoop-hdds/framework/src/main/java/org/apache/hadoop/hdds/security/symmetric/SecretKeyClient.java	26	25~
org.apache.hadoop.hdds.security.symmetric.SecretKeyManager	hadoop-hdds/framework/src/main/java/org/apache/hadoop/hdds/security/symmetric/SecretKeyManager.java	178	100~
org.apache.hadoop.hdds.security.symmetric.DefaultSecretKeyClient	hadoop-hdds/framework/src/main/java/org/apache/hadoop/hdds/security/symmetric/DefaultSecretKeyClient.java	69	25~
org.apache.hadoop.hdds.security.symmetric.LocalSecretKeyStore	hadoop-hdds/framework/src/main/java/org/apache/hadoop/hdds/security/symmetric/LocalSecretKeyStore.java	197	125~
org.apache.hadoop.hdds.security.symmetric.DefaultSecretKeyVerifierClient	hadoop-hdds/framework/src/main/java/org/apache/hadoop/hdds/security/symmetric/DefaultSecretKeyVerifierClient.java	104	50~
org.apache.hadoop.hdds.security.symmetric.SecretKeySignerClient	hadoop-hdds/framework/src/main/java/org/apache/hadoop/hdds/security/symmetric/SecretKeySignerClient.java	45	25~
org.apache.hadoop.hdds.security.symmetric.SecretKeyConfig	hadoop-hdds/framework/src/main/java/org/apache/hadoop/hdds/security/symmetric/SecretKeyConfig.java	107	50~
org.apache.hadoop.hdds.security.symmetric.SecretKeyState	hadoop-hdds/framework/src/main/java/org/apache/hadoop/hdds/security/symmetric/SecretKeyState.java	65	25~
org.apache.hadoop.hdds.security.symmetric.DefaultSecretKeySignerClient	hadoop-hdds/framework/src/main/java/org/apache/hadoop/hdds/security/symmetric/DefaultSecretKeySignerClient.java	175	100~
org.apache.hadoop.hdds.security.symmetric.SecretKeyStore	hadoop-hdds/framework/src/main/java/org/apache/hadoop/hdds/security/symmetric/SecretKeyStore.java	34	25~
org.apache.hadoop.hdds.security.OzoneSecretManager	hadoop-hdds/framework/src/main/java/org/apache/hadoop/hdds/security/OzoneSecretManager.java	284	150~
org.apache.hadoop.hdds.security.OzoneSecretKey	hadoop-hdds/framework/src/main/java/org/apache/hadoop/hdds/security/OzoneSecretKey.java	110	75~
org.apache.hadoop.hdds.security.x509.certificate.CertInfo	hadoop-hdds/framework/src/main/java/org/apache/hadoop/hdds/security/x509/certificate/CertInfo.java	161	100~
org.apache.hadoop.hdds.security.x509.certificate.utils.SelfSignedCertificate	hadoop-hdds/framework/src/main/java/org/apache/hadoop/hdds/security/x509/certificate/utils/SelfSignedCertificate.java	328	200~
org.apache.hadoop.hdds.security.x509.certificate.utils.CertificateSignRequest	hadoop-hdds/framework/src/main/java/org/apache/hadoop/hdds/security/x509/certificate/utils/CertificateSignRequest.java	435	275~
org.apache.hadoop.hdds.security.x509.certificate.authority.CertificateStore	hadoop-hdds/framework/src/main/java/org/apache/hadoop/hdds/security/x509/certificate/authority/CertificateStore.java	101	25~
org.apache.hadoop.hdds.security.x509.certificate.authority.DefaultApprover	hadoop-hdds/framework/src/main/java/org/apache/hadoop/hdds/security/x509/certificate/authority/DefaultApprover.java	362	175~
org.apache.hadoop.hdds.security.x509.certificate.authority.CertificateApprover	hadoop-hdds/framework/src/main/java/org/apache/hadoop/hdds/security/x509/certificate/authority/CertificateApprover.java	78	25~
org.apache.hadoop.hdds.security.x509.certificate.authority.profile.DefaultProfile	hadoop-hdds/framework/src/main/java/org/apache/hadoop/hdds/security/x509/certificate/authority/profile/DefaultProfile.java	309	175~
org.apache.hadoop.hdds.security.x509.certificate.authority.profile.PKIProfile	hadoop-hdds/framework/src/main/java/org/apache/hadoop/hdds/security/x509/certificate/authority/profile/PKIProfile.java	145	25~
org.apache.hadoop.hdds.security.x509.certificate.authority.profile.DefaultCAProfile	hadoop-hdds/framework/src/main/java/org/apache/hadoop/hdds/security/x509/certificate/authority/profile/DefaultCAProfile.java	63	25~
org.apache.hadoop.hdds.security.x509.certificate.authority.DefaultCAServer	hadoop-hdds/framework/src/main/java/org/apache/hadoop/hdds/security/x509/certificate/authority/DefaultCAServer.java	543	300~
org.apache.hadoop.hdds.security.x509.certificate.authority.CertificateServer	hadoop-hdds/framework/src/main/java/org/apache/hadoop/hdds/security/x509/certificate/authority/CertificateServer.java	118	25~
org.apache.hadoop.hdds.security.x509.certificate.client.SCMCertificateClient	hadoop-hdds/framework/src/main/java/org/apache/hadoop/hdds/security/x509/certificate/client/SCMCertificateClient.java	415	250~
org.apache.hadoop.hdds.security.x509.certificate.client.RootCaRotationPoller	hadoop-hdds/framework/src/main/java/org/apache/hadoop/hdds/security/x509/certificate/client/RootCaRotationPoller.java	165	100~
org.apache.hadoop.hdds.security.x509.certificate.client.CertificateClient	hadoop-hdds/framework/src/main/java/org/apache/hadoop/hdds/security/x509/certificate/client/CertificateClient.java	223	50~
org.apache.hadoop.hdds.security.x509.certificate.client.DefaultCertificateClient	hadoop-hdds/framework/src/main/java/org/apache/hadoop/hdds/security/x509/certificate/client/DefaultCertificateClient.java	1462	1025~
org.apache.hadoop.hdds.security.x509.certificate.client.CertificateNotification	hadoop-hdds/framework/src/main/java/org/apache/hadoop/hdds/security/x509/certificate/client/CertificateNotification.java	33	25~
org.apache.hadoop.hdds.security.x509.certificate.client.DNCertificateClient	hadoop-hdds/framework/src/main/java/org/apache/hadoop/hdds/security/x509/certificate/client/DNCertificateClient.java	100	50~
org.apache.hadoop.hdds.server.ServiceRuntimeInfoImpl	hadoop-hdds/framework/src/main/java/org/apache/hadoop/hdds/server/ServiceRuntimeInfoImpl.java	52	25~
org.apache.hadoop.hdds.server.OzoneAdmins	hadoop-hdds/framework/src/main/java/org/apache/hadoop/hdds/server/OzoneAdmins.java	303	125~
org.apache.hadoop.hdds.server.OzoneBlacklist	hadoop-hdds/framework/src/main/java/org/apache/hadoop/hdds/server/OzoneBlacklist.java	219	100~
org.apache.hadoop.hdds.server.http.HttpConfig	hadoop-hdds/framework/src/main/java/org/apache/hadoop/hdds/server/http/HttpConfig.java	74	25~
org.apache.hadoop.hdds.server.http.ServletElementsFactory	hadoop-hdds/framework/src/main/java/org/apache/hadoop/hdds/server/http/ServletElementsFactory.java	52	25~
org.apache.hadoop.hdds.server.http.PrometheusMetricsSink	hadoop-hdds/framework/src/main/java/org/apache/hadoop/hdds/server/http/PrometheusMetricsSink.java	147	75~
org.apache.hadoop.hdds.server.http.ProfileServlet	hadoop-hdds/framework/src/main/java/org/apache/hadoop/hdds/server/http/ProfileServlet.java	534	350~
org.apache.hadoop.hdds.server.http.BaseHttpServer	hadoop-hdds/framework/src/main/java/org/apache/hadoop/hdds/server/http/BaseHttpServer.java	499	300~
org.apache.hadoop.hdds.server.http.AdminAuthorizedServlet	hadoop-hdds/framework/src/main/java/org/apache/hadoop/hdds/server/http/AdminAuthorizedServlet.java	44	25~
org.apache.hadoop.hdds.server.http.HttpServer2Metrics	hadoop-hdds/framework/src/main/java/org/apache/hadoop/hdds/server/http/HttpServer2Metrics.java	94	50~
org.apache.hadoop.hdds.server.http.RatisDropwizardExports	hadoop-hdds/framework/src/main/java/org/apache/hadoop/hdds/server/http/RatisDropwizardExports.java	145	75~
org.apache.hadoop.hdds.server.http.HttpServer2	hadoop-hdds/framework/src/main/java/org/apache/hadoop/hdds/server/http/HttpServer2.java	1835	1175~
org.apache.hadoop.hdds.server.http.RatisNameRewriteSampleBuilder	hadoop-hdds/framework/src/main/java/org/apache/hadoop/hdds/server/http/RatisNameRewriteSampleBuilder.java	113	75~
org.apache.hadoop.hdds.server.http.PrometheusServlet	hadoop-hdds/framework/src/main/java/org/apache/hadoop/hdds/server/http/PrometheusServlet.java	66	25~
org.apache.hadoop.hdds.server.http.NoCacheFilter	hadoop-hdds/framework/src/main/java/org/apache/hadoop/hdds/server/http/NoCacheFilter.java	55	25~
org.apache.hadoop.hdds.server.http.HtmlQuoting	hadoop-hdds/framework/src/main/java/org/apache/hadoop/hdds/server/http/HtmlQuoting.java	235	150~
org.apache.hadoop.hdds.server.http.LogStreamServlet	hadoop-hdds/framework/src/main/java/org/apache/hadoop/hdds/server/http/LogStreamServlet.java	56	25~
org.apache.hadoop.hdds.server.ServiceRuntimeInfo	hadoop-hdds/framework/src/main/java/org/apache/hadoop/hdds/server/ServiceRuntimeInfo.java	66	25~
org.apache.hadoop.hdds.server.ServerUtils	hadoop-hdds/framework/src/main/java/org/apache/hadoop/hdds/server/ServerUtils.java	477	225~
org.apache.hadoop.hdds.server.events.EventWatcherMetrics	hadoop-hdds/framework/src/main/java/org/apache/hadoop/hdds/server/events/EventWatcherMetrics.java	72	25~
org.apache.hadoop.hdds.server.events.EventExecutorMetrics	hadoop-hdds/framework/src/main/java/org/apache/hadoop/hdds/server/events/EventExecutorMetrics.java	143	75~
org.apache.hadoop.hdds.server.events.TypedEvent	hadoop-hdds/framework/src/main/java/org/apache/hadoop/hdds/server/events/TypedEvent.java	58	25~
org.apache.hadoop.hdds.server.events.EventHandler	hadoop-hdds/framework/src/main/java/org/apache/hadoop/hdds/server/events/EventHandler.java	33	25~
org.apache.hadoop.hdds.server.events.FixedThreadPoolWithAffinityExecutor	hadoop-hdds/framework/src/main/java/org/apache/hadoop/hdds/server/events/FixedThreadPoolWithAffinityExecutor.java	290	200~
org.apache.hadoop.hdds.server.events.IEventInfo	hadoop-hdds/framework/src/main/java/org/apache/hadoop/hdds/server/events/IEventInfo.java	29	25~
org.apache.hadoop.hdds.server.events.EventQueue	hadoop-hdds/framework/src/main/java/org/apache/hadoop/hdds/server/events/EventQueue.java	392	225~
org.apache.hadoop.hdds.server.events.IdentifiableEventPayload	hadoop-hdds/framework/src/main/java/org/apache/hadoop/hdds/server/events/IdentifiableEventPayload.java	28	25~
org.apache.hadoop.hdds.server.events.Event	hadoop-hdds/framework/src/main/java/org/apache/hadoop/hdds/server/events/Event.java	42	25~
org.apache.hadoop.hdds.server.events.SingleThreadExecutor	hadoop-hdds/framework/src/main/java/org/apache/hadoop/hdds/server/events/SingleThreadExecutor.java	105	50~
org.apache.hadoop.hdds.server.events.EventExecutor	hadoop-hdds/framework/src/main/java/org/apache/hadoop/hdds/server/events/EventExecutor.java	94	25~
org.apache.hadoop.hdds.server.events.EventPublisher	hadoop-hdds/framework/src/main/java/org/apache/hadoop/hdds/server/events/EventPublisher.java	28	25~
org.apache.hadoop.hdds.server.events.EventWatcher	hadoop-hdds/framework/src/main/java/org/apache/hadoop/hdds/server/events/EventWatcher.java	194	100~
org.apache.hadoop.hdds.server.OzoneProtocolMessageDispatcher	hadoop-hdds/framework/src/main/java/org/apache/hadoop/hdds/server/OzoneProtocolMessageDispatcher.java	111	75~
org.apache.hadoop.hdds.server.YamlUtils	hadoop-hdds/framework/src/main/java/org/apache/hadoop/hdds/server/YamlUtils.java	64	25~
org.apache.hadoop.hdds.utils.FaultInjector	hadoop-hdds/framework/src/main/java/org/apache/hadoop/hdds/utils/FaultInjector.java	62	25~
org.apache.hadoop.hdds.utils.MetaStoreIterator	hadoop-hdds/framework/src/main/java/org/apache/hadoop/hdds/utils/MetaStoreIterator.java	38	25~
org.apache.hadoop.hdds.utils.BooleanTriFunction	hadoop-hdds/framework/src/main/java/org/apache/hadoop/hdds/utils/BooleanTriFunction.java	37	25~
org.apache.hadoop.hdds.utils.UgiMetricsUtil	hadoop-hdds/framework/src/main/java/org/apache/hadoop/hdds/utils/UgiMetricsUtil.java	68	25~
org.apache.hadoop.hdds.utils.RDBSnapshotProvider	hadoop-hdds/framework/src/main/java/org/apache/hadoop/hdds/utils/RDBSnapshotProvider.java	259	125~
org.apache.hadoop.hdds.utils.TableCacheMetrics	hadoop-hdds/framework/src/main/java/org/apache/hadoop/hdds/utils/TableCacheMetrics.java	92	50~
org.apache.hadoop.hdds.utils.BackgroundTaskResult	hadoop-hdds/framework/src/main/java/org/apache/hadoop/hdds/utils/BackgroundTaskResult.java	44	25~
org.apache.hadoop.hdds.utils.CollectionUtils	hadoop-hdds/framework/src/main/java/org/apache/hadoop/hdds/utils/CollectionUtils.java	144	100~
org.apache.hadoop.hdds.utils.RocksDBStoreMetrics	hadoop-hdds/framework/src/main/java/org/apache/hadoop/hdds/utils/RocksDBStoreMetrics.java	305	200~
org.apache.hadoop.hdds.utils.HAUtils	hadoop-hdds/framework/src/main/java/org/apache/hadoop/hdds/utils/HAUtils.java	480	275~
org.apache.hadoop.hdds.utils.LogLevel	hadoop-hdds/framework/src/main/java/org/apache/hadoop/hdds/utils/LogLevel.java	415	250~
org.apache.hadoop.hdds.utils.CpuMetrics	hadoop-hdds/framework/src/main/java/org/apache/hadoop/hdds/utils/CpuMetrics.java	70	25~
org.apache.hadoop.hdds.utils.NettyMetrics	hadoop-hdds/framework/src/main/java/org/apache/hadoop/hdds/utils/NettyMetrics.java	72	25~
org.apache.hadoop.hdds.utils.TransactionInfo	hadoop-hdds/framework/src/main/java/org/apache/hadoop/hdds/utils/TransactionInfo.java	180	100~
org.apache.hadoop.hdds.utils.MetadataKeyFilters	hadoop-hdds/framework/src/main/java/org/apache/hadoop/hdds/utils/MetadataKeyFilters.java	113	50~
org.apache.hadoop.hdds.utils.BackgroundTaskQueue	hadoop-hdds/framework/src/main/java/org/apache/hadoop/hdds/utils/BackgroundTaskQueue.java	65	25~
org.apache.hadoop.hdds.utils.db.DBUpdatesWrapper	hadoop-hdds/framework/src/main/java/org/apache/hadoop/hdds/utils/db/DBUpdatesWrapper.java	68	25~
org.apache.hadoop.hdds.utils.db.DBCheckpoint	hadoop-hdds/framework/src/main/java/org/apache/hadoop/hdds/utils/db/DBCheckpoint.java	55	25~
org.apache.hadoop.hdds.utils.db.ByteArrayCodec	hadoop-hdds/framework/src/main/java/org/apache/hadoop/hdds/utils/db/ByteArrayCodec.java	54	25~
org.apache.hadoop.hdds.utils.db.ByteStringCodec	hadoop-hdds/framework/src/main/java/org/apache/hadoop/hdds/utils/db/ByteStringCodec.java	100	50~
org.apache.hadoop.hdds.utils.db.FixedLengthStringCodec	hadoop-hdds/framework/src/main/java/org/apache/hadoop/hdds/utils/db/FixedLengthStringCodec.java	56	25~
org.apache.hadoop.hdds.utils.db.CodecBufferCodec	hadoop-hdds/framework/src/main/java/org/apache/hadoop/hdds/utils/db/CodecBufferCodec.java	92	50~
org.apache.hadoop.hdds.utils.db.DBConfigFromFile	hadoop-hdds/framework/src/main/java/org/apache/hadoop/hdds/utils/db/DBConfigFromFile.java	203	100~
org.apache.hadoop.hdds.utils.db.RDBStoreCodecBufferIterator	hadoop-hdds/framework/src/main/java/org/apache/hadoop/hdds/utils/db/RDBStoreCodecBufferIterator.java	100	50~
org.apache.hadoop.hdds.utils.db.DBProfile	hadoop-hdds/framework/src/main/java/org/apache/hadoop/hdds/utils/db/DBProfile.java	159	100~
org.apache.hadoop.hdds.utils.db.cache.TableNoCache	hadoop-hdds/framework/src/main/java/org/apache/hadoop/hdds/utils/db/cache/TableNoCache.java	101	50~
org.apache.hadoop.hdds.utils.db.cache.CacheResult	hadoop-hdds/framework/src/main/java/org/apache/hadoop/hdds/utils/db/cache/CacheResult.java	75	25~
org.apache.hadoop.hdds.utils.db.cache.FullTableCache	hadoop-hdds/framework/src/main/java/org/apache/hadoop/hdds/utils/db/cache/FullTableCache.java	233	125~
org.apache.hadoop.hdds.utils.db.cache.CacheStatsRecorder	hadoop-hdds/framework/src/main/java/org/apache/hadoop/hdds/utils/db/cache/CacheStatsRecorder.java	58	25~
org.apache.hadoop.hdds.utils.db.cache.CacheStats	hadoop-hdds/framework/src/main/java/org/apache/hadoop/hdds/utils/db/cache/CacheStats.java	45	25~
org.apache.hadoop.hdds.utils.db.cache.CacheKey	hadoop-hdds/framework/src/main/java/org/apache/hadoop/hdds/utils/db/cache/CacheKey.java	64	25~
org.apache.hadoop.hdds.utils.db.cache.CacheValue	hadoop-hdds/framework/src/main/java/org/apache/hadoop/hdds/utils/db/cache/CacheValue.java	57	25~
org.apache.hadoop.hdds.utils.db.cache.PartialTableCache	hadoop-hdds/framework/src/main/java/org/apache/hadoop/hdds/utils/db/cache/PartialTableCache.java	189	100~
org.apache.hadoop.hdds.utils.db.cache.TableCache	hadoop-hdds/framework/src/main/java/org/apache/hadoop/hdds/utils/db/cache/TableCache.java	121	25~
org.apache.hadoop.hdds.utils.db.SequenceNumberNotFoundException	hadoop-hdds/framework/src/main/java/org/apache/hadoop/hdds/utils/db/SequenceNumberNotFoundException.java	35	25~
org.apache.hadoop.hdds.utils.db.DBStoreBuilder	hadoop-hdds/framework/src/main/java/org/apache/hadoop/hdds/utils/db/DBStoreBuilder.java	462	275~
org.apache.hadoop.hdds.utils.db.TableIterator	hadoop-hdds/framework/src/main/java/org/apache/hadoop/hdds/utils/db/TableIterator.java	105	50~
org.apache.hadoop.hdds.utils.db.BatchOperationHandler	hadoop-hdds/framework/src/main/java/org/apache/hadoop/hdds/utils/db/BatchOperationHandler.java	40	25~
org.apache.hadoop.hdds.utils.db.RDBTable	hadoop-hdds/framework/src/main/java/org/apache/hadoop/hdds/utils/db/RDBTable.java	337	250~
org.apache.hadoop.hdds.utils.db.Table	hadoop-hdds/framework/src/main/java/org/apache/hadoop/hdds/utils/db/Table.java	416	150~
org.apache.hadoop.hdds.utils.db.BatchOperation	hadoop-hdds/framework/src/main/java/org/apache/hadoop/hdds/utils/db/BatchOperation.java	27	25~
org.apache.hadoop.hdds.utils.db.RDBBatchOperation	hadoop-hdds/framework/src/main/java/org/apache/hadoop/hdds/utils/db/RDBBatchOperation.java	452	300~
org.apache.hadoop.hdds.utils.db.TableConfig	hadoop-hdds/framework/src/main/java/org/apache/hadoop/hdds/utils/db/TableConfig.java	123	50~
org.apache.hadoop.hdds.utils.db.RDBMetrics	hadoop-hdds/framework/src/main/java/org/apache/hadoop/hdds/utils/db/RDBMetrics.java	132	75~
org.apache.hadoop.hdds.utils.db.RDBStoreByteArrayIterator	hadoop-hdds/framework/src/main/java/org/apache/hadoop/hdds/utils/db/RDBStoreByteArrayIterator.java	82	50~
org.apache.hadoop.hdds.utils.db.DBColumnFamilyDefinition	hadoop-hdds/framework/src/main/java/org/apache/hadoop/hdds/utils/db/DBColumnFamilyDefinition.java	115	75~
org.apache.hadoop.hdds.utils.db.TypedTable	hadoop-hdds/framework/src/main/java/org/apache/hadoop/hdds/utils/db/TypedTable.java	643	425~
org.apache.hadoop.hdds.utils.db.AutoCloseSupplier	hadoop-hdds/framework/src/main/java/org/apache/hadoop/hdds/utils/db/AutoCloseSupplier.java	29	25~
org.apache.hadoop.hdds.utils.db.RDBSstFileLoader	hadoop-hdds/framework/src/main/java/org/apache/hadoop/hdds/utils/db/RDBSstFileLoader.java	44	25~
org.apache.hadoop.hdds.utils.db.DBStore	hadoop-hdds/framework/src/main/java/org/apache/hadoop/hdds/utils/db/DBStore.java	173	25~
org.apache.hadoop.hdds.utils.db.RDBCheckpointUtils	hadoop-hdds/framework/src/main/java/org/apache/hadoop/hdds/utils/db/RDBCheckpointUtils.java	65	25~
org.apache.hadoop.hdds.utils.db.RocksDBConfiguration	hadoop-hdds/framework/src/main/java/org/apache/hadoop/hdds/utils/db/RocksDBConfiguration.java	142	100~
org.apache.hadoop.hdds.utils.db.RDBCheckpointManager	hadoop-hdds/framework/src/main/java/org/apache/hadoop/hdds/utils/db/RDBCheckpointManager.java	122	50~
org.apache.hadoop.hdds.utils.db.InodeMetadataRocksDBCheckpoint	hadoop-hdds/framework/src/main/java/org/apache/hadoop/hdds/utils/db/InodeMetadataRocksDBCheckpoint.java	199	100~
org.apache.hadoop.hdds.utils.db.RDBStore	hadoop-hdds/framework/src/main/java/org/apache/hadoop/hdds/utils/db/RDBStore.java	491	350~
org.apache.hadoop.hdds.utils.db.DBDefinition	hadoop-hdds/framework/src/main/java/org/apache/hadoop/hdds/utils/db/DBDefinition.java	147	75~
org.apache.hadoop.hdds.utils.db.CodecRegistry	hadoop-hdds/framework/src/main/java/org/apache/hadoop/hdds/utils/db/CodecRegistry.java	171	75~
org.apache.hadoop.hdds.utils.db.RocksDBCheckpoint	hadoop-hdds/framework/src/main/java/org/apache/hadoop/hdds/utils/db/RocksDBCheckpoint.java	81	50~
org.apache.hadoop.hdds.utils.db.RocksDatabase	hadoop-hdds/framework/src/main/java/org/apache/hadoop/hdds/utils/db/RocksDatabase.java	933	675~
org.apache.hadoop.hdds.utils.db.RDBStoreAbstractIterator	hadoop-hdds/framework/src/main/java/org/apache/hadoop/hdds/utils/db/RDBStoreAbstractIterator.java	174	100~
org.apache.hadoop.hdds.utils.DBStoreHAManager	hadoop-hdds/framework/src/main/java/org/apache/hadoop/hdds/utils/DBStoreHAManager.java	31	25~
org.apache.hadoop.hdds.utils.PrometheusMetricsSinkUtil	hadoop-hdds/framework/src/main/java/org/apache/hadoop/hdds/utils/PrometheusMetricsSinkUtil.java	164	50~
org.apache.hadoop.hdds.utils.HddsServerUtil	hadoop-hdds/framework/src/main/java/org/apache/hadoop/hdds/utils/HddsServerUtil.java	959	450~
org.apache.hadoop.hdds.utils.DecayRpcSchedulerUtil	hadoop-hdds/framework/src/main/java/org/apache/hadoop/hdds/utils/DecayRpcSchedulerUtil.java	119	50~
org.apache.hadoop.hdds.utils.BackgroundService	hadoop-hdds/framework/src/main/java/org/apache/hadoop/hdds/utils/BackgroundService.java	232	150~
org.apache.hadoop.hdds.utils.ProtocolMessageMetrics	hadoop-hdds/framework/src/main/java/org/apache/hadoop/hdds/utils/ProtocolMessageMetrics.java	125	75~
org.apache.hadoop.hdds.utils.DBCheckpointMetrics	hadoop-hdds/framework/src/main/java/org/apache/hadoop/hdds/utils/DBCheckpointMetrics.java	119	75~
org.apache.hadoop.hdds.utils.BackgroundTask	hadoop-hdds/framework/src/main/java/org/apache/hadoop/hdds/utils/BackgroundTask.java	33	25~
org.apache.hadoop.hdds.utils.DBCheckpointServlet	hadoop-hdds/framework/src/main/java/org/apache/hadoop/hdds/utils/DBCheckpointServlet.java	413	275~
org.apache.hadoop.hdds.utils.SignalLogger	hadoop-hdds/framework/src/main/java/org/apache/hadoop/hdds/utils/SignalLogger.java	102	50~
org.apache.hadoop.hdds.utils.Archiver	hadoop-hdds/framework/src/main/java/org/apache/hadoop/hdds/utils/Archiver.java	299	200~
org.apache.hadoop.hdds.utils.HttpServletUtils	hadoop-hdds/framework/src/main/java/org/apache/hadoop/hdds/utils/HttpServletUtils.java	211	100~
org.apache.hadoop.hdds.protocol.DiskBalancerProtocol	hadoop-hdds/framework/src/main/java/org/apache/hadoop/hdds/protocol/DiskBalancerProtocol.java	88	25~
org.apache.hadoop.hdds.protocol.ReconfigureProtocol	hadoop-hdds/framework/src/main/java/org/apache/hadoop/hdds/protocol/ReconfigureProtocol.java	61	25~
org.apache.hadoop.hdds.protocol.SecretKeyProtocolDatanode	hadoop-hdds/framework/src/main/java/org/apache/hadoop/hdds/protocol/SecretKeyProtocolDatanode.java	35	25~
org.apache.hadoop.hdds.protocol.SecretKeyProtocolOm	hadoop-hdds/framework/src/main/java/org/apache/hadoop/hdds/protocol/SecretKeyProtocolOm.java	33	25~
org.apache.hadoop.hdds.protocol.SecretKeyProtocolScm	hadoop-hdds/framework/src/main/java/org/apache/hadoop/hdds/protocol/SecretKeyProtocolScm.java	42	25~
org.apache.hadoop.hdds.protocol.SCMSecurityProtocol	hadoop-hdds/framework/src/main/java/org/apache/hadoop/hdds/protocol/SCMSecurityProtocol.java	170	25~
org.apache.hadoop.hdds.protocol.SecretKeyProtocol	hadoop-hdds/framework/src/main/java/org/apache/hadoop/hdds/protocol/SecretKeyProtocol.java	55	25~
org.apache.hadoop.hdds.ExitManager	hadoop-hdds/framework/src/main/java/org/apache/hadoop/hdds/ExitManager.java	47	25~
org.apache.hadoop.hdds.scm.net.NodeSchemaManager	hadoop-hdds/framework/src/main/java/org/apache/hadoop/hdds/scm/net/NodeSchemaManager.java	153	100~
org.apache.hadoop.hdds.scm.net.NetworkTopologyImpl	hadoop-hdds/framework/src/main/java/org/apache/hadoop/hdds/scm/net/NetworkTopologyImpl.java	947	600~
org.apache.hadoop.hdds.scm.net.InnerNodeImpl	hadoop-hdds/framework/src/main/java/org/apache/hadoop/hdds/scm/net/InnerNodeImpl.java	691	425~
org.apache.hadoop.hdds.scm.net.NodeSchemaLoader	hadoop-hdds/framework/src/main/java/org/apache/hadoop/hdds/scm/net/NodeSchemaLoader.java	491	350~
org.apache.hadoop.hdds.scm.protocolPB.ScmBlockLocationProtocolClientSideTranslatorPB	hadoop-hdds/framework/src/main/java/org/apache/hadoop/hdds/scm/protocolPB/ScmBlockLocationProtocolClientSideTranslatorPB.java	431	250~
org.apache.hadoop.hdds.scm.protocolPB.StorageContainerLocationProtocolPB	hadoop-hdds/framework/src/main/java/org/apache/hadoop/hdds/scm/protocolPB/StorageContainerLocationProtocolPB.java	38	25~
org.apache.hadoop.hdds.scm.protocolPB.StorageContainerLocationProtocolClientSideTranslatorPB	hadoop-hdds/framework/src/main/java/org/apache/hadoop/hdds/scm/protocolPB/StorageContainerLocationProtocolClientSideTranslatorPB.java	1364	925~
org.apache.hadoop.hdds.scm.protocolPB.ScmBlockLocationProtocolPB	hadoop-hdds/framework/src/main/java/org/apache/hadoop/hdds/scm/protocolPB/ScmBlockLocationProtocolPB.java	38	25~
org.apache.hadoop.hdds.scm.proxy.SingleSecretKeyProtocolProxyProvider	hadoop-hdds/framework/src/main/java/org/apache/hadoop/hdds/scm/proxy/SingleSecretKeyProtocolProxyProvider.java	68	25~
org.apache.hadoop.hdds.scm.proxy.SCMSecurityProtocolFailoverProxyProvider	hadoop-hdds/framework/src/main/java/org/apache/hadoop/hdds/scm/proxy/SCMSecurityProtocolFailoverProxyProvider.java	52	25~
org.apache.hadoop.hdds.scm.proxy.SCMContainerLocationFailoverProxyProvider	hadoop-hdds/framework/src/main/java/org/apache/hadoop/hdds/scm/proxy/SCMContainerLocationFailoverProxyProvider.java	54	25~
org.apache.hadoop.hdds.scm.proxy.SCMProxyInfo	hadoop-hdds/framework/src/main/java/org/apache/hadoop/hdds/scm/proxy/SCMProxyInfo.java	86	50~
org.apache.hadoop.hdds.scm.proxy.SCMFailoverProxyProviderBase	hadoop-hdds/framework/src/main/java/org/apache/hadoop/hdds/scm/proxy/SCMFailoverProxyProviderBase.java	518	325~
org.apache.hadoop.hdds.scm.proxy.SCMBlockLocationFailoverProxyProvider	hadoop-hdds/framework/src/main/java/org/apache/hadoop/hdds/scm/proxy/SCMBlockLocationFailoverProxyProvider.java	48	25~
org.apache.hadoop.hdds.scm.proxy.SecretKeyProtocolFailoverProxyProvider	hadoop-hdds/framework/src/main/java/org/apache/hadoop/hdds/scm/proxy/SecretKeyProtocolFailoverProxyProvider.java	53	25~
org.apache.hadoop.hdds.scm.proxy.SCMClientConfig	hadoop-hdds/framework/src/main/java/org/apache/hadoop/hdds/scm/proxy/SCMClientConfig.java	118	75~
org.apache.hadoop.hdds.scm.protocol.ScmBlockLocationProtocol	hadoop-hdds/framework/src/main/java/org/apache/hadoop/hdds/scm/protocol/ScmBlockLocationProtocol.java	148	25~
org.apache.hadoop.hdds.scm.protocol.StorageContainerLocationProtocol	hadoop-hdds/framework/src/main/java/org/apache/hadoop/hdds/scm/protocol/StorageContainerLocationProtocol.java	557	125~
org.apache.hadoop.hdds.scm.container.common.helpers.DeletedBlocksTransactionInfoWrapper	hadoop-hdds/framework/src/main/java/org/apache/hadoop/hdds/scm/container/common/helpers/DeletedBlocksTransactionInfoWrapper.java	114	75~
org.apache.hadoop.hdds.scm.container.common.helpers.DeleteBlockResult	hadoop-hdds/framework/src/main/java/org/apache/hadoop/hdds/scm/container/common/helpers/DeleteBlockResult.java	52	25~
org.apache.hadoop.hdds.scm.container.common.helpers.MoveDataNodePair	hadoop-hdds/framework/src/main/java/org/apache/hadoop/hdds/scm/container/common/helpers/MoveDataNodePair.java	83	25~
org.apache.hadoop.hdds.scm.ha.SCMHandler	hadoop-hdds/framework/src/main/java/org/apache/hadoop/hdds/scm/ha/SCMHandler.java	32	25~
org.apache.hadoop.hdds.scm.ha.SCMHAUtils	hadoop-hdds/framework/src/main/java/org/apache/hadoop/hdds/scm/ha/SCMHAUtils.java	257	150~
org.apache.hadoop.hdds.scm.ha.SequenceIdType	hadoop-hdds/framework/src/main/java/org/apache/hadoop/hdds/scm/ha/SequenceIdType.java	143	75~
org.apache.hadoop.hdds.scm.client.ScmTopologyClient	hadoop-hdds/framework/src/main/java/org/apache/hadoop/hdds/scm/client/ScmTopologyClient.java	133	75~
org.apache.hadoop.hdds.scm.client.ScmClient	hadoop-hdds/framework/src/main/java/org/apache/hadoop/hdds/scm/client/ScmClient.java	497	100~
org.apache.hadoop.hdds.scm.metadata.SCMDBTransactionBufferImpl	hadoop-hdds/framework/src/main/java/org/apache/hadoop/hdds/scm/metadata/SCMDBTransactionBufferImpl.java	49	25~
org.apache.hadoop.hdds.scm.metadata.DBTransactionBuffer	hadoop-hdds/framework/src/main/java/org/apache/hadoop/hdds/scm/metadata/DBTransactionBuffer.java	36	25~
org.apache.hadoop.hdds.scm.metadata.SCMMetadataStore	hadoop-hdds/framework/src/main/java/org/apache/hadoop/hdds/scm/metadata/SCMMetadataStore.java	120	25~
org.apache.hadoop.hdds.scm.metadata.Replicate	hadoop-hdds/framework/src/main/java/org/apache/hadoop/hdds/scm/metadata/Replicate.java	51	25~
org.apache.hadoop.hdds.fs.DU	hadoop-hdds/framework/src/main/java/org/apache/hadoop/hdds/fs/DU.java	155	100~
org.apache.hadoop.hdds.fs.SaveSpaceUsageToFile	hadoop-hdds/framework/src/main/java/org/apache/hadoop/hdds/fs/SaveSpaceUsageToFile.java	127	50~
org.apache.hadoop.hdds.fs.DUOptimized	hadoop-hdds/framework/src/main/java/org/apache/hadoop/hdds/fs/DUOptimized.java	66	25~
org.apache.hadoop.hdds.fs.CachingSpaceUsageSource	hadoop-hdds/framework/src/main/java/org/apache/hadoop/hdds/fs/CachingSpaceUsageSource.java	272	200~
org.apache.hadoop.hdds.fs.DUOptimizedFactory	hadoop-hdds/framework/src/main/java/org/apache/hadoop/hdds/fs/DUOptimizedFactory.java	58	25~
org.apache.hadoop.hdds.fs.SpaceUsageCheckFactory	hadoop-hdds/framework/src/main/java/org/apache/hadoop/hdds/fs/SpaceUsageCheckFactory.java	156	75~
org.apache.hadoop.hdds.fs.AbstractSpaceUsageSource	hadoop-hdds/framework/src/main/java/org/apache/hadoop/hdds/fs/AbstractSpaceUsageSource.java	91	50~
org.apache.hadoop.hdds.fs.DedicatedDiskSpaceUsage	hadoop-hdds/framework/src/main/java/org/apache/hadoop/hdds/fs/DedicatedDiskSpaceUsage.java	57	25~
org.apache.hadoop.hdds.fs.DUFactory	hadoop-hdds/framework/src/main/java/org/apache/hadoop/hdds/fs/DUFactory.java	80	25~
org.apache.hadoop.hdds.fs.DedicatedDiskSpaceUsageFactory	hadoop-hdds/framework/src/main/java/org/apache/hadoop/hdds/fs/DedicatedDiskSpaceUsageFactory.java	81	25~
org.apache.hadoop.hdds.fs.SpaceUsagePersistence	hadoop-hdds/framework/src/main/java/org/apache/hadoop/hdds/fs/SpaceUsagePersistence.java	62	25~
org.apache.hadoop.hdds.fs.SpaceUsageCheckParams	hadoop-hdds/framework/src/main/java/org/apache/hadoop/hdds/fs/SpaceUsageCheckParams.java	100	50~
org.apache.hadoop.hdds.conf.ReconfigurableBase	hadoop-hdds/framework/src/main/java/org/apache/hadoop/hdds/conf/ReconfigurableBase.java	202	150~
org.apache.hadoop.hdds.conf.DatanodeRatisServerConfig	hadoop-hdds/framework/src/main/java/org/apache/hadoop/hdds/conf/DatanodeRatisServerConfig.java	214	150~
org.apache.hadoop.hdds.conf.DatanodeRatisGrpcConfig	hadoop-hdds/framework/src/main/java/org/apache/hadoop/hdds/conf/DatanodeRatisGrpcConfig.java	53	25~
org.apache.hadoop.hdds.conf.TracingReconfigurationCallback	hadoop-hdds/framework/src/main/java/org/apache/hadoop/hdds/conf/TracingReconfigurationCallback.java	58	25~
org.apache.hadoop.hdds.conf.ReconfigurationChangeCallback	hadoop-hdds/framework/src/main/java/org/apache/hadoop/hdds/conf/ReconfigurationChangeCallback.java	29	25~
org.apache.hadoop.hdds.conf.HddsConfServlet	hadoop-hdds/framework/src/main/java/org/apache/hadoop/hdds/conf/HddsConfServlet.java	238	150~
org.apache.hadoop.hdds.conf.ReconfigurationHandler	hadoop-hdds/framework/src/main/java/org/apache/hadoop/hdds/conf/ReconfigurationHandler.java	196	125~
org.apache.hadoop.hdds.conf.PostConstruct	hadoop-hdds/config/src/main/java/org/apache/hadoop/hdds/conf/PostConstruct.java	32	25~
org.apache.hadoop.hdds.conf.StorageSize	hadoop-hdds/config/src/main/java/org/apache/hadoop/hdds/conf/StorageSize.java	113	75~
org.apache.hadoop.hdds.conf.ConfigurationException	hadoop-hdds/config/src/main/java/org/apache/hadoop/hdds/conf/ConfigurationException.java	34	25~
org.apache.hadoop.hdds.conf.ConfigType	hadoop-hdds/config/src/main/java/org/apache/hadoop/hdds/conf/ConfigType.java	190	150~
org.apache.hadoop.hdds.conf.StorageUnit	hadoop-hdds/config/src/main/java/org/apache/hadoop/hdds/conf/StorageUnit.java	530	400~
org.apache.hadoop.hdds.conf.ConfigTag	hadoop-hdds/config/src/main/java/org/apache/hadoop/hdds/conf/ConfigTag.java	58	25~
org.apache.hadoop.hdds.conf.TimeDurationUtil	hadoop-hdds/config/src/main/java/org/apache/hadoop/hdds/conf/TimeDurationUtil.java	210	150~
org.apache.hadoop.hdds.conf.ConfigGroup	hadoop-hdds/config/src/main/java/org/apache/hadoop/hdds/conf/ConfigGroup.java	32	25~
org.apache.hadoop.hdds.conf.ConfigurationSource	hadoop-hdds/config/src/main/java/org/apache/hadoop/hdds/conf/ConfigurationSource.java	333	175~
org.apache.hadoop.hdds.conf.ReconfigurableConfig	hadoop-hdds/config/src/main/java/org/apache/hadoop/hdds/conf/ReconfigurableConfig.java	43	25~
org.apache.hadoop.hdds.conf.ConfigurationTarget	hadoop-hdds/config/src/main/java/org/apache/hadoop/hdds/conf/ConfigurationTarget.java	66	25~
org.apache.hadoop.hdds.conf.ConfigFileGenerator	hadoop-hdds/config/src/main/java/org/apache/hadoop/hdds/conf/ConfigFileGenerator.java	138	75~
org.apache.hadoop.hdds.conf.ConfigurationReflectionUtil	hadoop-hdds/config/src/main/java/org/apache/hadoop/hdds/conf/ConfigurationReflectionUtil.java	290	225~
org.apache.hadoop.hdds.conf.ConfigFileAppender	hadoop-hdds/config/src/main/java/org/apache/hadoop/hdds/conf/ConfigFileAppender.java	129	50~
org.apache.hadoop.hdds.conf.Config	hadoop-hdds/config/src/main/java/org/apache/hadoop/hdds/conf/Config.java	69	25~
org.apache.hadoop.hdds.conf.MutableConfigurationSource	hadoop-hdds/config/src/main/java/org/apache/hadoop/hdds/conf/MutableConfigurationSource.java	25	25~
org.apache.hadoop.hdds.cli.DebugSubcommand	hadoop-hdds/cli-common/src/main/java/org/apache/hadoop/hdds/cli/DebugSubcommand.java	23	25~
org.apache.hadoop.hdds.cli.AbstractSubcommand	hadoop-hdds/cli-common/src/main/java/org/apache/hadoop/hdds/cli/AbstractSubcommand.java	104	50~
org.apache.hadoop.hdds.cli.AdminSubcommand	hadoop-hdds/cli-common/src/main/java/org/apache/hadoop/hdds/cli/AdminSubcommand.java	23	25~
org.apache.hadoop.hdds.cli.GenericParentCommand	hadoop-hdds/cli-common/src/main/java/org/apache/hadoop/hdds/cli/GenericParentCommand.java	38	25~
org.apache.hadoop.hdds.cli.DeprecatedCliOption	hadoop-hdds/cli-common/src/main/java/org/apache/hadoop/hdds/cli/DeprecatedCliOption.java	111	75~
org.apache.hadoop.hdds.cli.GenericCli	hadoop-hdds/cli-common/src/main/java/org/apache/hadoop/hdds/cli/GenericCli.java	167	100~
org.apache.hadoop.hdds.cli.RepairSubcommand	hadoop-hdds/cli-common/src/main/java/org/apache/hadoop/hdds/cli/RepairSubcommand.java	23	25~
org.apache.hadoop.hdds.cli.ItemsFromStdin	hadoop-hdds/cli-common/src/main/java/org/apache/hadoop/hdds/cli/ItemsFromStdin.java	75	25~
org.apache.hadoop.hdds.cli.HddsVersionProvider	hadoop-hdds/cli-common/src/main/java/org/apache/hadoop/hdds/cli/HddsVersionProvider.java	33	25~
org.apache.hadoop.hdds.cli.AbstractMixin	hadoop-hdds/cli-common/src/main/java/org/apache/hadoop/hdds/cli/AbstractMixin.java	44	25~
org.apache.hadoop.hdds.cli.ExtensibleParentCommand	hadoop-hdds/cli-common/src/main/java/org/apache/hadoop/hdds/cli/ExtensibleParentCommand.java	59	25~
org.apache.hadoop.hdds.utils.db.managed.ManagedSstFileReaderIterator	hadoop-hdds/managed-rocksdb/src/main/java/org/apache/hadoop/hdds/utils/db/managed/ManagedSstFileReaderIterator.java	36	25~
org.apache.hadoop.hdds.utils.db.managed.ManagedCompactRangeOptions	hadoop-hdds/managed-rocksdb/src/main/java/org/apache/hadoop/hdds/utils/db/managed/ManagedCompactRangeOptions.java	39	25~
org.apache.hadoop.hdds.utils.db.managed.ManagedReadOptions	hadoop-hdds/managed-rocksdb/src/main/java/org/apache/hadoop/hdds/utils/db/managed/ManagedReadOptions.java	39	25~
org.apache.hadoop.hdds.utils.db.managed.ManagedDBOptions	hadoop-hdds/managed-rocksdb/src/main/java/org/apache/hadoop/hdds/utils/db/managed/ManagedDBOptions.java	63	25~
org.apache.hadoop.hdds.utils.db.managed.ManagedFlushOptions	hadoop-hdds/managed-rocksdb/src/main/java/org/apache/hadoop/hdds/utils/db/managed/ManagedFlushOptions.java	39	25~
org.apache.hadoop.hdds.utils.db.managed.ManagedTransactionLogIterator	hadoop-hdds/managed-rocksdb/src/main/java/org/apache/hadoop/hdds/utils/db/managed/ManagedTransactionLogIterator.java	35	25~
org.apache.hadoop.hdds.utils.db.managed.ManagedRocksIterator	hadoop-hdds/managed-rocksdb/src/main/java/org/apache/hadoop/hdds/utils/db/managed/ManagedRocksIterator.java	63	25~
org.apache.hadoop.hdds.utils.db.managed.ManagedCheckpoint	hadoop-hdds/managed-rocksdb/src/main/java/org/apache/hadoop/hdds/utils/db/managed/ManagedCheckpoint.java	33	25~
org.apache.hadoop.hdds.utils.db.managed.ManagedDirectSlice	hadoop-hdds/managed-rocksdb/src/main/java/org/apache/hadoop/hdds/utils/db/managed/ManagedDirectSlice.java	56	25~
org.apache.hadoop.hdds.utils.db.managed.ManagedLogger	hadoop-hdds/managed-rocksdb/src/main/java/org/apache/hadoop/hdds/utils/db/managed/ManagedLogger.java	51	25~
org.apache.hadoop.hdds.utils.db.managed.ManagedBlockBasedTableConfig	hadoop-hdds/managed-rocksdb/src/main/java/org/apache/hadoop/hdds/utils/db/managed/ManagedBlockBasedTableConfig.java	80	25~
org.apache.hadoop.hdds.utils.db.managed.JniLibNamePropertyWriter	hadoop-hdds/managed-rocksdb/src/main/java/org/apache/hadoop/hdds/utils/db/managed/JniLibNamePropertyWriter.java	46	25~
org.apache.hadoop.hdds.utils.db.managed.ManagedStatistics	hadoop-hdds/managed-rocksdb/src/main/java/org/apache/hadoop/hdds/utils/db/managed/ManagedStatistics.java	39	25~
org.apache.hadoop.hdds.utils.db.managed.ManagedWriteBatch	hadoop-hdds/managed-rocksdb/src/main/java/org/apache/hadoop/hdds/utils/db/managed/ManagedWriteBatch.java	46	25~
org.apache.hadoop.hdds.utils.db.managed.ManagedIngestExternalFileOptions	hadoop-hdds/managed-rocksdb/src/main/java/org/apache/hadoop/hdds/utils/db/managed/ManagedIngestExternalFileOptions.java	39	25~
org.apache.hadoop.hdds.utils.db.managed.ManagedBloomFilter	hadoop-hdds/managed-rocksdb/src/main/java/org/apache/hadoop/hdds/utils/db/managed/ManagedBloomFilter.java	53	25~
org.apache.hadoop.hdds.utils.db.managed.ManagedObject	hadoop-hdds/managed-rocksdb/src/main/java/org/apache/hadoop/hdds/utils/db/managed/ManagedObject.java	49	25~
org.apache.hadoop.hdds.utils.db.managed.ManagedLRUCache	hadoop-hdds/managed-rocksdb/src/main/java/org/apache/hadoop/hdds/utils/db/managed/ManagedLRUCache.java	43	25~
org.apache.hadoop.hdds.utils.db.managed.ManagedRocksDB	hadoop-hdds/managed-rocksdb/src/main/java/org/apache/hadoop/hdds/utils/db/managed/ManagedRocksDB.java	236	100~
org.apache.hadoop.hdds.utils.db.managed.ManagedSlice	hadoop-hdds/managed-rocksdb/src/main/java/org/apache/hadoop/hdds/utils/db/managed/ManagedSlice.java	50	25~
org.apache.hadoop.hdds.utils.db.managed.ManagedRocksObjectUtils	hadoop-hdds/managed-rocksdb/src/main/java/org/apache/hadoop/hdds/utils/db/managed/ManagedRocksObjectUtils.java	99	50~
org.apache.hadoop.hdds.utils.db.managed.ManagedConfigOptions	hadoop-hdds/managed-rocksdb/src/main/java/org/apache/hadoop/hdds/utils/db/managed/ManagedConfigOptions.java	40	25~
org.apache.hadoop.hdds.utils.db.managed.ManagedSstFileWriter	hadoop-hdds/managed-rocksdb/src/main/java/org/apache/hadoop/hdds/utils/db/managed/ManagedSstFileWriter.java	46	25~
org.apache.hadoop.hdds.utils.db.managed.ManagedEnvOptions	hadoop-hdds/managed-rocksdb/src/main/java/org/apache/hadoop/hdds/utils/db/managed/ManagedEnvOptions.java	39	25~
org.apache.hadoop.hdds.utils.db.managed.ManagedRocksObjectMetrics	hadoop-hdds/managed-rocksdb/src/main/java/org/apache/hadoop/hdds/utils/db/managed/ManagedRocksObjectMetrics.java	77	50~
org.apache.hadoop.hdds.utils.db.managed.ManagedColumnFamilyOptions	hadoop-hdds/managed-rocksdb/src/main/java/org/apache/hadoop/hdds/utils/db/managed/ManagedColumnFamilyOptions.java	104	50~
org.apache.hadoop.hdds.utils.db.managed.ManagedOptions	hadoop-hdds/managed-rocksdb/src/main/java/org/apache/hadoop/hdds/utils/db/managed/ManagedOptions.java	39	25~
org.apache.hadoop.hdds.utils.db.managed.ManagedWriteOptions	hadoop-hdds/managed-rocksdb/src/main/java/org/apache/hadoop/hdds/utils/db/managed/ManagedWriteOptions.java	39	25~
org.apache.hadoop.hdds.utils.db.managed.ManagedSstFileReader	hadoop-hdds/managed-rocksdb/src/main/java/org/apache/hadoop/hdds/utils/db/managed/ManagedSstFileReader.java	45	25~
org.apache.hadoop.hdds.utils.db.RocksDatabaseException	hadoop-hdds/managed-rocksdb/src/main/java/org/apache/hadoop/hdds/utils/db/RocksDatabaseException.java	47	25~
org.apache.hadoop.ozone.protocol.commands.RetriableDatanodeEventWatcher	hadoop-hdds/server-scm/src/main/java/org/apache/hadoop/ozone/protocol/commands/RetriableDatanodeEventWatcher.java	58	25~
org.apache.hadoop.ozone.audit.SCMAction	hadoop-hdds/server-scm/src/main/java/org/apache/hadoop/ozone/audit/SCMAction.java	81	50~
org.apache.hadoop.hdds.scm.pipeline.RatisPipelineProvider	hadoop-hdds/server-scm/src/main/java/org/apache/hadoop/hdds/scm/pipeline/RatisPipelineProvider.java	286	200~
org.apache.hadoop.hdds.scm.pipeline.WritableContainerFactory	hadoop-hdds/server-scm/src/main/java/org/apache/hadoop/hdds/scm/pipeline/WritableContainerFactory.java	87	50~
org.apache.hadoop.hdds.scm.pipeline.PipelinePlacementPolicyFactory	hadoop-hdds/server-scm/src/main/java/org/apache/hadoop/hdds/scm/pipeline/PipelinePlacementPolicyFactory.java	51	25~
org.apache.hadoop.hdds.scm.pipeline.RatisPipelineUtils	hadoop-hdds/server-scm/src/main/java/org/apache/hadoop/hdds/scm/pipeline/RatisPipelineUtils.java	51	25~
org.apache.hadoop.hdds.scm.pipeline.choose.algorithms.PipelineChoosePolicyFactory	hadoop-hdds/server-scm/src/main/java/org/apache/hadoop/hdds/scm/pipeline/choose/algorithms/PipelineChoosePolicyFactory.java	109	75~
org.apache.hadoop.hdds.scm.pipeline.choose.algorithms.HealthyPipelineChoosePolicy	hadoop-hdds/server-scm/src/main/java/org/apache/hadoop/hdds/scm/pipeline/choose/algorithms/HealthyPipelineChoosePolicy.java	57	25~
org.apache.hadoop.hdds.scm.pipeline.choose.algorithms.RoundRobinPipelineChoosePolicy	hadoop-hdds/server-scm/src/main/java/org/apache/hadoop/hdds/scm/pipeline/choose/algorithms/RoundRobinPipelineChoosePolicy.java	62	25~
org.apache.hadoop.hdds.scm.pipeline.choose.algorithms.CapacityPipelineChoosePolicy	hadoop-hdds/server-scm/src/main/java/org/apache/hadoop/hdds/scm/pipeline/choose/algorithms/CapacityPipelineChoosePolicy.java	136	75~
org.apache.hadoop.hdds.scm.pipeline.choose.algorithms.RandomPipelineChoosePolicy	hadoop-hdds/server-scm/src/main/java/org/apache/hadoop/hdds/scm/pipeline/choose/algorithms/RandomPipelineChoosePolicy.java	55	25~
org.apache.hadoop.hdds.scm.pipeline.PipelineManager	hadoop-hdds/server-scm/src/main/java/org/apache/hadoop/hdds/scm/pipeline/PipelineManager.java	232	75~
org.apache.hadoop.hdds.scm.pipeline.PipelineStateMap	hadoop-hdds/server-scm/src/main/java/org/apache/hadoop/hdds/scm/pipeline/PipelineStateMap.java	455	250~
org.apache.hadoop.hdds.scm.pipeline.SimplePipelineProvider	hadoop-hdds/server-scm/src/main/java/org/apache/hadoop/hdds/scm/pipeline/SimplePipelineProvider.java	97	50~
org.apache.hadoop.hdds.scm.pipeline.WritableECContainerProvider	hadoop-hdds/server-scm/src/main/java/org/apache/hadoop/hdds/scm/pipeline/WritableECContainerProvider.java	332	225~
org.apache.hadoop.hdds.scm.pipeline.PipelineActionHandler	hadoop-hdds/server-scm/src/main/java/org/apache/hadoop/hdds/scm/pipeline/PipelineActionHandler.java	128	75~
org.apache.hadoop.hdds.scm.pipeline.PipelineFactory	hadoop-hdds/server-scm/src/main/java/org/apache/hadoop/hdds/scm/pipeline/PipelineFactory.java	135	75~
org.apache.hadoop.hdds.scm.pipeline.WritableRatisContainerProvider	hadoop-hdds/server-scm/src/main/java/org/apache/hadoop/hdds/scm/pipeline/WritableRatisContainerProvider.java	197	100~
org.apache.hadoop.hdds.scm.pipeline.PipelineProvider	hadoop-hdds/server-scm/src/main/java/org/apache/hadoop/hdds/scm/pipeline/PipelineProvider.java	150	100~
org.apache.hadoop.hdds.scm.pipeline.ECPipelineProvider	hadoop-hdds/server-scm/src/main/java/org/apache/hadoop/hdds/scm/pipeline/ECPipelineProvider.java	148	75~
org.apache.hadoop.hdds.scm.pipeline.leader.choose.algorithms.LeaderChoosePolicyFactory	hadoop-hdds/server-scm/src/main/java/org/apache/hadoop/hdds/scm/pipeline/leader/choose/algorithms/LeaderChoosePolicyFactory.java	73	25~
org.apache.hadoop.hdds.scm.pipeline.leader.choose.algorithms.LeaderChoosePolicy	hadoop-hdds/server-scm/src/main/java/org/apache/hadoop/hdds/scm/pipeline/leader/choose/algorithms/LeaderChoosePolicy.java	54	25~
org.apache.hadoop.hdds.scm.pipeline.leader.choose.algorithms.DefaultLeaderChoosePolicy	hadoop-hdds/server-scm/src/main/java/org/apache/hadoop/hdds/scm/pipeline/leader/choose/algorithms/DefaultLeaderChoosePolicy.java	41	25~
org.apache.hadoop.hdds.scm.pipeline.leader.choose.algorithms.MinLeaderCountChoosePolicy	hadoop-hdds/server-scm/src/main/java/org/apache/hadoop/hdds/scm/pipeline/leader/choose/algorithms/MinLeaderCountChoosePolicy.java	90	50~
org.apache.hadoop.hdds.scm.pipeline.PipelinePlacementPolicy	hadoop-hdds/server-scm/src/main/java/org/apache/hadoop/hdds/scm/pipeline/PipelinePlacementPolicy.java	579	375~
org.apache.hadoop.hdds.scm.pipeline.SortedList	hadoop-hdds/server-scm/src/main/java/org/apache/hadoop/hdds/scm/pipeline/SortedList.java	270	200~
org.apache.hadoop.hdds.scm.pipeline.InsufficientDatanodesException	hadoop-hdds/server-scm/src/main/java/org/apache/hadoop/hdds/scm/pipeline/InsufficientDatanodesException.java	61	25~
org.apache.hadoop.hdds.scm.pipeline.PipelineStateManagerImpl	hadoop-hdds/server-scm/src/main/java/org/apache/hadoop/hdds/scm/pipeline/PipelineStateManagerImpl.java	370	275~
org.apache.hadoop.hdds.scm.pipeline.SCMPipelineMetrics	hadoop-hdds/server-scm/src/main/java/org/apache/hadoop/hdds/scm/pipeline/SCMPipelineMetrics.java	199	100~
org.apache.hadoop.hdds.scm.pipeline.PipelineReportHandler	hadoop-hdds/server-scm/src/main/java/org/apache/hadoop/hdds/scm/pipeline/PipelineReportHandler.java	161	100~
org.apache.hadoop.hdds.scm.pipeline.PipelineManagerImpl	hadoop-hdds/server-scm/src/main/java/org/apache/hadoop/hdds/scm/pipeline/PipelineManagerImpl.java	1017	725~
org.apache.hadoop.hdds.scm.pipeline.PipelineStateManager	hadoop-hdds/server-scm/src/main/java/org/apache/hadoop/hdds/scm/pipeline/PipelineStateManager.java	118	50~
org.apache.hadoop.hdds.scm.pipeline.WritableContainerProvider	hadoop-hdds/server-scm/src/main/java/org/apache/hadoop/hdds/scm/pipeline/WritableContainerProvider.java	56	25~
org.apache.hadoop.hdds.scm.pipeline.PipelineManagerMXBean	hadoop-hdds/server-scm/src/main/java/org/apache/hadoop/hdds/scm/pipeline/PipelineManagerMXBean.java	37	25~
org.apache.hadoop.hdds.scm.pipeline.BackgroundPipelineCreator	hadoop-hdds/server-scm/src/main/java/org/apache/hadoop/hdds/scm/pipeline/BackgroundPipelineCreator.java	366	225~
org.apache.hadoop.hdds.scm.PlacementPolicyValidateProxy	hadoop-hdds/server-scm/src/main/java/org/apache/hadoop/hdds/scm/PlacementPolicyValidateProxy.java	50	25~
org.apache.hadoop.hdds.scm.safemode.SafeModeRuleFactory	hadoop-hdds/server-scm/src/main/java/org/apache/hadoop/hdds/scm/safemode/SafeModeRuleFactory.java	181	125~
org.apache.hadoop.hdds.scm.safemode.ECContainerSafeModeRule	hadoop-hdds/server-scm/src/main/java/org/apache/hadoop/hdds/scm/safemode/ECContainerSafeModeRule.java	70	25~
org.apache.hadoop.hdds.scm.safemode.SafeModeMetrics	hadoop-hdds/server-scm/src/main/java/org/apache/hadoop/hdds/scm/safemode/SafeModeMetrics.java	196	125~
org.apache.hadoop.hdds.scm.safemode.HealthyPipelineSafeModeRule	hadoop-hdds/server-scm/src/main/java/org/apache/hadoop/hdds/scm/safemode/HealthyPipelineSafeModeRule.java	362	250~
org.apache.hadoop.hdds.scm.safemode.ECMinDataNodeSafeModeRule	hadoop-hdds/server-scm/src/main/java/org/apache/hadoop/hdds/scm/safemode/ECMinDataNodeSafeModeRule.java	151	100~
org.apache.hadoop.hdds.scm.safemode.StateMachineReadyRule	hadoop-hdds/server-scm/src/main/java/org/apache/hadoop/hdds/scm/safemode/StateMachineReadyRule.java	68	25~
org.apache.hadoop.hdds.scm.safemode.SafeModeExitRule	hadoop-hdds/server-scm/src/main/java/org/apache/hadoop/hdds/scm/safemode/SafeModeExitRule.java	142	50~
org.apache.hadoop.hdds.scm.safemode.DataNodeSafeModeRule	hadoop-hdds/server-scm/src/main/java/org/apache/hadoop/hdds/scm/safemode/DataNodeSafeModeRule.java	109	50~
org.apache.hadoop.hdds.scm.safemode.AbstractContainerSafeModeRule	hadoop-hdds/server-scm/src/main/java/org/apache/hadoop/hdds/scm/safemode/AbstractContainerSafeModeRule.java	228	150~
org.apache.hadoop.hdds.scm.safemode.SCMSafeModeManager	hadoop-hdds/server-scm/src/main/java/org/apache/hadoop/hdds/scm/safemode/SCMSafeModeManager.java	443	275~
org.apache.hadoop.hdds.scm.safemode.SafeModeManager	hadoop-hdds/server-scm/src/main/java/org/apache/hadoop/hdds/scm/safemode/SafeModeManager.java	30	25~
org.apache.hadoop.hdds.scm.safemode.OneReplicaPipelineSafeModeRule	hadoop-hdds/server-scm/src/main/java/org/apache/hadoop/hdds/scm/safemode/OneReplicaPipelineSafeModeRule.java	229	150~
org.apache.hadoop.hdds.scm.safemode.RatisContainerSafeModeRule	hadoop-hdds/server-scm/src/main/java/org/apache/hadoop/hdds/scm/safemode/RatisContainerSafeModeRule.java	58	25~
org.apache.hadoop.hdds.scm.PipelineChoosePolicy	hadoop-hdds/server-scm/src/main/java/org/apache/hadoop/hdds/scm/PipelineChoosePolicy.java	58	25~
org.apache.hadoop.hdds.scm.ScmUtils	hadoop-hdds/server-scm/src/main/java/org/apache/hadoop/hdds/scm/ScmUtils.java	244	150~
org.apache.hadoop.hdds.scm.security.ScmSecretKeyStateBuilder	hadoop-hdds/server-scm/src/main/java/org/apache/hadoop/hdds/scm/security/ScmSecretKeyStateBuilder.java	50	25~
org.apache.hadoop.hdds.scm.security.RootCARotationMetrics	hadoop-hdds/server-scm/src/main/java/org/apache/hadoop/hdds/scm/security/RootCARotationMetrics.java	91	50~
org.apache.hadoop.hdds.scm.security.RootCARotationManager	hadoop-hdds/server-scm/src/main/java/org/apache/hadoop/hdds/scm/security/RootCARotationManager.java	821	575~
org.apache.hadoop.hdds.scm.security.RootCARotationHandler	hadoop-hdds/server-scm/src/main/java/org/apache/hadoop/hdds/scm/security/RootCARotationHandler.java	63	25~
org.apache.hadoop.hdds.scm.security.RootCARotationHandlerImpl	hadoop-hdds/server-scm/src/main/java/org/apache/hadoop/hdds/scm/security/RootCARotationHandlerImpl.java	234	150~
org.apache.hadoop.hdds.scm.security.SecretKeyManagerService	hadoop-hdds/server-scm/src/main/java/org/apache/hadoop/hdds/scm/security/SecretKeyManagerService.java	162	100~
org.apache.hadoop.hdds.scm.server.SCMContainerMetrics	hadoop-hdds/server-scm/src/main/java/org/apache/hadoop/hdds/scm/server/SCMContainerMetrics.java	96	50~
org.apache.hadoop.hdds.scm.server.SCMStorageConfig	hadoop-hdds/server-scm/src/main/java/org/apache/hadoop/hdds/scm/server/SCMStorageConfig.java	139	50~
org.apache.hadoop.hdds.scm.server.SCMMXBean	hadoop-hdds/server-scm/src/main/java/org/apache/hadoop/hdds/scm/server/SCMMXBean.java	87	25~
org.apache.hadoop.hdds.scm.server.upgrade.SCMUpgradeFinalizationContext	hadoop-hdds/server-scm/src/main/java/org/apache/hadoop/hdds/scm/server/upgrade/SCMUpgradeFinalizationContext.java	142	100~
org.apache.hadoop.hdds.scm.server.upgrade.FinalizationManager	hadoop-hdds/server-scm/src/main/java/org/apache/hadoop/hdds/scm/server/upgrade/FinalizationManager.java	68	25~
org.apache.hadoop.hdds.scm.server.upgrade.FinalizationStateManagerImpl	hadoop-hdds/server-scm/src/main/java/org/apache/hadoop/hdds/scm/server/upgrade/FinalizationStateManagerImpl.java	334	200~
org.apache.hadoop.hdds.scm.server.upgrade.ScmOnFinalizeActionForDatanodeSchemaV2	hadoop-hdds/server-scm/src/main/java/org/apache/hadoop/hdds/scm/server/upgrade/ScmOnFinalizeActionForDatanodeSchemaV2.java	42	25~
org.apache.hadoop.hdds.scm.server.upgrade.FinalizationCheckpoint	hadoop-hdds/server-scm/src/main/java/org/apache/hadoop/hdds/scm/server/upgrade/FinalizationCheckpoint.java	87	25~
org.apache.hadoop.hdds.scm.server.upgrade.FinalizationManagerImpl	hadoop-hdds/server-scm/src/main/java/org/apache/hadoop/hdds/scm/server/upgrade/FinalizationManagerImpl.java	235	150~
org.apache.hadoop.hdds.scm.server.upgrade.FinalizationStateManager	hadoop-hdds/server-scm/src/main/java/org/apache/hadoop/hdds/scm/server/upgrade/FinalizationStateManager.java	62	25~
org.apache.hadoop.hdds.scm.server.upgrade.SCMUpgradeFinalizer	hadoop-hdds/server-scm/src/main/java/org/apache/hadoop/hdds/scm/server/upgrade/SCMUpgradeFinalizer.java	204	100~
org.apache.hadoop.hdds.scm.server.SCMDatanodeProtocolServer	hadoop-hdds/server-scm/src/main/java/org/apache/hadoop/hdds/scm/server/SCMDatanodeProtocolServer.java	545	350~
org.apache.hadoop.hdds.scm.server.StorageContainerManagerStarter	hadoop-hdds/server-scm/src/main/java/org/apache/hadoop/hdds/scm/server/StorageContainerManagerStarter.java	194	100~
org.apache.hadoop.hdds.scm.server.SCMConfigurator	hadoop-hdds/server-scm/src/main/java/org/apache/hadoop/hdds/scm/server/SCMConfigurator.java	317	100~
org.apache.hadoop.hdds.scm.server.SCMHTTPServerConfig	hadoop-hdds/server-scm/src/main/java/org/apache/hadoop/hdds/scm/server/SCMHTTPServerConfig.java	84	50~
org.apache.hadoop.hdds.scm.server.StorageContainerManagerHttpServer	hadoop-hdds/server-scm/src/main/java/org/apache/hadoop/hdds/scm/server/StorageContainerManagerHttpServer.java	94	50~
org.apache.hadoop.hdds.scm.server.SCMStarterInterface	hadoop-hdds/server-scm/src/main/java/org/apache/hadoop/hdds/scm/server/SCMStarterInterface.java	39	25~
org.apache.hadoop.hdds.scm.server.SCMDBCheckpointServlet	hadoop-hdds/server-scm/src/main/java/org/apache/hadoop/hdds/scm/server/SCMDBCheckpointServlet.java	64	25~
org.apache.hadoop.hdds.scm.server.SCMCertStore	hadoop-hdds/server-scm/src/main/java/org/apache/hadoop/hdds/scm/server/SCMCertStore.java	221	125~
org.apache.hadoop.hdds.scm.server.SCMDatanodeHeartbeatDispatcher	hadoop-hdds/server-scm/src/main/java/org/apache/hadoop/hdds/scm/server/SCMDatanodeHeartbeatDispatcher.java	447	275~
org.apache.hadoop.hdds.scm.server.OzoneStorageContainerManager	hadoop-hdds/server-scm/src/main/java/org/apache/hadoop/hdds/scm/server/OzoneStorageContainerManager.java	71	25~
org.apache.hadoop.hdds.scm.server.StorageContainerManager	hadoop-hdds/server-scm/src/main/java/org/apache/hadoop/hdds/scm/server/StorageContainerManager.java	2378	1475~
org.apache.hadoop.hdds.scm.server.ContainerReportQueue	hadoop-hdds/server-scm/src/main/java/org/apache/hadoop/hdds/scm/server/ContainerReportQueue.java	386	275~
org.apache.hadoop.hdds.scm.server.SCMClientProtocolServer	hadoop-hdds/server-scm/src/main/java/org/apache/hadoop/hdds/scm/server/SCMClientProtocolServer.java	1736	1350~
org.apache.hadoop.hdds.scm.server.SCMSecurityProtocolServer	hadoop-hdds/server-scm/src/main/java/org/apache/hadoop/hdds/scm/server/SCMSecurityProtocolServer.java	536	350~
org.apache.hadoop.hdds.scm.server.SCMBlockProtocolServer	hadoop-hdds/server-scm/src/main/java/org/apache/hadoop/hdds/scm/server/SCMBlockProtocolServer.java	483	350~
org.apache.hadoop.hdds.scm.server.SCMPolicyProvider	hadoop-hdds/server-scm/src/main/java/org/apache/hadoop/hdds/scm/server/SCMPolicyProvider.java	100	50~
org.apache.hadoop.hdds.scm.protocol.StorageContainerLocationProtocolServerSideTranslatorPB	hadoop-hdds/server-scm/src/main/java/org/apache/hadoop/hdds/scm/protocol/StorageContainerLocationProtocolServerSideTranslatorPB.java	1458	1175~
org.apache.hadoop.hdds.scm.protocol.SecretKeyProtocolServerSideTranslatorPB	hadoop-hdds/server-scm/src/main/java/org/apache/hadoop/hdds/scm/protocol/SecretKeyProtocolServerSideTranslatorPB.java	179	100~
org.apache.hadoop.hdds.scm.protocol.SCMSecurityProtocolServerSideTranslatorPB	hadoop-hdds/server-scm/src/main/java/org/apache/hadoop/hdds/scm/protocol/SCMSecurityProtocolServerSideTranslatorPB.java	378	250~
org.apache.hadoop.hdds.scm.protocol.ScmBlockLocationProtocolServerSideTranslatorPB	hadoop-hdds/server-scm/src/main/java/org/apache/hadoop/hdds/scm/protocol/ScmBlockLocationProtocolServerSideTranslatorPB.java	293	200~
org.apache.hadoop.hdds.scm.container.reconciliation.ReconcileContainerEventHandler	hadoop-hdds/server-scm/src/main/java/org/apache/hadoop/hdds/scm/container/reconciliation/ReconcileContainerEventHandler.java	92	50~
org.apache.hadoop.hdds.scm.container.reconciliation.ReconciliationEligibilityHandler	hadoop-hdds/server-scm/src/main/java/org/apache/hadoop/hdds/scm/container/reconciliation/ReconciliationEligibilityHandler.java	139	75~
org.apache.hadoop.hdds.scm.container.metrics.SCMContainerManagerMetrics	hadoop-hdds/server-scm/src/main/java/org/apache/hadoop/hdds/scm/container/metrics/SCMContainerManagerMetrics.java	144	75~
org.apache.hadoop.hdds.scm.container.AbstractContainerReportHandler	hadoop-hdds/server-scm/src/main/java/org/apache/hadoop/hdds/scm/container/AbstractContainerReportHandler.java	462	300~
org.apache.hadoop.hdds.scm.container.ContainerReplica	hadoop-hdds/server-scm/src/main/java/org/apache/hadoop/hdds/scm/container/ContainerReplica.java	325	175~
org.apache.hadoop.hdds.scm.container.ContainerManagerImpl	hadoop-hdds/server-scm/src/main/java/org/apache/hadoop/hdds/scm/container/ContainerManagerImpl.java	469	350~
org.apache.hadoop.hdds.scm.container.ContainerStateManager	hadoop-hdds/server-scm/src/main/java/org/apache/hadoop/hdds/scm/container/ContainerStateManager.java	232	50~
org.apache.hadoop.hdds.scm.container.balancer.FindTargetGreedyByUsageInfo	hadoop-hdds/server-scm/src/main/java/org/apache/hadoop/hdds/scm/container/balancer/FindTargetGreedyByUsageInfo.java	78	25~
org.apache.hadoop.hdds.scm.container.balancer.ContainerBalancerTask	hadoop-hdds/server-scm/src/main/java/org/apache/hadoop/hdds/scm/container/balancer/ContainerBalancerTask.java	1345	900~
org.apache.hadoop.hdds.scm.container.balancer.IllegalContainerBalancerStateException	hadoop-hdds/server-scm/src/main/java/org/apache/hadoop/hdds/scm/container/balancer/IllegalContainerBalancerStateException.java	48	25~
org.apache.hadoop.hdds.scm.container.balancer.FindTargetStrategy	hadoop-hdds/server-scm/src/main/java/org/apache/hadoop/hdds/scm/container/balancer/FindTargetStrategy.java	81	25~
org.apache.hadoop.hdds.scm.container.balancer.InvalidContainerBalancerConfigurationException	hadoop-hdds/server-scm/src/main/java/org/apache/hadoop/hdds/scm/container/balancer/InvalidContainerBalancerConfigurationException.java	54	25~
org.apache.hadoop.hdds.scm.container.balancer.ContainerBalancerStatusInfo	hadoop-hdds/server-scm/src/main/java/org/apache/hadoop/hdds/scm/container/balancer/ContainerBalancerStatusInfo.java	110	75~
org.apache.hadoop.hdds.scm.container.balancer.IterationInfo	hadoop-hdds/server-scm/src/main/java/org/apache/hadoop/hdds/scm/container/balancer/IterationInfo.java	46	25~
org.apache.hadoop.hdds.scm.container.balancer.ContainerMoveInfo	hadoop-hdds/server-scm/src/main/java/org/apache/hadoop/hdds/scm/container/balancer/ContainerMoveInfo.java	59	25~
org.apache.hadoop.hdds.scm.container.balancer.ContainerBalancerMetrics	hadoop-hdds/server-scm/src/main/java/org/apache/hadoop/hdds/scm/container/balancer/ContainerBalancerMetrics.java	366	200~
org.apache.hadoop.hdds.scm.container.balancer.ContainerBalancer	hadoop-hdds/server-scm/src/main/java/org/apache/hadoop/hdds/scm/container/balancer/ContainerBalancer.java	714	475~
org.apache.hadoop.hdds.scm.container.balancer.ContainerBalancerSelectionCriteria	hadoop-hdds/server-scm/src/main/java/org/apache/hadoop/hdds/scm/container/balancer/ContainerBalancerSelectionCriteria.java	395	225~
org.apache.hadoop.hdds.scm.container.balancer.FindTargetGreedyByNetworkTopology	hadoop-hdds/server-scm/src/main/java/org/apache/hadoop/hdds/scm/container/balancer/FindTargetGreedyByNetworkTopology.java	101	50~
org.apache.hadoop.hdds.scm.container.balancer.DataMoveInfo	hadoop-hdds/server-scm/src/main/java/org/apache/hadoop/hdds/scm/container/balancer/DataMoveInfo.java	58	25~
org.apache.hadoop.hdds.scm.container.balancer.ContainerMoveSelection	hadoop-hdds/server-scm/src/main/java/org/apache/hadoop/hdds/scm/container/balancer/ContainerMoveSelection.java	76	50~
org.apache.hadoop.hdds.scm.container.balancer.AbstractFindTargetGreedy	hadoop-hdds/server-scm/src/main/java/org/apache/hadoop/hdds/scm/container/balancer/AbstractFindTargetGreedy.java	283	175~
org.apache.hadoop.hdds.scm.container.balancer.FindSourceStrategy	hadoop-hdds/server-scm/src/main/java/org/apache/hadoop/hdds/scm/container/balancer/FindSourceStrategy.java	98	25~
org.apache.hadoop.hdds.scm.container.balancer.MoveManager	hadoop-hdds/server-scm/src/main/java/org/apache/hadoop/hdds/scm/container/balancer/MoveManager.java	614	375~
org.apache.hadoop.hdds.scm.container.balancer.ContainerBalancerStopReason	hadoop-hdds/server-scm/src/main/java/org/apache/hadoop/hdds/scm/container/balancer/ContainerBalancerStopReason.java	63	25~
org.apache.hadoop.hdds.scm.container.balancer.FindSourceGreedy	hadoop-hdds/server-scm/src/main/java/org/apache/hadoop/hdds/scm/container/balancer/FindSourceGreedy.java	209	125~
org.apache.hadoop.hdds.scm.container.balancer.ContainerBalancerTaskIterationStatusInfo	hadoop-hdds/server-scm/src/main/java/org/apache/hadoop/hdds/scm/container/balancer/ContainerBalancerTaskIterationStatusInfo.java	176	75~
org.apache.hadoop.hdds.scm.container.IncrementalContainerReportHandler	hadoop-hdds/server-scm/src/main/java/org/apache/hadoop/hdds/scm/container/IncrementalContainerReportHandler.java	132	75~
org.apache.hadoop.hdds.scm.container.states.ContainerEntry	hadoop-hdds/server-scm/src/main/java/org/apache/hadoop/hdds/scm/container/states/ContainerEntry.java	68	25~
org.apache.hadoop.hdds.scm.container.states.ContainerState	hadoop-hdds/server-scm/src/main/java/org/apache/hadoop/hdds/scm/container/states/ContainerState.java	79	50~
org.apache.hadoop.hdds.scm.container.states.ContainerAttribute	hadoop-hdds/server-scm/src/main/java/org/apache/hadoop/hdds/scm/container/states/ContainerAttribute.java	169	50~
org.apache.hadoop.hdds.scm.container.states.ContainerStateMap	hadoop-hdds/server-scm/src/main/java/org/apache/hadoop/hdds/scm/container/states/ContainerStateMap.java	344	150~
org.apache.hadoop.hdds.scm.container.CloseContainerEventHandler	hadoop-hdds/server-scm/src/main/java/org/apache/hadoop/hdds/scm/container/CloseContainerEventHandler.java	192	100~
org.apache.hadoop.hdds.scm.container.ContainerStateManagerImpl	hadoop-hdds/server-scm/src/main/java/org/apache/hadoop/hdds/scm/container/ContainerStateManagerImpl.java	669	400~
org.apache.hadoop.hdds.scm.container.report.ContainerReportValidator	hadoop-hdds/server-scm/src/main/java/org/apache/hadoop/hdds/scm/container/report/ContainerReportValidator.java	104	50~
org.apache.hadoop.hdds.scm.container.replication.ContainerReplicaPendingOpsSubscriber	hadoop-hdds/server-scm/src/main/java/org/apache/hadoop/hdds/scm/container/replication/ContainerReplicaPendingOpsSubscriber.java	48	25~
org.apache.hadoop.hdds.scm.container.replication.UnderReplicatedProcessor	hadoop-hdds/server-scm/src/main/java/org/apache/hadoop/hdds/scm/container/replication/UnderReplicatedProcessor.java	62	25~
org.apache.hadoop.hdds.scm.container.replication.ECUnderReplicationHandler	hadoop-hdds/server-scm/src/main/java/org/apache/hadoop/hdds/scm/container/replication/ECUnderReplicationHandler.java	718	525~
org.apache.hadoop.hdds.scm.container.replication.ECOverReplicationHandler	hadoop-hdds/server-scm/src/main/java/org/apache/hadoop/hdds/scm/container/replication/ECOverReplicationHandler.java	193	100~
org.apache.hadoop.hdds.scm.container.replication.QuasiClosedStuckOverReplicationHandler	hadoop-hdds/server-scm/src/main/java/org/apache/hadoop/hdds/scm/container/replication/QuasiClosedStuckOverReplicationHandler.java	126	75~
org.apache.hadoop.hdds.scm.container.replication.ReplicationManager	hadoop-hdds/server-scm/src/main/java/org/apache/hadoop/hdds/scm/container/replication/ReplicationManager.java	1594	1025~
org.apache.hadoop.hdds.scm.container.replication.InflightType	hadoop-hdds/server-scm/src/main/java/org/apache/hadoop/hdds/scm/container/replication/InflightType.java	23	25~
org.apache.hadoop.hdds.scm.container.replication.RatisMisReplicationHandler	hadoop-hdds/server-scm/src/main/java/org/apache/hadoop/hdds/scm/container/replication/RatisMisReplicationHandler.java	75	25~
org.apache.hadoop.hdds.scm.container.replication.QuasiClosedStuckUnderReplicationHandler	hadoop-hdds/server-scm/src/main/java/org/apache/hadoop/hdds/scm/container/replication/QuasiClosedStuckUnderReplicationHandler.java	172	100~
org.apache.hadoop.hdds.scm.container.replication.QuasiClosedStuckReplicaCount	hadoop-hdds/server-scm/src/main/java/org/apache/hadoop/hdds/scm/container/replication/QuasiClosedStuckReplicaCount.java	245	150~
org.apache.hadoop.hdds.scm.container.replication.UnhealthyReplicationHandler	hadoop-hdds/server-scm/src/main/java/org/apache/hadoop/hdds/scm/container/replication/UnhealthyReplicationHandler.java	47	25~
org.apache.hadoop.hdds.scm.container.replication.ContainerCheckRequest	hadoop-hdds/server-scm/src/main/java/org/apache/hadoop/hdds/scm/container/replication/ContainerCheckRequest.java	133	75~
org.apache.hadoop.hdds.scm.container.replication.ContainerReplicaOp	hadoop-hdds/server-scm/src/main/java/org/apache/hadoop/hdds/scm/container/replication/ContainerReplicaOp.java	88	50~
org.apache.hadoop.hdds.scm.container.replication.ReplicationManagerEventHandler	hadoop-hdds/server-scm/src/main/java/org/apache/hadoop/hdds/scm/container/replication/ReplicationManagerEventHandler.java	51	25~
org.apache.hadoop.hdds.scm.container.replication.AbstractOverReplicationHandler	hadoop-hdds/server-scm/src/main/java/org/apache/hadoop/hdds/scm/container/replication/AbstractOverReplicationHandler.java	100	50~
org.apache.hadoop.hdds.scm.container.replication.RatisContainerReplicaCount	hadoop-hdds/server-scm/src/main/java/org/apache/hadoop/hdds/scm/container/replication/RatisContainerReplicaCount.java	682	325~
org.apache.hadoop.hdds.scm.container.replication.health.MismatchedReplicasHandler	hadoop-hdds/server-scm/src/main/java/org/apache/hadoop/hdds/scm/container/replication/health/MismatchedReplicasHandler.java	113	50~
org.apache.hadoop.hdds.scm.container.replication.health.EmptyContainerHandler	hadoop-hdds/server-scm/src/main/java/org/apache/hadoop/hdds/scm/container/replication/health/EmptyContainerHandler.java	201	100~
org.apache.hadoop.hdds.scm.container.replication.health.VulnerableUnhealthyReplicasHandler	hadoop-hdds/server-scm/src/main/java/org/apache/hadoop/hdds/scm/container/replication/health/VulnerableUnhealthyReplicasHandler.java	100	50~
org.apache.hadoop.hdds.scm.container.replication.health.RatisReplicationCheckHandler	hadoop-hdds/server-scm/src/main/java/org/apache/hadoop/hdds/scm/container/replication/health/RatisReplicationCheckHandler.java	307	175~
org.apache.hadoop.hdds.scm.container.replication.health.ClosedWithUnhealthyReplicasHandler	hadoop-hdds/server-scm/src/main/java/org/apache/hadoop/hdds/scm/container/replication/health/ClosedWithUnhealthyReplicasHandler.java	128	50~
org.apache.hadoop.hdds.scm.container.replication.health.HealthCheck	hadoop-hdds/server-scm/src/main/java/org/apache/hadoop/hdds/scm/container/replication/health/HealthCheck.java	55	25~
org.apache.hadoop.hdds.scm.container.replication.health.AbstractCheck	hadoop-hdds/server-scm/src/main/java/org/apache/hadoop/hdds/scm/container/replication/health/AbstractCheck.java	72	25~
org.apache.hadoop.hdds.scm.container.replication.health.ECMisReplicationCheckHandler	hadoop-hdds/server-scm/src/main/java/org/apache/hadoop/hdds/scm/container/replication/health/ECMisReplicationCheckHandler.java	138	75~
org.apache.hadoop.hdds.scm.container.replication.health.ECReplicationCheckHandler	hadoop-hdds/server-scm/src/main/java/org/apache/hadoop/hdds/scm/container/replication/health/ECReplicationCheckHandler.java	180	100~
org.apache.hadoop.hdds.scm.container.replication.health.OpenContainerHandler	hadoop-hdds/server-scm/src/main/java/org/apache/hadoop/hdds/scm/container/replication/health/OpenContainerHandler.java	98	50~
org.apache.hadoop.hdds.scm.container.replication.health.RatisUnhealthyReplicationCheckHandler	hadoop-hdds/server-scm/src/main/java/org/apache/hadoop/hdds/scm/container/replication/health/RatisUnhealthyReplicationCheckHandler.java	149	75~
org.apache.hadoop.hdds.scm.container.replication.health.ClosingContainerHandler	hadoop-hdds/server-scm/src/main/java/org/apache/hadoop/hdds/scm/container/replication/health/ClosingContainerHandler.java	142	50~
org.apache.hadoop.hdds.scm.container.replication.health.QuasiClosedContainerHandler	hadoop-hdds/server-scm/src/main/java/org/apache/hadoop/hdds/scm/container/replication/health/QuasiClosedContainerHandler.java	169	75~
org.apache.hadoop.hdds.scm.container.replication.health.DeletingContainerHandler	hadoop-hdds/server-scm/src/main/java/org/apache/hadoop/hdds/scm/container/replication/health/DeletingContainerHandler.java	106	50~
org.apache.hadoop.hdds.scm.container.replication.health.QuasiClosedStuckReplicationCheck	hadoop-hdds/server-scm/src/main/java/org/apache/hadoop/hdds/scm/container/replication/health/QuasiClosedStuckReplicationCheck.java	144	75~
org.apache.hadoop.hdds.scm.container.replication.ContainerReplicaPendingOps	hadoop-hdds/server-scm/src/main/java/org/apache/hadoop/hdds/scm/container/replication/ContainerReplicaPendingOps.java	522	325~
org.apache.hadoop.hdds.scm.container.replication.UnhealthyReplicationProcessor	hadoop-hdds/server-scm/src/main/java/org/apache/hadoop/hdds/scm/container/replication/UnhealthyReplicationProcessor.java	188	100~
org.apache.hadoop.hdds.scm.container.replication.ContainerHealthResult	hadoop-hdds/server-scm/src/main/java/org/apache/hadoop/hdds/scm/container/replication/ContainerHealthResult.java	405	200~
org.apache.hadoop.hdds.scm.container.replication.DatanodeCommandCountUpdatedHandler	hadoop-hdds/server-scm/src/main/java/org/apache/hadoop/hdds/scm/container/replication/DatanodeCommandCountUpdatedHandler.java	48	25~
org.apache.hadoop.hdds.scm.container.replication.MisReplicationHandler	hadoop-hdds/server-scm/src/main/java/org/apache/hadoop/hdds/scm/container/replication/MisReplicationHandler.java	185	125~
org.apache.hadoop.hdds.scm.container.replication.OverReplicatedProcessor	hadoop-hdds/server-scm/src/main/java/org/apache/hadoop/hdds/scm/container/replication/OverReplicatedProcessor.java	64	25~
org.apache.hadoop.hdds.scm.container.replication.RatisOverReplicationHandler	hadoop-hdds/server-scm/src/main/java/org/apache/hadoop/hdds/scm/container/replication/RatisOverReplicationHandler.java	328	175~
org.apache.hadoop.hdds.scm.container.replication.MonitoringReplicationQueue	hadoop-hdds/server-scm/src/main/java/org/apache/hadoop/hdds/scm/container/replication/MonitoringReplicationQueue.java	39	25~
org.apache.hadoop.hdds.scm.container.replication.InflightAction	hadoop-hdds/server-scm/src/main/java/org/apache/hadoop/hdds/scm/container/replication/InflightAction.java	45	25~
org.apache.hadoop.hdds.scm.container.replication.ReplicationManagerUtil	hadoop-hdds/server-scm/src/main/java/org/apache/hadoop/hdds/scm/container/replication/ReplicationManagerUtil.java	462	250~
org.apache.hadoop.hdds.scm.container.replication.CommandTargetOverloadedException	hadoop-hdds/server-scm/src/main/java/org/apache/hadoop/hdds/scm/container/replication/CommandTargetOverloadedException.java	31	25~
org.apache.hadoop.hdds.scm.container.replication.ECContainerReplicaCount	hadoop-hdds/server-scm/src/main/java/org/apache/hadoop/hdds/scm/container/replication/ECContainerReplicaCount.java	612	300~
org.apache.hadoop.hdds.scm.container.replication.ContainerReplicaCount	hadoop-hdds/server-scm/src/main/java/org/apache/hadoop/hdds/scm/container/replication/ContainerReplicaCount.java	83	25~
org.apache.hadoop.hdds.scm.container.replication.RatisUnderReplicationHandler	hadoop-hdds/server-scm/src/main/java/org/apache/hadoop/hdds/scm/container/replication/RatisUnderReplicationHandler.java	480	300~
org.apache.hadoop.hdds.scm.container.replication.ReplicationManagerMetrics	hadoop-hdds/server-scm/src/main/java/org/apache/hadoop/hdds/scm/container/replication/ReplicationManagerMetrics.java	575	400~
org.apache.hadoop.hdds.scm.container.replication.ECMisReplicationHandler	hadoop-hdds/server-scm/src/main/java/org/apache/hadoop/hdds/scm/container/replication/ECMisReplicationHandler.java	92	50~
org.apache.hadoop.hdds.scm.container.replication.ReplicationQueue	hadoop-hdds/server-scm/src/main/java/org/apache/hadoop/hdds/scm/container/replication/ReplicationQueue.java	104	50~
org.apache.hadoop.hdds.scm.container.ContainerManager	hadoop-hdds/server-scm/src/main/java/org/apache/hadoop/hdds/scm/container/ContainerManager.java	259	50~
org.apache.hadoop.hdds.scm.container.ContainerReportHandler	hadoop-hdds/server-scm/src/main/java/org/apache/hadoop/hdds/scm/container/ContainerReportHandler.java	280	125~
org.apache.hadoop.hdds.scm.container.ContainerActionsHandler	hadoop-hdds/server-scm/src/main/java/org/apache/hadoop/hdds/scm/container/ContainerActionsHandler.java	59	25~
org.apache.hadoop.hdds.scm.container.placement.metrics.SCMNodeStat	hadoop-hdds/server-scm/src/main/java/org/apache/hadoop/hdds/scm/container/placement/metrics/SCMNodeStat.java	201	125~
org.apache.hadoop.hdds.scm.container.placement.metrics.DatanodeMetric	hadoop-hdds/server-scm/src/main/java/org/apache/hadoop/hdds/scm/container/placement/metrics/DatanodeMetric.java	90	25~
org.apache.hadoop.hdds.scm.container.placement.metrics.SCMNodeMetric	hadoop-hdds/server-scm/src/main/java/org/apache/hadoop/hdds/scm/container/placement/metrics/SCMNodeMetric.java	232	100~
org.apache.hadoop.hdds.scm.container.placement.metrics.LongMetric	hadoop-hdds/server-scm/src/main/java/org/apache/hadoop/hdds/scm/container/placement/metrics/LongMetric.java	162	50~
org.apache.hadoop.hdds.scm.container.placement.metrics.ContainerStat	hadoop-hdds/server-scm/src/main/java/org/apache/hadoop/hdds/scm/container/placement/metrics/ContainerStat.java	164	100~
org.apache.hadoop.hdds.scm.container.placement.metrics.NodeStat	hadoop-hdds/server-scm/src/main/java/org/apache/hadoop/hdds/scm/container/placement/metrics/NodeStat.java	85	25~
org.apache.hadoop.hdds.scm.container.placement.metrics.SCMMetrics	hadoop-hdds/server-scm/src/main/java/org/apache/hadoop/hdds/scm/container/placement/metrics/SCMMetrics.java	196	125~
org.apache.hadoop.hdds.scm.container.placement.metrics.SCMPerformanceMetrics	hadoop-hdds/server-scm/src/main/java/org/apache/hadoop/hdds/scm/container/placement/metrics/SCMPerformanceMetrics.java	129	75~
org.apache.hadoop.hdds.scm.container.placement.algorithms.ContainerPlacementPolicyFactory	hadoop-hdds/server-scm/src/main/java/org/apache/hadoop/hdds/scm/container/placement/algorithms/ContainerPlacementPolicyFactory.java	102	50~
org.apache.hadoop.hdds.scm.container.placement.algorithms.SCMContainerPlacementRackScatter	hadoop-hdds/server-scm/src/main/java/org/apache/hadoop/hdds/scm/container/placement/algorithms/SCMContainerPlacementRackScatter.java	598	400~
org.apache.hadoop.hdds.scm.container.placement.algorithms.SCMContainerPlacementCapacity	hadoop-hdds/server-scm/src/main/java/org/apache/hadoop/hdds/scm/container/placement/algorithms/SCMContainerPlacementCapacity.java	151	50~
org.apache.hadoop.hdds.scm.container.placement.algorithms.SCMContainerPlacementRackAware	hadoop-hdds/server-scm/src/main/java/org/apache/hadoop/hdds/scm/container/placement/algorithms/SCMContainerPlacementRackAware.java	604	425~
org.apache.hadoop.hdds.scm.container.placement.algorithms.SCMContainerPlacementRandom	hadoop-hdds/server-scm/src/main/java/org/apache/hadoop/hdds/scm/container/placement/algorithms/SCMContainerPlacementRandom.java	109	50~
org.apache.hadoop.hdds.scm.container.placement.algorithms.SCMContainerPlacementMetrics	hadoop-hdds/server-scm/src/main/java/org/apache/hadoop/hdds/scm/container/placement/algorithms/SCMContainerPlacementMetrics.java	118	50~
org.apache.hadoop.hdds.scm.container.placement.algorithms.ContainerPlacementStatusDefault	hadoop-hdds/server-scm/src/main/java/org/apache/hadoop/hdds/scm/container/placement/algorithms/ContainerPlacementStatusDefault.java	95	50~
org.apache.hadoop.hdds.scm.ha.SCMHAManagerStub	hadoop-hdds/server-scm/src/main/java/org/apache/hadoop/hdds/scm/ha/SCMHAManagerStub.java	278	175~
org.apache.hadoop.hdds.scm.ha.SCMRatisServer	hadoop-hdds/server-scm/src/main/java/org/apache/hadoop/hdds/scm/ha/SCMRatisServer.java	81	25~
org.apache.hadoop.hdds.scm.ha.SCMServiceException	hadoop-hdds/server-scm/src/main/java/org/apache/hadoop/hdds/scm/ha/SCMServiceException.java	43	25~
org.apache.hadoop.hdds.scm.ha.SCMDBCheckpointProvider	hadoop-hdds/server-scm/src/main/java/org/apache/hadoop/hdds/scm/ha/SCMDBCheckpointProvider.java	90	50~
org.apache.hadoop.hdds.scm.ha.SCMHAMetrics	hadoop-hdds/server-scm/src/main/java/org/apache/hadoop/hdds/scm/ha/SCMHAMetrics.java	116	50~
org.apache.hadoop.hdds.scm.ha.SCMHADBTransactionBufferStub	hadoop-hdds/server-scm/src/main/java/org/apache/hadoop/hdds/scm/ha/SCMHADBTransactionBufferStub.java	146	100~
org.apache.hadoop.hdds.scm.ha.SequenceIdGenerator	hadoop-hdds/server-scm/src/main/java/org/apache/hadoop/hdds/scm/ha/SequenceIdGenerator.java	434	250~
org.apache.hadoop.hdds.scm.ha.SCMGrpcOutputStream	hadoop-hdds/server-scm/src/main/java/org/apache/hadoop/hdds/scm/ha/SCMGrpcOutputStream.java	127	75~
org.apache.hadoop.hdds.scm.ha.ExecutionUtil	hadoop-hdds/server-scm/src/main/java/org/apache/hadoop/hdds/scm/ha/ExecutionUtil.java	71	25~
org.apache.hadoop.hdds.scm.ha.HASecurityUtils	hadoop-hdds/server-scm/src/main/java/org/apache/hadoop/hdds/scm/ha/HASecurityUtils.java	227	100~
org.apache.hadoop.hdds.scm.ha.SCMNodeDetails	hadoop-hdds/server-scm/src/main/java/org/apache/hadoop/hdds/scm/ha/SCMNodeDetails.java	182	125~
org.apache.hadoop.hdds.scm.ha.BackgroundSCMService	hadoop-hdds/server-scm/src/main/java/org/apache/hadoop/hdds/scm/ha/BackgroundSCMService.java	208	150~
org.apache.hadoop.hdds.scm.ha.SCMStateMachine	hadoop-hdds/server-scm/src/main/java/org/apache/hadoop/hdds/scm/ha/SCMStateMachine.java	584	375~
org.apache.hadoop.hdds.scm.ha.io.ScmCodecFactory	hadoop-hdds/server-scm/src/main/java/org/apache/hadoop/hdds/scm/ha/io/ScmCodecFactory.java	180	100~
org.apache.hadoop.hdds.scm.ha.io.ScmX509CertificateCodec	hadoop-hdds/server-scm/src/main/java/org/apache/hadoop/hdds/scm/ha/io/ScmX509CertificateCodec.java	56	25~
org.apache.hadoop.hdds.scm.ha.io.ScmStringCodec	hadoop-hdds/server-scm/src/main/java/org/apache/hadoop/hdds/scm/ha/io/ScmStringCodec.java	39	25~
org.apache.hadoop.hdds.scm.ha.io.ScmNonShadedGeneratedMessageCodec	hadoop-hdds/server-scm/src/main/java/org/apache/hadoop/hdds/scm/ha/io/ScmNonShadedGeneratedMessageCodec.java	53	25~
org.apache.hadoop.hdds.scm.ha.io.ScmIntegerCodec	hadoop-hdds/server-scm/src/main/java/org/apache/hadoop/hdds/scm/ha/io/ScmIntegerCodec.java	38	25~
org.apache.hadoop.hdds.scm.ha.io.ScmManagedSecretKeyCodec	hadoop-hdds/server-scm/src/main/java/org/apache/hadoop/hdds/scm/ha/io/ScmManagedSecretKeyCodec.java	48	25~
org.apache.hadoop.hdds.scm.ha.io.ScmListCodec	hadoop-hdds/server-scm/src/main/java/org/apache/hadoop/hdds/scm/ha/io/ScmListCodec.java	87	50~
org.apache.hadoop.hdds.scm.ha.io.ScmByteStringCodec	hadoop-hdds/server-scm/src/main/java/org/apache/hadoop/hdds/scm/ha/io/ScmByteStringCodec.java	36	25~
org.apache.hadoop.hdds.scm.ha.io.ScmCodec	hadoop-hdds/server-scm/src/main/java/org/apache/hadoop/hdds/scm/ha/io/ScmCodec.java	33	25~
org.apache.hadoop.hdds.scm.ha.io.ScmEnumCodec	hadoop-hdds/server-scm/src/main/java/org/apache/hadoop/hdds/scm/ha/io/ScmEnumCodec.java	70	25~
org.apache.hadoop.hdds.scm.ha.io.ScmBooleanCodec	hadoop-hdds/server-scm/src/main/java/org/apache/hadoop/hdds/scm/ha/io/ScmBooleanCodec.java	38	25~
org.apache.hadoop.hdds.scm.ha.io.ScmBigIntegerCodec	hadoop-hdds/server-scm/src/main/java/org/apache/hadoop/hdds/scm/ha/io/ScmBigIntegerCodec.java	39	25~
org.apache.hadoop.hdds.scm.ha.io.ScmNonShadedByteStringCodec	hadoop-hdds/server-scm/src/main/java/org/apache/hadoop/hdds/scm/ha/io/ScmNonShadedByteStringCodec.java	38	25~
org.apache.hadoop.hdds.scm.ha.io.ScmLongCodec	hadoop-hdds/server-scm/src/main/java/org/apache/hadoop/hdds/scm/ha/io/ScmLongCodec.java	40	25~
org.apache.hadoop.hdds.scm.ha.SCMContext	hadoop-hdds/server-scm/src/main/java/org/apache/hadoop/hdds/scm/ha/SCMContext.java	329	175~
org.apache.hadoop.hdds.scm.ha.invoker.SequenceIdGeneratorStateManagerInvoker	hadoop-hdds/server-scm/src/main/java/org/apache/hadoop/hdds/scm/ha/invoker/SequenceIdGeneratorStateManagerInvoker.java	112	75~
org.apache.hadoop.hdds.scm.ha.invoker.PipelineStateManagerInvoker	hadoop-hdds/server-scm/src/main/java/org/apache/hadoop/hdds/scm/ha/invoker/PipelineStateManagerInvoker.java	282	200~
org.apache.hadoop.hdds.scm.ha.invoker.RootCARotationHandlerInvoker	hadoop-hdds/server-scm/src/main/java/org/apache/hadoop/hdds/scm/ha/invoker/RootCARotationHandlerInvoker.java	161	125~
org.apache.hadoop.hdds.scm.ha.invoker.StatefulServiceStateManagerInvoker	hadoop-hdds/server-scm/src/main/java/org/apache/hadoop/hdds/scm/ha/invoker/StatefulServiceStateManagerInvoker.java	123	75~
org.apache.hadoop.hdds.scm.ha.invoker.DeletedBlockLogStateManagerInvoker	hadoop-hdds/server-scm/src/main/java/org/apache/hadoop/hdds/scm/ha/invoker/DeletedBlockLogStateManagerInvoker.java	148	100~
org.apache.hadoop.hdds.scm.ha.invoker.FinalizationStateManagerInvoker	hadoop-hdds/server-scm/src/main/java/org/apache/hadoop/hdds/scm/ha/invoker/FinalizationStateManagerInvoker.java	153	100~
org.apache.hadoop.hdds.scm.ha.invoker.ScmInvoker	hadoop-hdds/server-scm/src/main/java/org/apache/hadoop/hdds/scm/ha/invoker/ScmInvoker.java	126	75~
org.apache.hadoop.hdds.scm.ha.invoker.ContainerStateManagerInvoker	hadoop-hdds/server-scm/src/main/java/org/apache/hadoop/hdds/scm/ha/invoker/ContainerStateManagerInvoker.java	319	250~
org.apache.hadoop.hdds.scm.ha.invoker.SecretKeyStateInvoker	hadoop-hdds/server-scm/src/main/java/org/apache/hadoop/hdds/scm/ha/invoker/SecretKeyStateInvoker.java	127	75~
org.apache.hadoop.hdds.scm.ha.invoker.CertificateStoreInvoker	hadoop-hdds/server-scm/src/main/java/org/apache/hadoop/hdds/scm/ha/invoker/CertificateStoreInvoker.java	161	100~
org.apache.hadoop.hdds.scm.ha.StatefulService	hadoop-hdds/server-scm/src/main/java/org/apache/hadoop/hdds/scm/ha/StatefulService.java	80	25~
org.apache.hadoop.hdds.scm.ha.StatefulServiceDefinition	hadoop-hdds/server-scm/src/main/java/org/apache/hadoop/hdds/scm/ha/StatefulServiceDefinition.java	45	25~
org.apache.hadoop.hdds.scm.ha.SCMHAManagerImpl	hadoop-hdds/server-scm/src/main/java/org/apache/hadoop/hdds/scm/ha/SCMHAManagerImpl.java	478	300~
org.apache.hadoop.hdds.scm.ha.SCMService	hadoop-hdds/server-scm/src/main/java/org/apache/hadoop/hdds/scm/ha/SCMService.java	77	25~
org.apache.hadoop.hdds.scm.ha.SCMHANodeDetails	hadoop-hdds/server-scm/src/main/java/org/apache/hadoop/hdds/scm/ha/SCMHANodeDetails.java	329	225~
org.apache.hadoop.hdds.scm.ha.InterSCMGrpcClient	hadoop-hdds/server-scm/src/main/java/org/apache/hadoop/hdds/scm/ha/InterSCMGrpcClient.java	190	125~
org.apache.hadoop.hdds.scm.ha.InterSCMGrpcProtocolService	hadoop-hdds/server-scm/src/main/java/org/apache/hadoop/hdds/scm/ha/InterSCMGrpcProtocolService.java	120	75~
org.apache.hadoop.hdds.scm.ha.SCMHADBTransactionBuffer	hadoop-hdds/server-scm/src/main/java/org/apache/hadoop/hdds/scm/ha/SCMHADBTransactionBuffer.java	57	25~
org.apache.hadoop.hdds.scm.ha.StatefulServiceStateManagerImpl	hadoop-hdds/server-scm/src/main/java/org/apache/hadoop/hdds/scm/ha/StatefulServiceStateManagerImpl.java	140	75~
org.apache.hadoop.hdds.scm.ha.RatisUtil	hadoop-hdds/server-scm/src/main/java/org/apache/hadoop/hdds/scm/ha/RatisUtil.java	268	150~
org.apache.hadoop.hdds.scm.ha.SCMServiceManager	hadoop-hdds/server-scm/src/main/java/org/apache/hadoop/hdds/scm/ha/SCMServiceManager.java	90	50~
org.apache.hadoop.hdds.scm.ha.SCMHATransactionBufferMonitorTask	hadoop-hdds/server-scm/src/main/java/org/apache/hadoop/hdds/scm/ha/SCMHATransactionBufferMonitorTask.java	51	25~
org.apache.hadoop.hdds.scm.ha.SCMSnapshotProvider	hadoop-hdds/server-scm/src/main/java/org/apache/hadoop/hdds/scm/ha/SCMSnapshotProvider.java	161	75~
org.apache.hadoop.hdds.scm.ha.SCMHADBTransactionBufferImpl	hadoop-hdds/server-scm/src/main/java/org/apache/hadoop/hdds/scm/ha/SCMHADBTransactionBufferImpl.java	234	150~
org.apache.hadoop.hdds.scm.ha.SCMRatisRequest	hadoop-hdds/server-scm/src/main/java/org/apache/hadoop/hdds/scm/ha/SCMRatisRequest.java	178	100~
org.apache.hadoop.hdds.scm.ha.SCMRatisResponse	hadoop-hdds/server-scm/src/main/java/org/apache/hadoop/hdds/scm/ha/SCMRatisResponse.java	111	50~
org.apache.hadoop.hdds.scm.ha.SCMHAManager	hadoop-hdds/server-scm/src/main/java/org/apache/hadoop/hdds/scm/ha/SCMHAManager.java	112	25~
org.apache.hadoop.hdds.scm.ha.InterSCMGrpcService	hadoop-hdds/server-scm/src/main/java/org/apache/hadoop/hdds/scm/ha/InterSCMGrpcService.java	78	25~
org.apache.hadoop.hdds.scm.ha.SCMRatisServerImpl	hadoop-hdds/server-scm/src/main/java/org/apache/hadoop/hdds/scm/ha/SCMRatisServerImpl.java	443	300~
org.apache.hadoop.hdds.scm.ha.SCMSnapshotDownloader	hadoop-hdds/server-scm/src/main/java/org/apache/hadoop/hdds/scm/ha/SCMSnapshotDownloader.java	43	25~
org.apache.hadoop.hdds.scm.ha.StatefulServiceStateManager	hadoop-hdds/server-scm/src/main/java/org/apache/hadoop/hdds/scm/ha/StatefulServiceStateManager.java	74	25~
org.apache.hadoop.hdds.scm.SCMCommonPlacementPolicy	hadoop-hdds/server-scm/src/main/java/org/apache/hadoop/hdds/scm/SCMCommonPlacementPolicy.java	689	375~
org.apache.hadoop.hdds.scm.command.CommandStatusReportHandler	hadoop-hdds/server-scm/src/main/java/org/apache/hadoop/hdds/scm/command/CommandStatusReportHandler.java	124	50~
org.apache.hadoop.hdds.scm.FetchMetrics	hadoop-hdds/server-scm/src/main/java/org/apache/hadoop/hdds/scm/FetchMetrics.java	218	150~
org.apache.hadoop.hdds.scm.node.SCMNodeManager	hadoop-hdds/server-scm/src/main/java/org/apache/hadoop/hdds/scm/node/SCMNodeManager.java	2064	1400~
org.apache.hadoop.hdds.scm.node.InvalidHostStringException	hadoop-hdds/server-scm/src/main/java/org/apache/hadoop/hdds/scm/node/InvalidHostStringException.java	34	25~
org.apache.hadoop.hdds.scm.node.StorageReportResult	hadoop-hdds/server-scm/src/main/java/org/apache/hadoop/hdds/scm/node/StorageReportResult.java	83	50~
org.apache.hadoop.hdds.scm.node.InvalidNodeStateException	hadoop-hdds/server-scm/src/main/java/org/apache/hadoop/hdds/scm/node/InvalidNodeStateException.java	34	25~
org.apache.hadoop.hdds.scm.node.NodeStatus	hadoop-hdds/server-scm/src/main/java/org/apache/hadoop/hdds/scm/node/NodeStatus.java	267	150~
org.apache.hadoop.hdds.scm.node.SCMNodeStorageStatMap	hadoop-hdds/server-scm/src/main/java/org/apache/hadoop/hdds/scm/node/SCMNodeStorageStatMap.java	347	225~
org.apache.hadoop.hdds.scm.node.HealthyReadOnlyNodeHandler	hadoop-hdds/server-scm/src/main/java/org/apache/hadoop/hdds/scm/node/HealthyReadOnlyNodeHandler.java	112	50~
org.apache.hadoop.hdds.scm.node.DeadNodeHandler	hadoop-hdds/server-scm/src/main/java/org/apache/hadoop/hdds/scm/node/DeadNodeHandler.java	242	125~
org.apache.hadoop.hdds.scm.node.DatanodeAdminMonitorImpl	hadoop-hdds/server-scm/src/main/java/org/apache/hadoop/hdds/scm/node/DatanodeAdminMonitorImpl.java	577	375~
org.apache.hadoop.hdds.scm.node.NodeStateManager	hadoop-hdds/server-scm/src/main/java/org/apache/hadoop/hdds/scm/node/NodeStateManager.java	1080	450~
org.apache.hadoop.hdds.scm.node.NodeDecommissionMetrics	hadoop-hdds/server-scm/src/main/java/org/apache/hadoop/hdds/scm/node/NodeDecommissionMetrics.java	296	200~
org.apache.hadoop.hdds.scm.node.DatanodeAdminMonitor	hadoop-hdds/server-scm/src/main/java/org/apache/hadoop/hdds/scm/node/DatanodeAdminMonitor.java	43	25~
org.apache.hadoop.hdds.scm.node.NodeManager	hadoop-hdds/server-scm/src/main/java/org/apache/hadoop/hdds/scm/node/NodeManager.java	455	75~
org.apache.hadoop.hdds.scm.node.StartDatanodeAdminHandler	hadoop-hdds/server-scm/src/main/java/org/apache/hadoop/hdds/scm/node/StartDatanodeAdminHandler.java	64	25~
org.apache.hadoop.hdds.scm.node.DatanodeInfo	hadoop-hdds/server-scm/src/main/java/org/apache/hadoop/hdds/scm/node/DatanodeInfo.java	380	200~
org.apache.hadoop.hdds.scm.node.NodeDecommissionManager	hadoop-hdds/server-scm/src/main/java/org/apache/hadoop/hdds/scm/node/NodeDecommissionManager.java	648	475~
org.apache.hadoop.hdds.scm.node.SCMNodeStorageStatMXBean	hadoop-hdds/server-scm/src/main/java/org/apache/hadoop/hdds/scm/node/SCMNodeStorageStatMXBean.java	75	25~
org.apache.hadoop.hdds.scm.node.states.NodeNotFoundException	hadoop-hdds/server-scm/src/main/java/org/apache/hadoop/hdds/scm/node/states/NodeNotFoundException.java	43	25~
org.apache.hadoop.hdds.scm.node.states.DatanodeEntry	hadoop-hdds/server-scm/src/main/java/org/apache/hadoop/hdds/scm/node/states/DatanodeEntry.java	61	25~
org.apache.hadoop.hdds.scm.node.states.ReportResult	hadoop-hdds/server-scm/src/main/java/org/apache/hadoop/hdds/scm/node/states/ReportResult.java	107	50~
org.apache.hadoop.hdds.scm.node.states.Node2PipelineMap	hadoop-hdds/server-scm/src/main/java/org/apache/hadoop/hdds/scm/node/states/Node2PipelineMap.java	92	25~
org.apache.hadoop.hdds.scm.node.states.NodeException	hadoop-hdds/server-scm/src/main/java/org/apache/hadoop/hdds/scm/node/states/NodeException.java	44	25~
org.apache.hadoop.hdds.scm.node.states.NodeAlreadyExistsException	hadoop-hdds/server-scm/src/main/java/org/apache/hadoop/hdds/scm/node/states/NodeAlreadyExistsException.java	42	25~
org.apache.hadoop.hdds.scm.node.states.NodeStateMap	hadoop-hdds/server-scm/src/main/java/org/apache/hadoop/hdds/scm/node/states/NodeStateMap.java	396	225~
org.apache.hadoop.hdds.scm.node.NodeManagerMXBean	hadoop-hdds/server-scm/src/main/java/org/apache/hadoop/hdds/scm/node/NodeManagerMXBean.java	53	25~
org.apache.hadoop.hdds.scm.node.StaleNodeHandler	hadoop-hdds/server-scm/src/main/java/org/apache/hadoop/hdds/scm/node/StaleNodeHandler.java	62	25~
org.apache.hadoop.hdds.scm.node.PendingContainerTracker	hadoop-hdds/server-scm/src/main/java/org/apache/hadoop/hdds/scm/node/PendingContainerTracker.java	300	150~
org.apache.hadoop.hdds.scm.node.SCMNodeMetrics	hadoop-hdds/server-scm/src/main/java/org/apache/hadoop/hdds/scm/node/SCMNodeMetrics.java	250	150~
org.apache.hadoop.hdds.scm.node.DatanodeUsageInfo	hadoop-hdds/server-scm/src/main/java/org/apache/hadoop/hdds/scm/node/DatanodeUsageInfo.java	252	125~
org.apache.hadoop.hdds.scm.node.ReadOnlyHealthyToHealthyNodeHandler	hadoop-hdds/server-scm/src/main/java/org/apache/hadoop/hdds/scm/node/ReadOnlyHealthyToHealthyNodeHandler.java	51	25~
org.apache.hadoop.hdds.scm.node.NewNodeHandler	hadoop-hdds/server-scm/src/main/java/org/apache/hadoop/hdds/scm/node/NewNodeHandler.java	68	25~
org.apache.hadoop.hdds.scm.node.NodeReportHandler	hadoop-hdds/server-scm/src/main/java/org/apache/hadoop/hdds/scm/node/NodeReportHandler.java	48	25~
org.apache.hadoop.hdds.scm.node.CommandQueue	hadoop-hdds/server-scm/src/main/java/org/apache/hadoop/hdds/scm/node/CommandQueue.java	171	75~
org.apache.hadoop.hdds.scm.node.NodeAddressUpdateHandler	hadoop-hdds/server-scm/src/main/java/org/apache/hadoop/hdds/scm/node/NodeAddressUpdateHandler.java	70	25~
org.apache.hadoop.hdds.scm.events.SCMEvents	hadoop-hdds/server-scm/src/main/java/org/apache/hadoop/hdds/scm/events/SCMEvents.java	237	75~
org.apache.hadoop.hdds.scm.PlacementPolicy	hadoop-hdds/server-scm/src/main/java/org/apache/hadoop/hdds/scm/PlacementPolicy.java	91	25~
org.apache.hadoop.hdds.scm.metadata.SCMDBDefinition	hadoop-hdds/server-scm/src/main/java/org/apache/hadoop/hdds/scm/metadata/SCMDBDefinition.java	150	100~
org.apache.hadoop.hdds.scm.metadata.SCMMetadataStoreImpl	hadoop-hdds/server-scm/src/main/java/org/apache/hadoop/hdds/scm/metadata/SCMMetadataStoreImpl.java	253	125~
org.apache.hadoop.hdds.scm.metadata.BigIntegerCodec	hadoop-hdds/server-scm/src/main/java/org/apache/hadoop/hdds/scm/metadata/BigIntegerCodec.java	57	25~
org.apache.hadoop.hdds.scm.metadata.X509CertificateCodec	hadoop-hdds/server-scm/src/main/java/org/apache/hadoop/hdds/scm/metadata/X509CertificateCodec.java	117	75~
org.apache.hadoop.hdds.scm.block.DeletedBlockLogStateManagerImpl	hadoop-hdds/server-scm/src/main/java/org/apache/hadoop/hdds/scm/block/DeletedBlockLogStateManagerImpl.java	242	150~
org.apache.hadoop.hdds.scm.block.SCMBlockDeletingService	hadoop-hdds/server-scm/src/main/java/org/apache/hadoop/hdds/scm/block/SCMBlockDeletingService.java	329	225~
org.apache.hadoop.hdds.scm.block.DeletedBlockLogImpl	hadoop-hdds/server-scm/src/main/java/org/apache/hadoop/hdds/scm/block/DeletedBlockLogImpl.java	543	350~
org.apache.hadoop.hdds.scm.block.BlockmanagerMXBean	hadoop-hdds/server-scm/src/main/java/org/apache/hadoop/hdds/scm/block/BlockmanagerMXBean.java	24	25~
org.apache.hadoop.hdds.scm.block.DeletedBlockLogStateManager	hadoop-hdds/server-scm/src/main/java/org/apache/hadoop/hdds/scm/block/DeletedBlockLogStateManager.java	78	25~
org.apache.hadoop.hdds.scm.block.SCMDeletedBlockTransactionStatusManager	hadoop-hdds/server-scm/src/main/java/org/apache/hadoop/hdds/scm/block/SCMDeletedBlockTransactionStatusManager.java	814	600~
org.apache.hadoop.hdds.scm.block.BlockManager	hadoop-hdds/server-scm/src/main/java/org/apache/hadoop/hdds/scm/block/BlockManager.java	82	25~
org.apache.hadoop.hdds.scm.block.ScmBlockDeletingServiceMetrics	hadoop-hdds/server-scm/src/main/java/org/apache/hadoop/hdds/scm/block/ScmBlockDeletingServiceMetrics.java	437	300~
org.apache.hadoop.hdds.scm.block.DatanodeDeletedBlockTransactions	hadoop-hdds/server-scm/src/main/java/org/apache/hadoop/hdds/scm/block/DatanodeDeletedBlockTransactions.java	82	50~
org.apache.hadoop.hdds.scm.block.DeletedBlockLog	hadoop-hdds/server-scm/src/main/java/org/apache/hadoop/hdds/scm/block/DeletedBlockLog.java	131	25~
org.apache.hadoop.hdds.scm.block.BlockManagerImpl	hadoop-hdds/server-scm/src/main/java/org/apache/hadoop/hdds/scm/block/BlockManagerImpl.java	284	150~
org.apache.ozone.annotations.ReplicateAnnotationProcessor	hadoop-hdds/annotations/src/main/java/org/apache/ozone/annotations/ReplicateAnnotationProcessor.java	87	50~
org.apache.ozone.annotations.CliOptionStyleProcessor	hadoop-hdds/annotations/src/main/java/org/apache/ozone/annotations/CliOptionStyleProcessor.java	123	75~
org.apache.ozone.annotations.RegisterValidatorProcessor	hadoop-hdds/annotations/src/main/java/org/apache/ozone/annotations/RegisterValidatorProcessor.java	146	75~
org.apache.ozone.annotations.OmRequestFeatureValidatorProcessor	hadoop-hdds/annotations/src/main/java/org/apache/ozone/annotations/OmRequestFeatureValidatorProcessor.java	260	175~
org.apache.hadoop.ozone.upgrade.UpgradeException	hadoop-hdds/common/src/main/java/org/apache/hadoop/ozone/upgrade/UpgradeException.java	115	25~
org.apache.hadoop.ozone.upgrade.LayoutFeature	hadoop-hdds/common/src/main/java/org/apache/hadoop/ozone/upgrade/LayoutFeature.java	55	25~
org.apache.hadoop.ozone.upgrade.UpgradeFinalization	hadoop-hdds/common/src/main/java/org/apache/hadoop/ozone/upgrade/UpgradeFinalization.java	175	100~
org.apache.hadoop.ozone.util.ProtobufUtils	hadoop-hdds/common/src/main/java/org/apache/hadoop/ozone/util/ProtobufUtils.java	53	25~
org.apache.hadoop.ozone.util.OzoneNetUtils	hadoop-hdds/common/src/main/java/org/apache/hadoop/ozone/util/OzoneNetUtils.java	135	75~
org.apache.hadoop.ozone.util.ClosableIterator	hadoop-hdds/common/src/main/java/org/apache/hadoop/ozone/util/ClosableIterator.java	29	25~
org.apache.hadoop.ozone.util.CacheMetrics	hadoop-hdds/common/src/main/java/org/apache/hadoop/ozone/util/CacheMetrics.java	110	75~
org.apache.hadoop.ozone.util.UUIDv7	hadoop-hdds/common/src/main/java/org/apache/hadoop/ozone/util/UUIDv7.java	61	25~
org.apache.hadoop.ozone.util.PerformanceMetricsInitializer	hadoop-hdds/common/src/main/java/org/apache/hadoop/ozone/util/PerformanceMetricsInitializer.java	67	25~
org.apache.hadoop.ozone.util.SeekableIterator	hadoop-hdds/common/src/main/java/org/apache/hadoop/ozone/util/SeekableIterator.java	28	25~
org.apache.hadoop.ozone.util.MutableMinMax	hadoop-hdds/common/src/main/java/org/apache/hadoop/ozone/util/MutableMinMax.java	93	50~
org.apache.hadoop.ozone.util.PerformanceMetrics	hadoop-hdds/common/src/main/java/org/apache/hadoop/ozone/util/PerformanceMetrics.java	106	25~
org.apache.hadoop.ozone.util.MetricUtil	hadoop-hdds/common/src/main/java/org/apache/hadoop/ozone/util/MetricUtil.java	128	75~
org.apache.hadoop.ozone.util.StringWithByteString	hadoop-hdds/common/src/main/java/org/apache/hadoop/ozone/util/StringWithByteString.java	53	25~
org.apache.hadoop.ozone.util.UUIDUtil	hadoop-hdds/common/src/main/java/org/apache/hadoop/ozone/util/UUIDUtil.java	52	25~
org.apache.hadoop.ozone.util.ShutdownHookManager	hadoop-hdds/common/src/main/java/org/apache/hadoop/ozone/util/ShutdownHookManager.java	372	200~
org.apache.hadoop.ozone.OzoneConfigKeys	hadoop-hdds/common/src/main/java/org/apache/hadoop/ozone/OzoneConfigKeys.java	736	525~
org.apache.hadoop.ozone.ClientVersion	hadoop-hdds/common/src/main/java/org/apache/hadoop/ozone/ClientVersion.java	82	50~
org.apache.hadoop.ozone.OzoneSecurityUtil	hadoop-hdds/common/src/main/java/org/apache/hadoop/ozone/OzoneSecurityUtil.java	110	50~
org.apache.hadoop.ozone.lock.ReadWriteLockable	hadoop-hdds/common/src/main/java/org/apache/hadoop/ozone/lock/ReadWriteLockable.java	31	25~
org.apache.hadoop.ozone.lock.BootstrapStateHandler	hadoop-hdds/common/src/main/java/org/apache/hadoop/ozone/lock/BootstrapStateHandler.java	49	25~
org.apache.hadoop.ozone.utils.FormattingCLIUtils	hadoop-hdds/common/src/main/java/org/apache/hadoop/ozone/utils/FormattingCLIUtils.java	293	150~
org.apache.hadoop.ozone.container.common.helpers.ChunkInfoList	hadoop-hdds/common/src/main/java/org/apache/hadoop/ozone/container/common/helpers/ChunkInfoList.java	67	25~
org.apache.hadoop.ozone.container.common.helpers.BlockData	hadoop-hdds/common/src/main/java/org/apache/hadoop/ozone/container/common/helpers/BlockData.java	315	175~
org.apache.hadoop.ozone.container.common.helpers.ChunkInfo	hadoop-hdds/common/src/main/java/org/apache/hadoop/ozone/container/common/helpers/ChunkInfo.java	202	100~
org.apache.hadoop.ozone.common.ChecksumData	hadoop-hdds/common/src/main/java/org/apache/hadoop/ozone/common/ChecksumData.java	173	100~
org.apache.hadoop.ozone.common.ChecksumByteBufferFactory	hadoop-hdds/common/src/main/java/org/apache/hadoop/ozone/common/ChecksumByteBufferFactory.java	95	50~
org.apache.hadoop.ozone.common.ChunkBufferImplWithByteBufferList	hadoop-hdds/common/src/main/java/org/apache/hadoop/ozone/common/ChunkBufferImplWithByteBufferList.java	291	200~
org.apache.hadoop.ozone.common.InconsistentStorageStateException	hadoop-hdds/common/src/main/java/org/apache/hadoop/ozone/common/InconsistentStorageStateException.java	50	25~
org.apache.hadoop.ozone.common.ChunkBufferToByteString	hadoop-hdds/common/src/main/java/org/apache/hadoop/ozone/common/ChunkBufferToByteString.java	92	25~
org.apache.hadoop.ozone.common.PureJavaCrc32ByteBuffer	hadoop-hdds/common/src/main/java/org/apache/hadoop/ozone/common/PureJavaCrc32ByteBuffer.java	569	525~
org.apache.hadoop.ozone.common.statemachine.StateMachine	hadoop-hdds/common/src/main/java/org/apache/hadoop/ozone/common/statemachine/StateMachine.java	66	25~
org.apache.hadoop.ozone.common.statemachine.InvalidStateTransitionException	hadoop-hdds/common/src/main/java/org/apache/hadoop/ozone/common/statemachine/InvalidStateTransitionException.java	41	25~
org.apache.hadoop.ozone.common.ChunkBufferToByteStringByByteBufs	hadoop-hdds/common/src/main/java/org/apache/hadoop/ozone/common/ChunkBufferToByteStringByByteBufs.java	100	50~
org.apache.hadoop.ozone.common.ChunkBuffer	hadoop-hdds/common/src/main/java/org/apache/hadoop/ozone/common/ChunkBuffer.java	141	50~
org.apache.hadoop.ozone.common.ChecksumCache	hadoop-hdds/common/src/main/java/org/apache/hadoop/ozone/common/ChecksumCache.java	122	50~
org.apache.hadoop.ozone.common.utils.BufferUtils	hadoop-hdds/common/src/main/java/org/apache/hadoop/ozone/common/utils/BufferUtils.java	187	100~
org.apache.hadoop.ozone.common.PureJavaCrc32CByteBuffer	hadoop-hdds/common/src/main/java/org/apache/hadoop/ozone/common/PureJavaCrc32CByteBuffer.java	573	525~
org.apache.hadoop.ozone.common.IncrementalChunkBuffer	hadoop-hdds/common/src/main/java/org/apache/hadoop/ozone/common/IncrementalChunkBuffer.java	326	225~
org.apache.hadoop.ozone.common.ChecksumByteBufferImpl	hadoop-hdds/common/src/main/java/org/apache/hadoop/ozone/common/ChecksumByteBufferImpl.java	129	75~
org.apache.hadoop.ozone.common.ChunkBufferImplWithByteBuffer	hadoop-hdds/common/src/main/java/org/apache/hadoop/ozone/common/ChunkBufferImplWithByteBuffer.java	166	125~
org.apache.hadoop.ozone.common.ChecksumByteBuffer	hadoop-hdds/common/src/main/java/org/apache/hadoop/ozone/common/ChecksumByteBuffer.java	47	25~
org.apache.hadoop.ozone.common.Checksum	hadoop-hdds/common/src/main/java/org/apache/hadoop/ozone/common/Checksum.java	377	200~
org.apache.hadoop.ozone.common.OzoneChecksumException	hadoop-hdds/common/src/main/java/org/apache/hadoop/ozone/common/OzoneChecksumException.java	38	25~
org.apache.hadoop.ozone.audit.Auditable	hadoop-hdds/common/src/main/java/org/apache/hadoop/ozone/audit/Auditable.java	32	25~
org.apache.hadoop.ozone.Versioned	hadoop-hdds/common/src/main/java/org/apache/hadoop/ozone/Versioned.java	25	25~
org.apache.hadoop.ozone.ha.ConfUtils	hadoop-hdds/common/src/main/java/org/apache/hadoop/ozone/ha/ConfUtils.java	105	50~
org.apache.hadoop.ozone.OzoneManagerVersion	hadoop-hdds/common/src/main/java/org/apache/hadoop/ozone/OzoneManagerVersion.java	100	50~
org.apache.hadoop.ozone.OzoneConsts	hadoop-hdds/common/src/main/java/org/apache/hadoop/ozone/OzoneConsts.java	591	325~
org.apache.hadoop.ozone.conf.OzoneServiceConfig	hadoop-hdds/common/src/main/java/org/apache/hadoop/ozone/conf/OzoneServiceConfig.java	74	25~
org.apache.hadoop.hdds.StringUtils	hadoop-hdds/common/src/main/java/org/apache/hadoop/hdds/StringUtils.java	133	75~
org.apache.hadoop.hdds.tracing.TracingConfig	hadoop-hdds/common/src/main/java/org/apache/hadoop/hdds/tracing/TracingConfig.java	144	100~
org.apache.hadoop.hdds.tracing.TraceAllMethod	hadoop-hdds/common/src/main/java/org/apache/hadoop/hdds/tracing/TraceAllMethod.java	102	50~
org.apache.hadoop.hdds.tracing.SkipTracing	hadoop-hdds/common/src/main/java/org/apache/hadoop/hdds/tracing/SkipTracing.java	31	25~
org.apache.hadoop.hdds.tracing.GrpcServerInterceptor	hadoop-hdds/common/src/main/java/org/apache/hadoop/hdds/tracing/GrpcServerInterceptor.java	56	25~
org.apache.hadoop.hdds.tracing.GrpcClientInterceptor	hadoop-hdds/common/src/main/java/org/apache/hadoop/hdds/tracing/GrpcClientInterceptor.java	57	25~
org.apache.hadoop.hdds.tracing.LoopSampler	hadoop-hdds/common/src/main/java/org/apache/hadoop/hdds/tracing/LoopSampler.java	46	25~
org.apache.hadoop.hdds.tracing.TracingUtil	hadoop-hdds/common/src/main/java/org/apache/hadoop/hdds/tracing/TracingUtil.java	607	375~
org.apache.hadoop.hdds.tracing.SpanSampler	hadoop-hdds/common/src/main/java/org/apache/hadoop/hdds/tracing/SpanSampler.java	90	25~
org.apache.hadoop.hdds.upgrade.BelongsToHDDSLayoutVersion	hadoop-hdds/common/src/main/java/org/apache/hadoop/hdds/upgrade/BelongsToHDDSLayoutVersion.java	33	25~
org.apache.hadoop.hdds.upgrade.HDDSUpgradeAction	hadoop-hdds/common/src/main/java/org/apache/hadoop/hdds/upgrade/HDDSUpgradeAction.java	26	25~
org.apache.hadoop.hdds.upgrade.HDDSLayoutFeature	hadoop-hdds/common/src/main/java/org/apache/hadoop/hdds/upgrade/HDDSLayoutFeature.java	100	50~
org.apache.hadoop.hdds.security.token.OzoneBlockTokenSelector	hadoop-hdds/common/src/main/java/org/apache/hadoop/hdds/security/token/OzoneBlockTokenSelector.java	57	25~
org.apache.hadoop.hdds.security.token.OzoneBlockTokenIdentifier	hadoop-hdds/common/src/main/java/org/apache/hadoop/hdds/security/token/OzoneBlockTokenIdentifier.java	186	125~
org.apache.hadoop.hdds.security.token.ShortLivedTokenIdentifier	hadoop-hdds/common/src/main/java/org/apache/hadoop/hdds/security/token/ShortLivedTokenIdentifier.java	113	75~
org.apache.hadoop.hdds.security.SecurityConfig	hadoop-hdds/common/src/main/java/org/apache/hadoop/hdds/security/SecurityConfig.java	678	350~
org.apache.hadoop.hdds.security.x509.certificate.utils.CertificateCodec	hadoop-hdds/common/src/main/java/org/apache/hadoop/hdds/security/x509/certificate/utils/CertificateCodec.java	331	175~
org.apache.hadoop.hdds.security.x509.certificate.authority.CAType	hadoop-hdds/common/src/main/java/org/apache/hadoop/hdds/security/x509/certificate/authority/CAType.java	39	25~
org.apache.hadoop.hdds.security.x509.certificate.client.CACertificateProvider	hadoop-hdds/common/src/main/java/org/apache/hadoop/hdds/security/x509/certificate/client/CACertificateProvider.java	30	25~
org.apache.hadoop.hdds.security.x509.keys.HDDSKeyGenerator	hadoop-hdds/common/src/main/java/org/apache/hadoop/hdds/security/x509/keys/HDDSKeyGenerator.java	108	25~
org.apache.hadoop.hdds.security.x509.keys.KeyStorage	hadoop-hdds/common/src/main/java/org/apache/hadoop/hdds/security/x509/keys/KeyStorage.java	246	100~
org.apache.hadoop.hdds.security.x509.keys.KeyCodec	hadoop-hdds/common/src/main/java/org/apache/hadoop/hdds/security/x509/keys/KeyCodec.java	126	25~
org.apache.hadoop.hdds.security.x509.exception.CertificateException	hadoop-hdds/common/src/main/java/org/apache/hadoop/hdds/security/x509/exception/CertificateException.java	93	25~
org.apache.hadoop.hdds.security.exception.SCMSecurityException	hadoop-hdds/common/src/main/java/org/apache/hadoop/hdds/security/exception/SCMSecurityException.java	113	50~
org.apache.hadoop.hdds.security.exception.OzoneSecurityException	hadoop-hdds/common/src/main/java/org/apache/hadoop/hdds/security/exception/OzoneSecurityException.java	105	25~
org.apache.hadoop.hdds.security.exception.SCMSecretKeyException	hadoop-hdds/common/src/main/java/org/apache/hadoop/hdds/security/exception/SCMSecretKeyException.java	46	25~
org.apache.hadoop.hdds.security.SecurityConstants	hadoop-hdds/common/src/main/java/org/apache/hadoop/hdds/security/SecurityConstants.java	46	25~
org.apache.hadoop.hdds.annotation.InterfaceAudience	hadoop-hdds/common/src/main/java/org/apache/hadoop/hdds/annotation/InterfaceAudience.java	73	25~
org.apache.hadoop.hdds.annotation.InterfaceStability	hadoop-hdds/common/src/main/java/org/apache/hadoop/hdds/annotation/InterfaceStability.java	65	25~
org.apache.hadoop.hdds.server.JsonUtils	hadoop-hdds/common/src/main/java/org/apache/hadoop/hdds/server/JsonUtils.java	204	100~
org.apache.hadoop.hdds.utils.ConnectionFailureUtils	hadoop-hdds/common/src/main/java/org/apache/hadoop/hdds/utils/ConnectionFailureUtils.java	131	50~
org.apache.hadoop.hdds.utils.LeakDetector	hadoop-hdds/common/src/main/java/org/apache/hadoop/hdds/utils/LeakDetector.java	103	25~
org.apache.hadoop.hdds.utils.IOUtils	hadoop-hdds/common/src/main/java/org/apache/hadoop/hdds/utils/IOUtils.java	144	75~
org.apache.hadoop.hdds.utils.LegacyHadoopConfigurationSource	hadoop-hdds/common/src/main/java/org/apache/hadoop/hdds/utils/LegacyHadoopConfigurationSource.java	133	75~
org.apache.hadoop.hdds.utils.CompositeKey	hadoop-hdds/common/src/main/java/org/apache/hadoop/hdds/utils/CompositeKey.java	70	25~
org.apache.hadoop.hdds.utils.RatisVersionInfo	hadoop-hdds/common/src/main/java/org/apache/hadoop/hdds/utils/RatisVersionInfo.java	59	25~
org.apache.hadoop.hdds.utils.GlobPattern	hadoop-hdds/common/src/main/java/org/apache/hadoop/hdds/utils/GlobPattern.java	165	100~
org.apache.hadoop.hdds.utils.Scheduler	hadoop-hdds/common/src/main/java/org/apache/hadoop/hdds/utils/Scheduler.java	106	50~
org.apache.hadoop.hdds.utils.io.RandomAccessFileChannel	hadoop-hdds/common/src/main/java/org/apache/hadoop/hdds/utils/io/RandomAccessFileChannel.java	120	75~
org.apache.hadoop.hdds.utils.io.ByteBufferInputStream	hadoop-hdds/common/src/main/java/org/apache/hadoop/hdds/utils/io/ByteBufferInputStream.java	74	50~
org.apache.hadoop.hdds.utils.io.LengthOutputStream	hadoop-hdds/common/src/main/java/org/apache/hadoop/hdds/utils/io/LengthOutputStream.java	55	25~
org.apache.hadoop.hdds.utils.Cache	hadoop-hdds/common/src/main/java/org/apache/hadoop/hdds/utils/Cache.java	36	25~
org.apache.hadoop.hdds.utils.HddsVersionInfo	hadoop-hdds/common/src/main/java/org/apache/hadoop/hdds/utils/HddsVersionInfo.java	57	25~
org.apache.hadoop.hdds.utils.LeakTracker	hadoop-hdds/common/src/main/java/org/apache/hadoop/hdds/utils/LeakTracker.java	52	25~
org.apache.hadoop.hdds.utils.RetriableTask	hadoop-hdds/common/src/main/java/org/apache/hadoop/hdds/utils/RetriableTask.java	77	50~
org.apache.hadoop.hdds.utils.UniqueId	hadoop-hdds/common/src/main/java/org/apache/hadoop/hdds/utils/UniqueId.java	67	25~
org.apache.hadoop.hdds.utils.db.LongCodec	hadoop-hdds/common/src/main/java/org/apache/hadoop/hdds/utils/db/LongCodec.java	78	50~
org.apache.hadoop.hdds.utils.db.Proto2Codec	hadoop-hdds/common/src/main/java/org/apache/hadoop/hdds/utils/db/Proto2Codec.java	118	75~
org.apache.hadoop.hdds.utils.db.CodecException	hadoop-hdds/common/src/main/java/org/apache/hadoop/hdds/utils/db/CodecException.java	37	25~
org.apache.hadoop.hdds.utils.db.CodecBuffer	hadoop-hdds/common/src/main/java/org/apache/hadoop/hdds/utils/db/CodecBuffer.java	521	300~
org.apache.hadoop.hdds.utils.db.Proto3Codec	hadoop-hdds/common/src/main/java/org/apache/hadoop/hdds/utils/db/Proto3Codec.java	124	75~
org.apache.hadoop.hdds.utils.db.PutToByteBuffer	hadoop-hdds/common/src/main/java/org/apache/hadoop/hdds/utils/db/PutToByteBuffer.java	37	25~
org.apache.hadoop.hdds.utils.db.StringCodecBase	hadoop-hdds/common/src/main/java/org/apache/hadoop/hdds/utils/db/StringCodecBase.java	223	150~
org.apache.hadoop.hdds.utils.db.BooleanCodec	hadoop-hdds/common/src/main/java/org/apache/hadoop/hdds/utils/db/BooleanCodec.java	78	50~
org.apache.hadoop.hdds.utils.db.IteratorType	hadoop-hdds/common/src/main/java/org/apache/hadoop/hdds/utils/db/IteratorType.java	55	25~
org.apache.hadoop.hdds.utils.db.CopyObject	hadoop-hdds/common/src/main/java/org/apache/hadoop/hdds/utils/db/CopyObject.java	32	25~
org.apache.hadoop.hdds.utils.db.UuidCodec	hadoop-hdds/common/src/main/java/org/apache/hadoop/hdds/utils/db/UuidCodec.java	91	50~
org.apache.hadoop.hdds.utils.db.StringCodec	hadoop-hdds/common/src/main/java/org/apache/hadoop/hdds/utils/db/StringCodec.java	43	25~
org.apache.hadoop.hdds.utils.db.Buffer	hadoop-hdds/common/src/main/java/org/apache/hadoop/hdds/utils/db/Buffer.java	80	50~
org.apache.hadoop.hdds.utils.db.DelegatedCodec	hadoop-hdds/common/src/main/java/org/apache/hadoop/hdds/utils/db/DelegatedCodec.java	147	75~
org.apache.hadoop.hdds.utils.db.Codec	hadoop-hdds/common/src/main/java/org/apache/hadoop/hdds/utils/db/Codec.java	144	50~
org.apache.hadoop.hdds.utils.db.IntegerCodec	hadoop-hdds/common/src/main/java/org/apache/hadoop/hdds/utils/db/IntegerCodec.java	81	50~
org.apache.hadoop.hdds.utils.db.ShortCodec	hadoop-hdds/common/src/main/java/org/apache/hadoop/hdds/utils/db/ShortCodec.java	73	25~
org.apache.hadoop.hdds.utils.ResourceCache	hadoop-hdds/common/src/main/java/org/apache/hadoop/hdds/utils/ResourceCache.java	81	50~
org.apache.hadoop.hdds.utils.VersionInfo	hadoop-hdds/common/src/main/java/org/apache/hadoop/hdds/utils/VersionInfo.java	87	50~
org.apache.hadoop.hdds.utils.SlidingWindow	hadoop-hdds/common/src/main/java/org/apache/hadoop/hdds/utils/SlidingWindow.java	184	75~
org.apache.hadoop.hdds.utils.SimpleStriped	hadoop-hdds/common/src/main/java/org/apache/hadoop/hdds/utils/SimpleStriped.java	51	25~
org.apache.hadoop.hdds.protocol.DatanodeID	hadoop-hdds/common/src/main/java/org/apache/hadoop/hdds/protocol/DatanodeID.java	124	75~
org.apache.hadoop.hdds.protocol.DatanodeDetails	hadoop-hdds/common/src/main/java/org/apache/hadoop/hdds/protocol/DatanodeDetails.java	1208	650~
org.apache.hadoop.hdds.DatanodeVersion	hadoop-hdds/common/src/main/java/org/apache/hadoop/hdds/DatanodeVersion.java	77	25~
org.apache.hadoop.hdds.ratis.ServerNotLeaderException	hadoop-hdds/common/src/main/java/org/apache/hadoop/hdds/ratis/ServerNotLeaderException.java	110	75~
org.apache.hadoop.hdds.ratis.retrypolicy.RetryPolicyCreator	hadoop-hdds/common/src/main/java/org/apache/hadoop/hdds/ratis/retrypolicy/RetryPolicyCreator.java	28	25~
org.apache.hadoop.hdds.ratis.retrypolicy.RetryLimitedPolicyCreator	hadoop-hdds/common/src/main/java/org/apache/hadoop/hdds/ratis/retrypolicy/RetryLimitedPolicyCreator.java	45	25~
org.apache.hadoop.hdds.ratis.retrypolicy.RequestTypeDependentRetryPolicyCreator	hadoop-hdds/common/src/main/java/org/apache/hadoop/hdds/ratis/retrypolicy/RequestTypeDependentRetryPolicyCreator.java	125	50~
org.apache.hadoop.hdds.ratis.RatisHelper	hadoop-hdds/common/src/main/java/org/apache/hadoop/hdds/ratis/RatisHelper.java	671	450~
org.apache.hadoop.hdds.ratis.ContainerCommandRequestMessage	hadoop-hdds/common/src/main/java/org/apache/hadoop/hdds/ratis/ContainerCommandRequestMessage.java	120	75~
org.apache.hadoop.hdds.ratis.conf.RatisClientConfig	hadoop-hdds/common/src/main/java/org/apache/hadoop/hdds/ratis/conf/RatisClientConfig.java	253	175~
org.apache.hadoop.hdds.JavaUtils	hadoop-hdds/common/src/main/java/org/apache/hadoop/hdds/JavaUtils.java	55	25~
org.apache.hadoop.hdds.HddsUtils	hadoop-hdds/common/src/main/java/org/apache/hadoop/hdds/HddsUtils.java	898	525~
org.apache.hadoop.hdds.ComponentVersion	hadoop-hdds/common/src/main/java/org/apache/hadoop/hdds/ComponentVersion.java	44	25~
org.apache.hadoop.hdds.scm.XceiverClientSpi	hadoop-hdds/common/src/main/java/org/apache/hadoop/hdds/scm/XceiverClientSpi.java	222	100~
org.apache.hadoop.hdds.scm.pipeline.Pipeline	hadoop-hdds/common/src/main/java/org/apache/hadoop/hdds/scm/pipeline/Pipeline.java	742	475~
org.apache.hadoop.hdds.scm.pipeline.PipelineNotFoundException	hadoop-hdds/common/src/main/java/org/apache/hadoop/hdds/scm/pipeline/PipelineNotFoundException.java	45	25~
org.apache.hadoop.hdds.scm.pipeline.PipelineID	hadoop-hdds/common/src/main/java/org/apache/hadoop/hdds/scm/pipeline/PipelineID.java	134	75~
org.apache.hadoop.hdds.scm.pipeline.DuplicatedPipelineIdException	hadoop-hdds/common/src/main/java/org/apache/hadoop/hdds/scm/pipeline/DuplicatedPipelineIdException.java	30	25~
org.apache.hadoop.hdds.scm.pipeline.InvalidPipelineStateException	hadoop-hdds/common/src/main/java/org/apache/hadoop/hdds/scm/pipeline/InvalidPipelineStateException.java	29	25~
org.apache.hadoop.hdds.scm.ScmInfo	hadoop-hdds/common/src/main/java/org/apache/hadoop/hdds/scm/ScmInfo.java	110	50~
org.apache.hadoop.hdds.scm.net.Node	hadoop-hdds/common/src/main/java/org/apache/hadoop/hdds/scm/net/Node.java	136	25~
org.apache.hadoop.hdds.scm.net.NetworkTopology	hadoop-hdds/common/src/main/java/org/apache/hadoop/hdds/scm/net/NetworkTopology.java	251	25~
org.apache.hadoop.hdds.scm.net.NetUtils	hadoop-hdds/common/src/main/java/org/apache/hadoop/hdds/scm/net/NetUtils.java	161	75~
org.apache.hadoop.hdds.scm.net.NodeImpl	hadoop-hdds/common/src/main/java/org/apache/hadoop/hdds/scm/net/NodeImpl.java	312	175~
org.apache.hadoop.hdds.scm.net.NodeSchema	hadoop-hdds/common/src/main/java/org/apache/hadoop/hdds/scm/net/NodeSchema.java	183	100~
org.apache.hadoop.hdds.scm.net.NetConstants	hadoop-hdds/common/src/main/java/org/apache/hadoop/hdds/scm/net/NetConstants.java	70	25~
org.apache.hadoop.hdds.scm.net.InnerNode	hadoop-hdds/common/src/main/java/org/apache/hadoop/hdds/scm/net/InnerNode.java	102	25~
org.apache.hadoop.hdds.scm.net.HostAndPort	hadoop-hdds/common/src/main/java/org/apache/hadoop/hdds/scm/net/HostAndPort.java	101	50~
org.apache.hadoop.hdds.scm.protocolPB.OzonePBHelper	hadoop-hdds/common/src/main/java/org/apache/hadoop/hdds/scm/protocolPB/OzonePBHelper.java	86	25~
org.apache.hadoop.hdds.scm.protocolPB.ContainerCommandResponseBuilders	hadoop-hdds/common/src/main/java/org/apache/hadoop/hdds/scm/protocolPB/ContainerCommandResponseBuilders.java	409	225~
org.apache.hadoop.hdds.scm.XceiverClientReply	hadoop-hdds/common/src/main/java/org/apache/hadoop/hdds/scm/XceiverClientReply.java	72	25~
org.apache.hadoop.hdds.scm.DatanodeAdminError	hadoop-hdds/common/src/main/java/org/apache/hadoop/hdds/scm/DatanodeAdminError.java	41	25~
org.apache.hadoop.hdds.scm.StreamingReadResponse	hadoop-hdds/common/src/main/java/org/apache/hadoop/hdds/scm/StreamingReadResponse.java	55	25~
org.apache.hadoop.hdds.scm.ScmRatisServerConfig	hadoop-hdds/common/src/main/java/org/apache/hadoop/hdds/scm/ScmRatisServerConfig.java	52	25~
org.apache.hadoop.hdds.scm.utils.ClientCommandsUtils	hadoop-hdds/common/src/main/java/org/apache/hadoop/hdds/scm/utils/ClientCommandsUtils.java	49	25~
org.apache.hadoop.hdds.scm.exceptions.SCMException	hadoop-hdds/common/src/main/java/org/apache/hadoop/hdds/scm/exceptions/SCMException.java	162	75~
org.apache.hadoop.hdds.scm.ScmConfig	hadoop-hdds/common/src/main/java/org/apache/hadoop/hdds/scm/ScmConfig.java	212	150~
org.apache.hadoop.hdds.scm.storage.ContainerProtocolCalls	hadoop-hdds/common/src/main/java/org/apache/hadoop/hdds/scm/storage/ContainerProtocolCalls.java	1030	700~
org.apache.hadoop.hdds.scm.storage.BlockLocationInfo	hadoop-hdds/common/src/main/java/org/apache/hadoop/hdds/scm/storage/BlockLocationInfo.java	224	150~
org.apache.hadoop.hdds.scm.ScmConfigKeys	hadoop-hdds/common/src/main/java/org/apache/hadoop/hdds/scm/ScmConfigKeys.java	653	450~
org.apache.hadoop.hdds.scm.container.ContainerNotFoundException	hadoop-hdds/common/src/main/java/org/apache/hadoop/hdds/scm/container/ContainerNotFoundException.java	41	25~
org.apache.hadoop.hdds.scm.container.ContainerHealthState	hadoop-hdds/common/src/main/java/org/apache/hadoop/hdds/scm/container/ContainerHealthState.java	220	75~
org.apache.hadoop.hdds.scm.container.ReplicationManagerReport	hadoop-hdds/common/src/main/java/org/apache/hadoop/hdds/scm/container/ReplicationManagerReport.java	280	175~
org.apache.hadoop.hdds.scm.container.ContainerID	hadoop-hdds/common/src/main/java/org/apache/hadoop/hdds/scm/container/ContainerID.java	142	75~
org.apache.hadoop.hdds.scm.container.ContainerChecksums	hadoop-hdds/common/src/main/java/org/apache/hadoop/hdds/scm/container/ContainerChecksums.java	87	50~
org.apache.hadoop.hdds.scm.container.common.helpers.AllocatedBlock	hadoop-hdds/common/src/main/java/org/apache/hadoop/hdds/scm/container/common/helpers/AllocatedBlock.java	75	25~
org.apache.hadoop.hdds.scm.container.common.helpers.InvalidContainerStateException	hadoop-hdds/common/src/main/java/org/apache/hadoop/hdds/scm/container/common/helpers/InvalidContainerStateException.java	36	25~
org.apache.hadoop.hdds.scm.container.common.helpers.ExcludeList	hadoop-hdds/common/src/main/java/org/apache/hadoop/hdds/scm/container/common/helpers/ExcludeList.java	152	100~
org.apache.hadoop.hdds.scm.container.common.helpers.StorageContainerException	hadoop-hdds/common/src/main/java/org/apache/hadoop/hdds/scm/container/common/helpers/StorageContainerException.java	102	25~
org.apache.hadoop.hdds.scm.container.common.helpers.BlockNotCommittedException	hadoop-hdds/common/src/main/java/org/apache/hadoop/hdds/scm/container/common/helpers/BlockNotCommittedException.java	36	25~
org.apache.hadoop.hdds.scm.container.common.helpers.ContainerNotOpenException	hadoop-hdds/common/src/main/java/org/apache/hadoop/hdds/scm/container/common/helpers/ContainerNotOpenException.java	37	25~
org.apache.hadoop.hdds.scm.container.common.helpers.ContainerWithPipeline	hadoop-hdds/common/src/main/java/org/apache/hadoop/hdds/scm/container/common/helpers/ContainerWithPipeline.java	130	50~
org.apache.hadoop.hdds.scm.container.ContainerException	hadoop-hdds/common/src/main/java/org/apache/hadoop/hdds/scm/container/ContainerException.java	49	25~
org.apache.hadoop.hdds.scm.container.balancer.ContainerBalancerConfiguration	hadoop-hdds/common/src/main/java/org/apache/hadoop/hdds/scm/container/balancer/ContainerBalancerConfiguration.java	601	375~
org.apache.hadoop.hdds.scm.container.ContainerInfo	hadoop-hdds/common/src/main/java/org/apache/hadoop/hdds/scm/container/ContainerInfo.java	515	300~
org.apache.hadoop.hdds.scm.container.ContainerReplicaNotFoundException	hadoop-hdds/common/src/main/java/org/apache/hadoop/hdds/scm/container/ContainerReplicaNotFoundException.java	45	25~
org.apache.hadoop.hdds.scm.container.ContainerListResult	hadoop-hdds/common/src/main/java/org/apache/hadoop/hdds/scm/container/ContainerListResult.java	57	25~
org.apache.hadoop.hdds.scm.container.ContainerReplicaInfo	hadoop-hdds/common/src/main/java/org/apache/hadoop/hdds/scm/container/ContainerReplicaInfo.java	154	100~
org.apache.hadoop.hdds.scm.ContainerPlacementStatus	hadoop-hdds/common/src/main/java/org/apache/hadoop/hdds/scm/ContainerPlacementStatus.java	71	25~
org.apache.hadoop.hdds.scm.AddSCMRequest	hadoop-hdds/common/src/main/java/org/apache/hadoop/hdds/scm/AddSCMRequest.java	112	50~
org.apache.hadoop.hdds.scm.ByteStringConversion	hadoop-hdds/common/src/main/java/org/apache/hadoop/hdds/scm/ByteStringConversion.java	58	25~
org.apache.hadoop.hdds.scm.ha.RetriableWithNoFailoverException	hadoop-hdds/common/src/main/java/org/apache/hadoop/hdds/scm/ha/RetriableWithNoFailoverException.java	30	25~
org.apache.hadoop.hdds.scm.ha.SCMNodeInfo	hadoop-hdds/common/src/main/java/org/apache/hadoop/hdds/scm/ha/SCMNodeInfo.java	250	150~
org.apache.hadoop.hdds.scm.ha.RetriableWithFailOverException	hadoop-hdds/common/src/main/java/org/apache/hadoop/hdds/scm/ha/RetriableWithFailOverException.java	30	25~
org.apache.hadoop.hdds.scm.ha.NonRetriableException	hadoop-hdds/common/src/main/java/org/apache/hadoop/hdds/scm/ha/NonRetriableException.java	39	25~
org.apache.hadoop.hdds.scm.PipelineRequestInformation	hadoop-hdds/common/src/main/java/org/apache/hadoop/hdds/scm/PipelineRequestInformation.java	58	25~
org.apache.hadoop.hdds.scm.RemoveSCMRequest	hadoop-hdds/common/src/main/java/org/apache/hadoop/hdds/scm/RemoveSCMRequest.java	62	25~
org.apache.hadoop.hdds.scm.StreamingReaderSpi	hadoop-hdds/common/src/main/java/org/apache/hadoop/hdds/scm/StreamingReaderSpi.java	30	25~
org.apache.hadoop.hdds.scm.client.ClientTrustManager	hadoop-hdds/common/src/main/java/org/apache/hadoop/hdds/scm/client/ClientTrustManager.java	223	125~
org.apache.hadoop.hdds.fs.SpaceUsageSource	hadoop-hdds/common/src/main/java/org/apache/hadoop/hdds/fs/SpaceUsageSource.java	89	50~
org.apache.hadoop.hdds.NodeDetails	hadoop-hdds/common/src/main/java/org/apache/hadoop/hdds/NodeDetails.java	124	75~
org.apache.hadoop.hdds.conf.OzoneConfiguration	hadoop-hdds/common/src/main/java/org/apache/hadoop/hdds/conf/OzoneConfiguration.java	518	350~
org.apache.hadoop.hdds.conf.DelegatingProperties	hadoop-hdds/common/src/main/java/org/apache/hadoop/hdds/conf/DelegatingProperties.java	189	125~
org.apache.hadoop.hdds.conf.HddsPrometheusConfig	hadoop-hdds/common/src/main/java/org/apache/hadoop/hdds/conf/HddsPrometheusConfig.java	43	25~
org.apache.hadoop.hdds.conf.RatisConfUtils	hadoop-hdds/common/src/main/java/org/apache/hadoop/hdds/conf/RatisConfUtils.java	44	25~
org.apache.hadoop.hdds.recon.ReconConfigKeys	hadoop-hdds/common/src/main/java/org/apache/hadoop/hdds/recon/ReconConfigKeys.java	87	50~
org.apache.hadoop.hdds.recon.ReconConfig	hadoop-hdds/common/src/main/java/org/apache/hadoop/hdds/recon/ReconConfig.java	93	50~
org.apache.hadoop.hdds.client.OzoneQuota	hadoop-hdds/common/src/main/java/org/apache/hadoop/hdds/client/OzoneQuota.java	289	150~
org.apache.hadoop.hdds.client.ReplicationType	hadoop-hdds/common/src/main/java/org/apache/hadoop/hdds/client/ReplicationType.java	71	50~
org.apache.hadoop.hdds.client.BlockID	hadoop-hdds/common/src/main/java/org/apache/hadoop/hdds/client/BlockID.java	158	100~
org.apache.hadoop.hdds.client.ReplicationFactor	hadoop-hdds/common/src/main/java/org/apache/hadoop/hdds/client/ReplicationFactor.java	90	50~
org.apache.hadoop.hdds.client.DecommissionUtils	hadoop-hdds/common/src/main/java/org/apache/hadoop/hdds/client/DecommissionUtils.java	150	75~
org.apache.hadoop.hdds.client.DefaultReplicationConfig	hadoop-hdds/common/src/main/java/org/apache/hadoop/hdds/client/DefaultReplicationConfig.java	99	75~
org.apache.hadoop.hdds.client.ECReplicationConfig	hadoop-hdds/common/src/main/java/org/apache/hadoop/hdds/client/ECReplicationConfig.java	226	150~
org.apache.hadoop.hdds.client.ReplicationConfigValidator	hadoop-hdds/common/src/main/java/org/apache/hadoop/hdds/client/ReplicationConfigValidator.java	83	50~
org.apache.hadoop.hdds.client.RatisReplicationConfig	hadoop-hdds/common/src/main/java/org/apache/hadoop/hdds/client/RatisReplicationConfig.java	132	75~
org.apache.hadoop.hdds.client.ReplicationConfig	hadoop-hdds/common/src/main/java/org/apache/hadoop/hdds/client/ReplicationConfig.java	237	125~
org.apache.hadoop.hdds.client.ReplicatedReplicationConfig	hadoop-hdds/common/src/main/java/org/apache/hadoop/hdds/client/ReplicatedReplicationConfig.java	34	25~
org.apache.hadoop.hdds.client.StandaloneReplicationConfig	hadoop-hdds/common/src/main/java/org/apache/hadoop/hdds/client/StandaloneReplicationConfig.java	134	75~
org.apache.hadoop.hdds.client.ContainerBlockID	hadoop-hdds/common/src/main/java/org/apache/hadoop/hdds/client/ContainerBlockID.java	85	50~
org.apache.hadoop.hdds.HddsIdFactory	hadoop-hdds/common/src/main/java/org/apache/hadoop/hdds/HddsIdFactory.java	42	25~
org.apache.hadoop.hdds.HddsConfigKeys	hadoop-hdds/common/src/main/java/org/apache/hadoop/hdds/HddsConfigKeys.java	455	300~
org.apache.hadoop.io_.retry.CallReturn	hadoop-hdds/common/src/main/java/org/apache/hadoop/io_/retry/CallReturn.java	69	25~
org.apache.hadoop.io_.retry.RetryProxy	hadoop-hdds/common/src/main/java/org/apache/hadoop/io_/retry/RetryProxy.java	69	25~
org.apache.hadoop.io_.retry.RetryInvocationHandler	hadoop-hdds/common/src/main/java/org/apache/hadoop/io_/retry/RetryInvocationHandler.java	442	325~
org.apache.hadoop.io_.retry.RetryPolicies	hadoop-hdds/common/src/main/java/org/apache/hadoop/io_/retry/RetryPolicies.java	421	250~
org.apache.hadoop.security_.CustomizedCallbackHandler	hadoop-hdds/common/src/main/java/org/apache/hadoop/security_/CustomizedCallbackHandler.java	121	75~
org.apache.hadoop.security_.SaslRpcServer	hadoop-hdds/common/src/main/java/org/apache/hadoop/security_/SaslRpcServer.java	375	275~
org.apache.hadoop.security_.SaslRpcClient	hadoop-hdds/common/src/main/java/org/apache/hadoop/security_/SaslRpcClient.java	725	475~
org.apache.hadoop.security_.SaslMechanismFactory	hadoop-hdds/common/src/main/java/org/apache/hadoop/security_/SaslMechanismFactory.java	90	50~
org.apache.hadoop.ipc_.FairCallQueueMXBean	hadoop-hdds/common/src/main/java/org/apache/hadoop/ipc_/FairCallQueueMXBean.java	26	25~
org.apache.hadoop.ipc_.metrics.RpcMetrics	hadoop-hdds/common/src/main/java/org/apache/hadoop/ipc_/metrics/RpcMetrics.java	288	150~
org.apache.hadoop.ipc_.metrics.RpcDetailedMetrics	hadoop-hdds/common/src/main/java/org/apache/hadoop/ipc_/metrics/RpcDetailedMetrics.java	80	25~
org.apache.hadoop.ipc_.IdentityProvider	hadoop-hdds/common/src/main/java/org/apache/hadoop/ipc_/IdentityProvider.java	35	25~
org.apache.hadoop.ipc_.CallerContext	hadoop-hdds/common/src/main/java/org/apache/hadoop/ipc_/CallerContext.java	144	75~
org.apache.hadoop.ipc_.Client	hadoop-hdds/common/src/main/java/org/apache/hadoop/ipc_/Client.java	1779	1150~
org.apache.hadoop.ipc_.FairCallQueue	hadoop-hdds/common/src/main/java/org/apache/hadoop/ipc_/FairCallQueue.java	453	250~
org.apache.hadoop.ipc_.RpcException	hadoop-hdds/common/src/main/java/org/apache/hadoop/ipc_/RpcException.java	49	25~
org.apache.hadoop.ipc_.ProtoUtil	hadoop-hdds/common/src/main/java/org/apache/hadoop/ipc_/ProtoUtil.java	151	100~
org.apache.hadoop.ipc_.ClientCache	hadoop-hdds/common/src/main/java/org/apache/hadoop/ipc_/ClientCache.java	121	50~
org.apache.hadoop.ipc_.RpcClientException	hadoop-hdds/common/src/main/java/org/apache/hadoop/ipc_/RpcClientException.java	47	25~
org.apache.hadoop.ipc_.RpcScheduler	hadoop-hdds/common/src/main/java/org/apache/hadoop/ipc_/RpcScheduler.java	81	25~
org.apache.hadoop.ipc_.RpcInvocationHandler	hadoop-hdds/common/src/main/java/org/apache/hadoop/ipc_/RpcInvocationHandler.java	36	25~
org.apache.hadoop.ipc_.IpcException	hadoop-hdds/common/src/main/java/org/apache/hadoop/ipc_/IpcException.java	33	25~
org.apache.hadoop.ipc_.RPC	hadoop-hdds/common/src/main/java/org/apache/hadoop/ipc_/RPC.java	773	425~
org.apache.hadoop.ipc_.ProtobufHelper	hadoop-hdds/common/src/main/java/org/apache/hadoop/ipc_/ProtobufHelper.java	47	25~
org.apache.hadoop.ipc_.CostProvider	hadoop-hdds/common/src/main/java/org/apache/hadoop/ipc_/CostProvider.java	46	25~
org.apache.hadoop.ipc_.Schedulable	hadoop-hdds/common/src/main/java/org/apache/hadoop/ipc_/Schedulable.java	45	25~
org.apache.hadoop.ipc_.RpcNoSuchProtocolException	hadoop-hdds/common/src/main/java/org/apache/hadoop/ipc_/RpcNoSuchProtocolException.java	46	25~
org.apache.hadoop.ipc_.ProtocolInfo	hadoop-hdds/common/src/main/java/org/apache/hadoop/ipc_/ProtocolInfo.java	39	25~
org.apache.hadoop.ipc_.RpcMultiplexer	hadoop-hdds/common/src/main/java/org/apache/hadoop/ipc_/RpcMultiplexer.java	32	25~
org.apache.hadoop.ipc_.ClientId	hadoop-hdds/common/src/main/java/org/apache/hadoop/ipc_/ClientId.java	94	50~
org.apache.hadoop.ipc_.DecayRpcSchedulerMXBean	hadoop-hdds/common/src/main/java/org/apache/hadoop/ipc_/DecayRpcSchedulerMXBean.java	31	25~
org.apache.hadoop.ipc_.WeightedRoundRobinMultiplexer	hadoop-hdds/common/src/main/java/org/apache/hadoop/ipc_/WeightedRoundRobinMultiplexer.java	151	50~
org.apache.hadoop.ipc_.RpcWritable	hadoop-hdds/common/src/main/java/org/apache/hadoop/ipc_/RpcWritable.java	191	125~
org.apache.hadoop.ipc_.DefaultRpcScheduler	hadoop-hdds/common/src/main/java/org/apache/hadoop/ipc_/DefaultRpcScheduler.java	49	25~
org.apache.hadoop.ipc_.DecayRpcScheduler	hadoop-hdds/common/src/main/java/org/apache/hadoop/ipc_/DecayRpcScheduler.java	1029	700~
org.apache.hadoop.ipc_.RpcEngine	hadoop-hdds/common/src/main/java/org/apache/hadoop/ipc_/RpcEngine.java	88	25~
org.apache.hadoop.ipc_.DefaultCostProvider	hadoop-hdds/common/src/main/java/org/apache/hadoop/ipc_/DefaultCostProvider.java	43	25~
org.apache.hadoop.ipc_.ProtocolProxy	hadoop-hdds/common/src/main/java/org/apache/hadoop/ipc_/ProtocolProxy.java	46	25~
org.apache.hadoop.ipc_.RemoteException	hadoop-hdds/common/src/main/java/org/apache/hadoop/ipc_/RemoteException.java	140	50~
org.apache.hadoop.ipc_.Server	hadoop-hdds/common/src/main/java/org/apache/hadoop/ipc_/Server.java	3519	2425~
org.apache.hadoop.ipc_.WeightedTimeCostProvider	hadoop-hdds/common/src/main/java/org/apache/hadoop/ipc_/WeightedTimeCostProvider.java	110	50~
org.apache.hadoop.ipc_.RpcServerException	hadoop-hdds/common/src/main/java/org/apache/hadoop/ipc_/RpcServerException.java	62	25~
org.apache.hadoop.ipc_.ProtocolTranslator	hadoop-hdds/common/src/main/java/org/apache/hadoop/ipc_/ProtocolTranslator.java	33	25~
org.apache.hadoop.ipc_.ProcessingDetails	hadoop-hdds/common/src/main/java/org/apache/hadoop/ipc_/ProcessingDetails.java	92	50~
org.apache.hadoop.ipc_.RpcConstants	hadoop-hdds/common/src/main/java/org/apache/hadoop/ipc_/RpcConstants.java	69	25~
org.apache.hadoop.ipc_.UserIdentityProvider	hadoop-hdds/common/src/main/java/org/apache/hadoop/ipc_/UserIdentityProvider.java	35	25~
org.apache.hadoop.ipc_.ResponseBuffer	hadoop-hdds/common/src/main/java/org/apache/hadoop/ipc_/ResponseBuffer.java	101	75~
org.apache.hadoop.ipc_.RpcNoSuchMethodException	hadoop-hdds/common/src/main/java/org/apache/hadoop/ipc_/RpcNoSuchMethodException.java	47	25~
org.apache.hadoop.ipc_.ProtobufRpcEngine	hadoop-hdds/common/src/main/java/org/apache/hadoop/ipc_/ProtobufRpcEngine.java	479	300~
org.apache.hadoop.ipc_.AlignmentContext	hadoop-hdds/common/src/main/java/org/apache/hadoop/ipc_/AlignmentContext.java	92	25~
org.apache.hadoop.ipc_.CallQueueManager	hadoop-hdds/common/src/main/java/org/apache/hadoop/ipc_/CallQueueManager.java	381	250~
org.apache.hadoop.ipc_.ProtobufRpcEngineCallback	hadoop-hdds/common/src/main/java/org/apache/hadoop/ipc_/ProtobufRpcEngineCallback.java	28	25~
org.apache.hadoop.ipc_.RetriableException	hadoop-hdds/common/src/main/java/org/apache/hadoop/ipc_/RetriableException.java	39	25~
org.apache.hadoop.ipc_.ExternalCall	hadoop-hdds/common/src/main/java/org/apache/hadoop/ipc_/ExternalCall.java	93	50~
org.apache.ozone.erasurecode.ECChunk	hadoop-hdds/erasurecode/src/main/java/org/apache/ozone/erasurecode/ECChunk.java	113	50~
org.apache.ozone.erasurecode.rawcoder.NativeRSRawErasureCoderFactory	hadoop-hdds/erasurecode/src/main/java/org/apache/ozone/erasurecode/rawcoder/NativeRSRawErasureCoderFactory.java	53	25~
org.apache.ozone.erasurecode.rawcoder.ByteBufferEncodingState	hadoop-hdds/erasurecode/src/main/java/org/apache/ozone/erasurecode/rawcoder/ByteBufferEncodingState.java	108	75~
org.apache.ozone.erasurecode.rawcoder.NativeXORRawEncoder	hadoop-hdds/erasurecode/src/main/java/org/apache/ozone/erasurecode/rawcoder/NativeXORRawEncoder.java	57	25~
org.apache.ozone.erasurecode.rawcoder.util.GF256	hadoop-hdds/erasurecode/src/main/java/org/apache/ozone/erasurecode/rawcoder/util/GF256.java	332	250~
org.apache.ozone.erasurecode.rawcoder.util.GaloisField	hadoop-hdds/erasurecode/src/main/java/org/apache/ozone/erasurecode/rawcoder/util/GaloisField.java	561	350~
org.apache.ozone.erasurecode.rawcoder.util.RSUtil	hadoop-hdds/erasurecode/src/main/java/org/apache/ozone/erasurecode/rawcoder/util/RSUtil.java	186	125~
org.apache.ozone.erasurecode.rawcoder.util.DumpUtil	hadoop-hdds/erasurecode/src/main/java/org/apache/ozone/erasurecode/rawcoder/util/DumpUtil.java	99	50~
org.apache.ozone.erasurecode.rawcoder.util.CodecUtil	hadoop-hdds/erasurecode/src/main/java/org/apache/ozone/erasurecode/rawcoder/util/CodecUtil.java	111	50~
org.apache.ozone.erasurecode.rawcoder.DummyRawDecoder	hadoop-hdds/erasurecode/src/main/java/org/apache/ozone/erasurecode/rawcoder/DummyRawDecoder.java	45	25~
org.apache.ozone.erasurecode.rawcoder.RSRawEncoder	hadoop-hdds/erasurecode/src/main/java/org/apache/ozone/erasurecode/rawcoder/RSRawEncoder.java	78	50~
org.apache.ozone.erasurecode.rawcoder.XORRawEncoder	hadoop-hdds/erasurecode/src/main/java/org/apache/ozone/erasurecode/rawcoder/XORRawEncoder.java	86	50~
org.apache.ozone.erasurecode.rawcoder.NativeRSRawEncoder	hadoop-hdds/erasurecode/src/main/java/org/apache/ozone/erasurecode/rawcoder/NativeRSRawEncoder.java	62	25~
org.apache.ozone.erasurecode.rawcoder.RawErasureDecoder	hadoop-hdds/erasurecode/src/main/java/org/apache/ozone/erasurecode/rawcoder/RawErasureDecoder.java	216	75~
org.apache.ozone.erasurecode.rawcoder.XORRawErasureCoderFactory	hadoop-hdds/erasurecode/src/main/java/org/apache/ozone/erasurecode/rawcoder/XORRawErasureCoderFactory.java	52	25~
org.apache.ozone.erasurecode.rawcoder.AbstractNativeRawDecoder	hadoop-hdds/erasurecode/src/main/java/org/apache/ozone/erasurecode/rawcoder/AbstractNativeRawDecoder.java	101	50~
org.apache.ozone.erasurecode.rawcoder.EncodingState	hadoop-hdds/erasurecode/src/main/java/org/apache/ozone/erasurecode/rawcoder/EncodingState.java	46	25~
org.apache.ozone.erasurecode.rawcoder.ByteArrayDecodingState	hadoop-hdds/erasurecode/src/main/java/org/apache/ozone/erasurecode/rawcoder/ByteArrayDecodingState.java	131	75~
org.apache.ozone.erasurecode.rawcoder.CoderUtil	hadoop-hdds/erasurecode/src/main/java/org/apache/ozone/erasurecode/rawcoder/CoderUtil.java	178	75~
org.apache.ozone.erasurecode.rawcoder.RSRawErasureCoderFactory	hadoop-hdds/erasurecode/src/main/java/org/apache/ozone/erasurecode/rawcoder/RSRawErasureCoderFactory.java	52	25~
org.apache.ozone.erasurecode.rawcoder.DummyRawErasureCoderFactory	hadoop-hdds/erasurecode/src/main/java/org/apache/ozone/erasurecode/rawcoder/DummyRawErasureCoderFactory.java	52	25~
org.apache.ozone.erasurecode.rawcoder.NativeXORRawDecoder	hadoop-hdds/erasurecode/src/main/java/org/apache/ozone/erasurecode/rawcoder/NativeXORRawDecoder.java	57	25~
org.apache.ozone.erasurecode.rawcoder.DecodingState	hadoop-hdds/erasurecode/src/main/java/org/apache/ozone/erasurecode/rawcoder/DecodingState.java	52	25~
org.apache.ozone.erasurecode.rawcoder.ByteArrayEncodingState	hadoop-hdds/erasurecode/src/main/java/org/apache/ozone/erasurecode/rawcoder/ByteArrayEncodingState.java	103	50~
org.apache.ozone.erasurecode.rawcoder.RSRawDecoder	hadoop-hdds/erasurecode/src/main/java/org/apache/ozone/erasurecode/rawcoder/RSRawDecoder.java	176	100~
org.apache.ozone.erasurecode.rawcoder.NativeXORRawErasureCoderFactory	hadoop-hdds/erasurecode/src/main/java/org/apache/ozone/erasurecode/rawcoder/NativeXORRawErasureCoderFactory.java	53	25~
org.apache.ozone.erasurecode.rawcoder.XORRawDecoder	hadoop-hdds/erasurecode/src/main/java/org/apache/ozone/erasurecode/rawcoder/XORRawDecoder.java	87	50~
org.apache.ozone.erasurecode.rawcoder.DummyRawEncoder	hadoop-hdds/erasurecode/src/main/java/org/apache/ozone/erasurecode/rawcoder/DummyRawEncoder.java	45	25~
org.apache.ozone.erasurecode.rawcoder.RawErasureCoderFactory	hadoop-hdds/erasurecode/src/main/java/org/apache/ozone/erasurecode/rawcoder/RawErasureCoderFactory.java	56	25~
org.apache.ozone.erasurecode.rawcoder.ByteBufferDecodingState	hadoop-hdds/erasurecode/src/main/java/org/apache/ozone/erasurecode/rawcoder/ByteBufferDecodingState.java	146	100~
org.apache.ozone.erasurecode.rawcoder.AbstractNativeRawEncoder	hadoop-hdds/erasurecode/src/main/java/org/apache/ozone/erasurecode/rawcoder/AbstractNativeRawEncoder.java	98	50~
org.apache.ozone.erasurecode.rawcoder.NativeRSRawDecoder	hadoop-hdds/erasurecode/src/main/java/org/apache/ozone/erasurecode/rawcoder/NativeRSRawDecoder.java	62	25~
org.apache.ozone.erasurecode.rawcoder.RawErasureEncoder	hadoop-hdds/erasurecode/src/main/java/org/apache/ozone/erasurecode/rawcoder/RawErasureEncoder.java	192	75~
org.apache.ozone.erasurecode.rawcoder.ErasureCodeNative	hadoop-hdds/erasurecode/src/main/java/org/apache/ozone/erasurecode/rawcoder/ErasureCodeNative.java	96	50~
org.apache.ozone.erasurecode.CodecRegistry	hadoop-hdds/erasurecode/src/main/java/org/apache/ozone/erasurecode/CodecRegistry.java	169	100~
org.apache.hadoop.io.erasurecode.rawcoder.HadoopNativeECAccessorUtil	hadoop-hdds/erasurecode/src/main/java/org/apache/hadoop/io/erasurecode/rawcoder/HadoopNativeECAccessorUtil.java	61	25~
org.apache.ozone.rocksdb.util.SstFileInfo	hadoop-hdds/rocksdb-checkpoint-differ/src/main/java/org/apache/ozone/rocksdb/util/SstFileInfo.java	102	50~
org.apache.ozone.rocksdb.util.RdbUtil	hadoop-hdds/rocksdb-checkpoint-differ/src/main/java/org/apache/ozone/rocksdb/util/RdbUtil.java	65	25~
org.apache.ozone.compaction.log.CompactionLogEntry	hadoop-hdds/rocksdb-checkpoint-differ/src/main/java/org/apache/ozone/compaction/log/CompactionLogEntry.java	204	150~
org.apache.ozone.compaction.log.CompactionFileInfo	hadoop-hdds/rocksdb-checkpoint-differ/src/main/java/org/apache/ozone/compaction/log/CompactionFileInfo.java	176	125~
org.apache.ozone.rocksdiff.CompactionNode	hadoop-hdds/rocksdb-checkpoint-differ/src/main/java/org/apache/ozone/rocksdiff/CompactionNode.java	86	50~
org.apache.ozone.rocksdiff.RocksDiffUtils	hadoop-hdds/rocksdb-checkpoint-differ/src/main/java/org/apache/ozone/rocksdiff/RocksDiffUtils.java	115	50~
org.apache.ozone.rocksdiff.DifferSnapshotInfo	hadoop-hdds/rocksdb-checkpoint-differ/src/main/java/org/apache/ozone/rocksdiff/DifferSnapshotInfo.java	84	50~
org.apache.ozone.rocksdiff.SSTFilePruningMetrics	hadoop-hdds/rocksdb-checkpoint-differ/src/main/java/org/apache/ozone/rocksdiff/SSTFilePruningMetrics.java	135	75~
org.apache.ozone.rocksdiff.RocksDBCheckpointDiffer	hadoop-hdds/rocksdb-checkpoint-differ/src/main/java/org/apache/ozone/rocksdiff/RocksDBCheckpointDiffer.java	1466	950~
org.apache.ozone.rocksdiff.CompactionDag	hadoop-hdds/rocksdb-checkpoint-differ/src/main/java/org/apache/ozone/rocksdiff/CompactionDag.java	154	75~
org.apache.hadoop.hdds.utils.db.SstFileSetReader	hadoop-hdds/rocksdb-checkpoint-differ/src/main/java/org/apache/hadoop/hdds/utils/db/SstFileSetReader.java	229	150~
org.apache.hadoop.hdds.utils.db.TablePrefixInfo	hadoop-hdds/rocksdb-checkpoint-differ/src/main/java/org/apache/hadoop/hdds/utils/db/TablePrefixInfo.java	52	25~
org.apache.hadoop.hdds.utils.db.RDBSstFileWriter	hadoop-hdds/rocksdb-checkpoint-differ/src/main/java/org/apache/hadoop/hdds/utils/db/RDBSstFileWriter.java	134	100~
org.apache.hadoop.hdds.utils.db.ManagedSstFileIterator	hadoop-hdds/rocksdb-checkpoint-differ/src/main/java/org/apache/hadoop/hdds/utils/db/ManagedSstFileIterator.java	90	50~
org.apache.hadoop.hdds.utils.db.MinHeapMergeIterator	hadoop-hdds/rocksdb-checkpoint-differ/src/main/java/org/apache/hadoop/hdds/utils/db/MinHeapMergeIterator.java	207	125~
org.apache.hadoop.ozone.protocolPB.StorageContainerDatanodeProtocolServerSideTranslatorPB	hadoop-hdds/container-service/src/main/java/org/apache/hadoop/ozone/protocolPB/StorageContainerDatanodeProtocolServerSideTranslatorPB.java	126	75~
org.apache.hadoop.ozone.protocolPB.StorageContainerDatanodeProtocolPB	hadoop-hdds/container-service/src/main/java/org/apache/hadoop/ozone/protocolPB/StorageContainerDatanodeProtocolPB.java	39	25~
org.apache.hadoop.ozone.protocolPB.StorageContainerDatanodeProtocolClientSideTranslatorPB	hadoop-hdds/container-service/src/main/java/org/apache/hadoop/ozone/protocolPB/StorageContainerDatanodeProtocolClientSideTranslatorPB.java	171	75~
org.apache.hadoop.ozone.protocolPB.ReconDatanodeProtocolPB	hadoop-hdds/container-service/src/main/java/org/apache/hadoop/ozone/protocolPB/ReconDatanodeProtocolPB.java	38	25~
org.apache.hadoop.ozone.HddsDatanodeStopService	hadoop-hdds/container-service/src/main/java/org/apache/hadoop/ozone/HddsDatanodeStopService.java	26	25~
org.apache.hadoop.ozone.HddsDatanodeService	hadoop-hdds/container-service/src/main/java/org/apache/hadoop/ozone/HddsDatanodeService.java	875	575~
org.apache.hadoop.ozone.HddsDatanodeClientProtocolServer	hadoop-hdds/container-service/src/main/java/org/apache/hadoop/ozone/HddsDatanodeClientProtocolServer.java	173	100~
org.apache.hadoop.ozone.DNMXBeanImpl	hadoop-hdds/container-service/src/main/java/org/apache/hadoop/ozone/DNMXBeanImpl.java	86	50~
org.apache.hadoop.ozone.protocol.StorageContainerNodeProtocol	hadoop-hdds/container-service/src/main/java/org/apache/hadoop/ozone/protocol/StorageContainerNodeProtocol.java	94	25~
org.apache.hadoop.ozone.protocol.ReconDatanodeProtocol	hadoop-hdds/container-service/src/main/java/org/apache/hadoop/ozone/protocol/ReconDatanodeProtocol.java	33	25~
org.apache.hadoop.ozone.protocol.StorageContainerDatanodeProtocol	hadoop-hdds/container-service/src/main/java/org/apache/hadoop/ozone/protocol/StorageContainerDatanodeProtocol.java	82	25~
org.apache.hadoop.ozone.protocol.commands.CreatePipelineCommand	hadoop-hdds/container-service/src/main/java/org/apache/hadoop/ozone/protocol/commands/CreatePipelineCommand.java	172	125~
org.apache.hadoop.ozone.protocol.commands.ReconcileContainerCommand	hadoop-hdds/container-service/src/main/java/org/apache/hadoop/ozone/protocol/commands/ReconcileContainerCommand.java	103	50~
org.apache.hadoop.ozone.protocol.commands.SetNodeOperationalStateCommand	hadoop-hdds/container-service/src/main/java/org/apache/hadoop/ozone/protocol/commands/SetNodeOperationalStateCommand.java	101	50~
org.apache.hadoop.ozone.protocol.commands.CommandStatus	hadoop-hdds/container-service/src/main/java/org/apache/hadoop/ozone/protocol/commands/CommandStatus.java	172	100~
org.apache.hadoop.ozone.protocol.commands.DeleteBlockCommandStatus	hadoop-hdds/container-service/src/main/java/org/apache/hadoop/ozone/protocol/commands/DeleteBlockCommandStatus.java	97	50~
org.apache.hadoop.ozone.protocol.commands.ReplicateContainerCommand	hadoop-hdds/container-service/src/main/java/org/apache/hadoop/ozone/protocol/commands/ReplicateContainerCommand.java	134	75~
org.apache.hadoop.ozone.protocol.commands.SCMCommand	hadoop-hdds/container-service/src/main/java/org/apache/hadoop/ozone/protocol/commands/SCMCommand.java	135	50~
org.apache.hadoop.ozone.protocol.commands.DeleteBlocksCommand	hadoop-hdds/container-service/src/main/java/org/apache/hadoop/ozone/protocol/commands/DeleteBlocksCommand.java	89	50~
org.apache.hadoop.ozone.protocol.commands.FinalizeNewLayoutVersionCommand	hadoop-hdds/container-service/src/main/java/org/apache/hadoop/ozone/protocol/commands/FinalizeNewLayoutVersionCommand.java	88	50~
org.apache.hadoop.ozone.protocol.commands.ClosePipelineCommand	hadoop-hdds/container-service/src/main/java/org/apache/hadoop/ozone/protocol/commands/ClosePipelineCommand.java	82	50~
org.apache.hadoop.ozone.protocol.commands.ReregisterCommand	hadoop-hdds/container-service/src/main/java/org/apache/hadoop/ozone/protocol/commands/ReregisterCommand.java	67	25~
org.apache.hadoop.ozone.protocol.commands.CloseContainerCommand	hadoop-hdds/container-service/src/main/java/org/apache/hadoop/ozone/protocol/commands/CloseContainerCommand.java	129	75~
org.apache.hadoop.ozone.protocol.commands.CommandForDatanode	hadoop-hdds/container-service/src/main/java/org/apache/hadoop/ozone/protocol/commands/CommandForDatanode.java	59	25~
org.apache.hadoop.ozone.protocol.commands.ReconstructECContainersCommand	hadoop-hdds/container-service/src/main/java/org/apache/hadoop/ozone/protocol/commands/ReconstructECContainersCommand.java	203	150~
org.apache.hadoop.ozone.protocol.commands.DeleteContainerCommand	hadoop-hdds/container-service/src/main/java/org/apache/hadoop/ozone/protocol/commands/DeleteContainerCommand.java	119	75~
org.apache.hadoop.ozone.protocol.commands.RefreshVolumeUsageCommand	hadoop-hdds/container-service/src/main/java/org/apache/hadoop/ozone/protocol/commands/RefreshVolumeUsageCommand.java	68	25~
org.apache.hadoop.ozone.protocol.commands.RegisteredCommand	hadoop-hdds/container-service/src/main/java/org/apache/hadoop/ozone/protocol/commands/RegisteredCommand.java	161	75~
org.apache.hadoop.ozone.protocol.VersionResponse	hadoop-hdds/container-service/src/main/java/org/apache/hadoop/ozone/protocol/VersionResponse.java	150	75~
org.apache.hadoop.ozone.HddsDatanodeHttpServer	hadoop-hdds/container-service/src/main/java/org/apache/hadoop/ozone/HddsDatanodeHttpServer.java	96	50~
org.apache.hadoop.ozone.DNMXBean	hadoop-hdds/container-service/src/main/java/org/apache/hadoop/ozone/DNMXBean.java	63	25~
org.apache.hadoop.ozone.container.upgrade.DataNodeUpgradeFinalizer	hadoop-hdds/container-service/src/main/java/org/apache/hadoop/ozone/container/upgrade/DataNodeUpgradeFinalizer.java	94	50~
org.apache.hadoop.ozone.container.upgrade.VersionedDatanodeFeatures	hadoop-hdds/container-service/src/main/java/org/apache/hadoop/ozone/container/upgrade/VersionedDatanodeFeatures.java	151	75~
org.apache.hadoop.ozone.container.upgrade.DatanodeSchemaV3FinalizeAction	hadoop-hdds/container-service/src/main/java/org/apache/hadoop/ozone/container/upgrade/DatanodeSchemaV3FinalizeAction.java	80	25~
org.apache.hadoop.ozone.container.upgrade.ContainerTableSchemaFinalizeAction	hadoop-hdds/container-service/src/main/java/org/apache/hadoop/ozone/container/upgrade/ContainerTableSchemaFinalizeAction.java	96	50~
org.apache.hadoop.ozone.container.upgrade.DatanodeSchemaV2FinalizeAction	hadoop-hdds/container-service/src/main/java/org/apache/hadoop/ozone/container/upgrade/DatanodeSchemaV2FinalizeAction.java	45	25~
org.apache.hadoop.ozone.container.upgrade.UpgradeUtils	hadoop-hdds/container-service/src/main/java/org/apache/hadoop/ozone/container/upgrade/UpgradeUtils.java	43	25~
org.apache.hadoop.ozone.container.upgrade.ScmHAFinalizeUpgradeActionDatanode	hadoop-hdds/container-service/src/main/java/org/apache/hadoop/ozone/container/upgrade/ScmHAFinalizeUpgradeActionDatanode.java	125	75~
org.apache.hadoop.ozone.container.stream.StreamingSource	hadoop-hdds/container-service/src/main/java/org/apache/hadoop/ozone/container/stream/StreamingSource.java	36	25~
org.apache.hadoop.ozone.container.stream.StreamingServer	hadoop-hdds/container-service/src/main/java/org/apache/hadoop/ozone/container/stream/StreamingServer.java	114	50~
org.apache.hadoop.ozone.container.stream.DirstreamServerHandler	hadoop-hdds/container-service/src/main/java/org/apache/hadoop/ozone/container/stream/DirstreamServerHandler.java	142	75~
org.apache.hadoop.ozone.container.stream.StreamingDestination	hadoop-hdds/container-service/src/main/java/org/apache/hadoop/ozone/container/stream/StreamingDestination.java	32	25~
org.apache.hadoop.ozone.container.stream.DirstreamClientHandler	hadoop-hdds/container-service/src/main/java/org/apache/hadoop/ozone/container/stream/DirstreamClientHandler.java	159	100~
org.apache.hadoop.ozone.container.stream.DirectoryServerDestination	hadoop-hdds/container-service/src/main/java/org/apache/hadoop/ozone/container/stream/DirectoryServerDestination.java	38	25~
org.apache.hadoop.ozone.container.stream.StreamingException	hadoop-hdds/container-service/src/main/java/org/apache/hadoop/ozone/container/stream/StreamingException.java	38	25~
org.apache.hadoop.ozone.container.stream.StreamingClient	hadoop-hdds/container-service/src/main/java/org/apache/hadoop/ozone/container/stream/StreamingClient.java	120	75~
org.apache.hadoop.ozone.container.stream.DirectoryServerSource	hadoop-hdds/container-service/src/main/java/org/apache/hadoop/ozone/container/stream/DirectoryServerSource.java	59	25~
org.apache.hadoop.ozone.container.ec.reconstruction.ECReconstructionCommandInfo	hadoop-hdds/container-service/src/main/java/org/apache/hadoop/ozone/container/ec/reconstruction/ECReconstructionCommandInfo.java	100	50~
org.apache.hadoop.ozone.container.ec.reconstruction.ECReconstructionCoordinatorTask	hadoop-hdds/container-service/src/main/java/org/apache/hadoop/ozone/container/ec/reconstruction/ECReconstructionCoordinatorTask.java	120	75~
org.apache.hadoop.ozone.container.ec.reconstruction.ECContainerOperationClient	hadoop-hdds/container-service/src/main/java/org/apache/hadoop/ozone/container/ec/reconstruction/ECContainerOperationClient.java	199	125~
org.apache.hadoop.ozone.container.ec.reconstruction.ECReconstructionMetrics	hadoop-hdds/container-service/src/main/java/org/apache/hadoop/ozone/container/ec/reconstruction/ECReconstructionMetrics.java	80	50~
org.apache.hadoop.ozone.container.ec.reconstruction.ECReconstructionCoordinator	hadoop-hdds/container-service/src/main/java/org/apache/hadoop/ozone/container/ec/reconstruction/ECReconstructionCoordinator.java	591	400~
org.apache.hadoop.ozone.container.common.impl.StorageLocationReport	hadoop-hdds/container-service/src/main/java/org/apache/hadoop/ozone/container/common/impl/StorageLocationReport.java	456	300~
org.apache.hadoop.ozone.container.common.impl.HddsDispatcher	hadoop-hdds/container-service/src/main/java/org/apache/hadoop/ozone/container/common/impl/HddsDispatcher.java	1091	800~
org.apache.hadoop.ozone.container.common.impl.ContainerDataScanOrder	hadoop-hdds/container-service/src/main/java/org/apache/hadoop/ozone/container/common/impl/ContainerDataScanOrder.java	56	25~
org.apache.hadoop.ozone.container.common.impl.RandomContainerDeletionChoosingPolicy	hadoop-hdds/container-service/src/main/java/org/apache/hadoop/ozone/container/common/impl/RandomContainerDeletionChoosingPolicy.java	35	25~
org.apache.hadoop.ozone.container.common.impl.ContainerSet	hadoop-hdds/container-service/src/main/java/org/apache/hadoop/ozone/container/common/impl/ContainerSet.java	659	375~
org.apache.hadoop.ozone.container.common.impl.ContainerData	hadoop-hdds/container-service/src/main/java/org/apache/hadoop/ozone/container/common/impl/ContainerData.java	790	400~
org.apache.hadoop.ozone.container.common.impl.TopNOrderedContainerDeletionChoosingPolicy	hadoop-hdds/container-service/src/main/java/org/apache/hadoop/ozone/container/common/impl/TopNOrderedContainerDeletionChoosingPolicy.java	43	25~
org.apache.hadoop.ozone.container.common.impl.BlockDeletingService	hadoop-hdds/container-service/src/main/java/org/apache/hadoop/ozone/container/common/impl/BlockDeletingService.java	370	250~
org.apache.hadoop.ozone.container.common.impl.ContainerDataYaml	hadoop-hdds/container-service/src/main/java/org/apache/hadoop/ozone/container/common/impl/ContainerDataYaml.java	344	200~
org.apache.hadoop.ozone.container.common.impl.ContainerLayoutVersion	hadoop-hdds/container-service/src/main/java/org/apache/hadoop/ozone/container/common/impl/ContainerLayoutVersion.java	124	75~
org.apache.hadoop.ozone.container.common.transport.server.XceiverServerSpi	hadoop-hdds/container-service/src/main/java/org/apache/hadoop/ozone/container/common/transport/server/XceiverServerSpi.java	98	25~
org.apache.hadoop.ozone.container.common.transport.server.Receiver	hadoop-hdds/container-service/src/main/java/org/apache/hadoop/ozone/container/common/transport/server/Receiver.java	353	250~
org.apache.hadoop.ozone.container.common.transport.server.GrpcXceiverService	hadoop-hdds/container-service/src/main/java/org/apache/hadoop/ozone/container/common/transport/server/GrpcXceiverService.java	160	100~
org.apache.hadoop.ozone.container.common.transport.server.ratis.RatisServerConfiguration	hadoop-hdds/container-service/src/main/java/org/apache/hadoop/ozone/container/common/transport/server/ratis/RatisServerConfiguration.java	47	25~
org.apache.hadoop.ozone.container.common.transport.server.ratis.DispatcherContext	hadoop-hdds/container-service/src/main/java/org/apache/hadoop/ozone/container/common/transport/server/ratis/DispatcherContext.java	266	150~
org.apache.hadoop.ozone.container.common.transport.server.ratis.XceiverServerRatis	hadoop-hdds/container-service/src/main/java/org/apache/hadoop/ozone/container/common/transport/server/ratis/XceiverServerRatis.java	997	675~
org.apache.hadoop.ozone.container.common.transport.server.ratis.ContainerStateMachine	hadoop-hdds/container-service/src/main/java/org/apache/hadoop/ozone/container/common/transport/server/ratis/ContainerStateMachine.java	1374	1000~
org.apache.hadoop.ozone.container.common.transport.server.ratis.CSMMetrics	hadoop-hdds/container-service/src/main/java/org/apache/hadoop/ozone/container/common/transport/server/ratis/CSMMetrics.java	265	175~
org.apache.hadoop.ozone.container.common.transport.server.ratis.LocalStream	hadoop-hdds/container-service/src/main/java/org/apache/hadoop/ozone/container/common/transport/server/ratis/LocalStream.java	55	25~
org.apache.hadoop.ozone.container.common.transport.server.XceiverServerGrpc	hadoop-hdds/container-service/src/main/java/org/apache/hadoop/ozone/container/common/transport/server/XceiverServerGrpc.java	280	175~
org.apache.hadoop.ozone.container.common.transport.server.XceiverServerDomainSocket	hadoop-hdds/container-service/src/main/java/org/apache/hadoop/ozone/container/common/transport/server/XceiverServerDomainSocket.java	324	225~
org.apache.hadoop.ozone.container.common.statemachine.commandhandler.CreatePipelineCommandHandler	hadoop-hdds/container-service/src/main/java/org/apache/hadoop/ozone/container/common/statemachine/commandhandler/CreatePipelineCommandHandler.java	208	100~
org.apache.hadoop.ozone.container.common.statemachine.commandhandler.ReconstructECContainersCommandHandler	hadoop-hdds/container-service/src/main/java/org/apache/hadoop/ozone/container/common/statemachine/commandhandler/ReconstructECContainersCommandHandler.java	93	50~
org.apache.hadoop.ozone.container.common.statemachine.commandhandler.DeleteContainerCommandHandler	hadoop-hdds/container-service/src/main/java/org/apache/hadoop/ozone/container/common/statemachine/commandhandler/DeleteContainerCommandHandler.java	185	125~
org.apache.hadoop.ozone.container.common.statemachine.commandhandler.RefreshVolumeUsageCommandHandler	hadoop-hdds/container-service/src/main/java/org/apache/hadoop/ozone/container/common/statemachine/commandhandler/RefreshVolumeUsageCommandHandler.java	85	50~
org.apache.hadoop.ozone.container.common.statemachine.commandhandler.CloseContainerCommandHandler	hadoop-hdds/container-service/src/main/java/org/apache/hadoop/ozone/container/common/statemachine/commandhandler/CloseContainerCommandHandler.java	235	125~
org.apache.hadoop.ozone.container.common.statemachine.commandhandler.CommandHandler	hadoop-hdds/container-service/src/main/java/org/apache/hadoop/ozone/container/common/statemachine/commandhandler/CommandHandler.java	119	25~
org.apache.hadoop.ozone.container.common.statemachine.commandhandler.ReplicateContainerCommandHandler	hadoop-hdds/container-service/src/main/java/org/apache/hadoop/ozone/container/common/statemachine/commandhandler/ReplicateContainerCommandHandler.java	92	50~
org.apache.hadoop.ozone.container.common.statemachine.commandhandler.SetNodeOperationalStateCommandHandler	hadoop-hdds/container-service/src/main/java/org/apache/hadoop/ozone/container/common/statemachine/commandhandler/SetNodeOperationalStateCommandHandler.java	175	75~
org.apache.hadoop.ozone.container.common.statemachine.commandhandler.ReconcileContainerCommandHandler	hadoop-hdds/container-service/src/main/java/org/apache/hadoop/ozone/container/common/statemachine/commandhandler/ReconcileContainerCommandHandler.java	79	50~
org.apache.hadoop.ozone.container.common.statemachine.commandhandler.ClosePipelineCommandHandler	hadoop-hdds/container-service/src/main/java/org/apache/hadoop/ozone/container/common/statemachine/commandhandler/ClosePipelineCommandHandler.java	236	125~
org.apache.hadoop.ozone.container.common.statemachine.commandhandler.CommandDispatcher	hadoop-hdds/container-service/src/main/java/org/apache/hadoop/ozone/container/common/statemachine/commandhandler/CommandDispatcher.java	214	100~
org.apache.hadoop.ozone.container.common.statemachine.commandhandler.FinalizeNewLayoutVersionCommandHandler	hadoop-hdds/container-service/src/main/java/org/apache/hadoop/ozone/container/common/statemachine/commandhandler/FinalizeNewLayoutVersionCommandHandler.java	132	50~
org.apache.hadoop.ozone.container.common.statemachine.commandhandler.DeleteBlocksCommandHandler	hadoop-hdds/container-service/src/main/java/org/apache/hadoop/ozone/container/common/statemachine/commandhandler/DeleteBlocksCommandHandler.java	788	575~
org.apache.hadoop.ozone.container.common.statemachine.SCMConnectionManagerMXBean	hadoop-hdds/container-service/src/main/java/org/apache/hadoop/ozone/container/common/statemachine/SCMConnectionManagerMXBean.java	28	25~
org.apache.hadoop.ozone.container.common.statemachine.EndpointStateMachine	hadoop-hdds/container-service/src/main/java/org/apache/hadoop/ozone/container/common/statemachine/EndpointStateMachine.java	313	150~
org.apache.hadoop.ozone.container.common.statemachine.EndpointStateMachineMBean	hadoop-hdds/container-service/src/main/java/org/apache/hadoop/ozone/container/common/statemachine/EndpointStateMachineMBean.java	36	25~
org.apache.hadoop.ozone.container.common.statemachine.DatanodeConfiguration	hadoop-hdds/container-service/src/main/java/org/apache/hadoop/ozone/container/common/statemachine/DatanodeConfiguration.java	1313	1000~
org.apache.hadoop.ozone.container.common.statemachine.DatanodeQueueMetrics	hadoop-hdds/container-service/src/main/java/org/apache/hadoop/ozone/container/common/statemachine/DatanodeQueueMetrics.java	201	125~
org.apache.hadoop.ozone.container.common.statemachine.DatanodeStateMachine	hadoop-hdds/container-service/src/main/java/org/apache/hadoop/ozone/container/common/statemachine/DatanodeStateMachine.java	814	475~
org.apache.hadoop.ozone.container.common.statemachine.SCMConnectionManager	hadoop-hdds/container-service/src/main/java/org/apache/hadoop/ozone/container/common/statemachine/SCMConnectionManager.java	334	200~
org.apache.hadoop.ozone.container.common.statemachine.StateContext	hadoop-hdds/container-service/src/main/java/org/apache/hadoop/ozone/container/common/statemachine/StateContext.java	1046	650~
org.apache.hadoop.ozone.container.common.utils.RawDB	hadoop-hdds/container-service/src/main/java/org/apache/hadoop/ozone/container/common/utils/RawDB.java	40	25~
org.apache.hadoop.ozone.container.common.utils.DiskCheckUtil	hadoop-hdds/container-service/src/main/java/org/apache/hadoop/ozone/container/common/utils/DiskCheckUtil.java	224	150~
org.apache.hadoop.ozone.container.common.utils.ContainerInspectorUtil	hadoop-hdds/container-service/src/main/java/org/apache/hadoop/ozone/container/common/utils/ContainerInspectorUtil.java	86	50~
org.apache.hadoop.ozone.container.common.utils.ContainerLogger	hadoop-hdds/container-service/src/main/java/org/apache/hadoop/ozone/container/common/utils/ContainerLogger.java	218	75~
org.apache.hadoop.ozone.container.common.utils.HddsVolumeUtil	hadoop-hdds/container-service/src/main/java/org/apache/hadoop/ozone/container/common/utils/HddsVolumeUtil.java	142	75~
org.apache.hadoop.ozone.container.common.utils.ContainerCacheMetrics	hadoop-hdds/container-service/src/main/java/org/apache/hadoop/ozone/container/common/utils/ContainerCacheMetrics.java	109	50~
org.apache.hadoop.ozone.container.common.utils.StorageVolumeUtil	hadoop-hdds/container-service/src/main/java/org/apache/hadoop/ozone/container/common/utils/StorageVolumeUtil.java	305	175~
org.apache.hadoop.ozone.container.common.utils.ContainerCache	hadoop-hdds/container-service/src/main/java/org/apache/hadoop/ozone/container/common/utils/ContainerCache.java	239	150~
org.apache.hadoop.ozone.container.common.utils.db.DatanodeDBProfile	hadoop-hdds/container-service/src/main/java/org/apache/hadoop/ozone/container/common/utils/db/DatanodeDBProfile.java	156	75~
org.apache.hadoop.ozone.container.common.utils.DatanodeStoreCache	hadoop-hdds/container-service/src/main/java/org/apache/hadoop/ozone/container/common/utils/DatanodeStoreCache.java	125	75~
org.apache.hadoop.ozone.container.common.utils.ReferenceCountedDB	hadoop-hdds/container-service/src/main/java/org/apache/hadoop/ozone/container/common/utils/ReferenceCountedDB.java	93	50~
org.apache.hadoop.ozone.container.common.DatanodeLayoutStorage	hadoop-hdds/container-service/src/main/java/org/apache/hadoop/ozone/container/common/DatanodeLayoutStorage.java	108	50~
org.apache.hadoop.ozone.container.common.HDDSVolumeLayoutVersion	hadoop-hdds/container-service/src/main/java/org/apache/hadoop/ozone/container/common/HDDSVolumeLayoutVersion.java	80	25~
org.apache.hadoop.ozone.container.common.states.DatanodeState	hadoop-hdds/container-service/src/main/java/org/apache/hadoop/ozone/container/common/states/DatanodeState.java	65	25~
org.apache.hadoop.ozone.container.common.states.datanode.InitDatanodeState	hadoop-hdds/container-service/src/main/java/org/apache/hadoop/ozone/container/common/states/datanode/InitDatanodeState.java	180	75~
org.apache.hadoop.ozone.container.common.states.datanode.RunningDatanodeState	hadoop-hdds/container-service/src/main/java/org/apache/hadoop/ozone/container/common/states/datanode/RunningDatanodeState.java	235	125~
org.apache.hadoop.ozone.container.common.states.endpoint.RegisterEndpointTask	hadoop-hdds/container-service/src/main/java/org/apache/hadoop/ozone/container/common/states/endpoint/RegisterEndpointTask.java	286	150~
org.apache.hadoop.ozone.container.common.states.endpoint.HeartbeatEndpointTask	hadoop-hdds/container-service/src/main/java/org/apache/hadoop/ozone/container/common/states/endpoint/HeartbeatEndpointTask.java	566	350~
org.apache.hadoop.ozone.container.common.states.endpoint.VersionEndpointTask	hadoop-hdds/container-service/src/main/java/org/apache/hadoop/ozone/container/common/states/endpoint/VersionEndpointTask.java	136	75~
org.apache.hadoop.ozone.container.common.report.PipelineReportPublisher	hadoop-hdds/container-service/src/main/java/org/apache/hadoop/ozone/container/common/report/PipelineReportPublisher.java	70	25~
org.apache.hadoop.ozone.container.common.report.ContainerReportPublisher	hadoop-hdds/container-service/src/main/java/org/apache/hadoop/ozone/container/common/report/ContainerReportPublisher.java	80	25~
org.apache.hadoop.ozone.container.common.report.ReportPublisherFactory	hadoop-hdds/container-service/src/main/java/org/apache/hadoop/ozone/container/common/report/ReportPublisherFactory.java	79	25~
org.apache.hadoop.ozone.container.common.report.IncrementalReportSender	hadoop-hdds/container-service/src/main/java/org/apache/hadoop/ozone/container/common/report/IncrementalReportSender.java	38	25~
org.apache.hadoop.ozone.container.common.report.NodeReportPublisher	hadoop-hdds/container-service/src/main/java/org/apache/hadoop/ozone/container/common/report/NodeReportPublisher.java	62	25~
org.apache.hadoop.ozone.container.common.report.CommandStatusReportPublisher	hadoop-hdds/container-service/src/main/java/org/apache/hadoop/ozone/container/common/report/CommandStatusReportPublisher.java	83	25~
org.apache.hadoop.ozone.container.common.report.ReportManager	hadoop-hdds/container-service/src/main/java/org/apache/hadoop/ozone/container/common/report/ReportManager.java	165	75~
org.apache.hadoop.ozone.container.common.report.ReportPublisher	hadoop-hdds/container-service/src/main/java/org/apache/hadoop/ozone/container/common/report/ReportPublisher.java	114	50~
org.apache.hadoop.ozone.container.common.volume.CapacityVolumeChoosingPolicy	hadoop-hdds/container-service/src/main/java/org/apache/hadoop/ozone/container/common/volume/CapacityVolumeChoosingPolicy.java	130	50~
org.apache.hadoop.ozone.container.common.volume.StorageVolume	hadoop-hdds/container-service/src/main/java/org/apache/hadoop/ozone/container/common/volume/StorageVolume.java	863	550~
org.apache.hadoop.ozone.container.common.volume.VolumeHealthMetrics	hadoop-hdds/container-service/src/main/java/org/apache/hadoop/ozone/container/common/volume/VolumeHealthMetrics.java	109	50~
org.apache.hadoop.ozone.container.common.volume.DbVolume	hadoop-hdds/container-service/src/main/java/org/apache/hadoop/ozone/container/common/volume/DbVolume.java	154	75~
org.apache.hadoop.ozone.container.common.volume.AvailableSpaceFilter	hadoop-hdds/container-service/src/main/java/org/apache/hadoop/ozone/container/common/volume/AvailableSpaceFilter.java	84	50~
org.apache.hadoop.ozone.container.common.volume.MetadataVolumeFactory	hadoop-hdds/container-service/src/main/java/org/apache/hadoop/ozone/container/common/volume/MetadataVolumeFactory.java	54	25~
org.apache.hadoop.ozone.container.common.volume.VolumeSet	hadoop-hdds/container-service/src/main/java/org/apache/hadoop/ozone/container/common/volume/VolumeSet.java	31	25~
org.apache.hadoop.ozone.container.common.volume.MetadataVolume	hadoop-hdds/container-service/src/main/java/org/apache/hadoop/ozone/container/common/volume/MetadataVolume.java	78	25~
org.apache.hadoop.ozone.container.common.volume.ThrottledAsyncChecker	hadoop-hdds/container-service/src/main/java/org/apache/hadoop/ozone/container/common/volume/ThrottledAsyncChecker.java	237	100~
org.apache.hadoop.ozone.container.common.volume.RoundRobinVolumeChoosingPolicy	hadoop-hdds/container-service/src/main/java/org/apache/hadoop/ozone/container/common/volume/RoundRobinVolumeChoosingPolicy.java	96	50~
org.apache.hadoop.ozone.container.common.volume.DbVolumeFactory	hadoop-hdds/container-service/src/main/java/org/apache/hadoop/ozone/container/common/volume/DbVolumeFactory.java	60	25~
org.apache.hadoop.ozone.container.common.volume.VolumeChoosingPolicyFactory	hadoop-hdds/container-service/src/main/java/org/apache/hadoop/ozone/container/common/volume/VolumeChoosingPolicyFactory.java	55	25~
org.apache.hadoop.ozone.container.common.volume.AsyncChecker	hadoop-hdds/container-service/src/main/java/org/apache/hadoop/ozone/container/common/volume/AsyncChecker.java	62	25~
org.apache.hadoop.ozone.container.common.volume.VolumeChoosingUtil	hadoop-hdds/container-service/src/main/java/org/apache/hadoop/ozone/container/common/volume/VolumeChoosingUtil.java	49	25~
org.apache.hadoop.ozone.container.common.volume.HddsVolume	hadoop-hdds/container-service/src/main/java/org/apache/hadoop/ozone/container/common/volume/HddsVolume.java	704	450~
org.apache.hadoop.ozone.container.common.volume.StorageVolumeFactory	hadoop-hdds/container-service/src/main/java/org/apache/hadoop/ozone/container/common/volume/StorageVolumeFactory.java	97	50~
org.apache.hadoop.ozone.container.common.volume.VolumeInfoMetrics	hadoop-hdds/container-service/src/main/java/org/apache/hadoop/ozone/container/common/volume/VolumeInfoMetrics.java	266	175~
org.apache.hadoop.ozone.container.common.volume.VolumeUsage	hadoop-hdds/container-service/src/main/java/org/apache/hadoop/ozone/container/common/volume/VolumeUsage.java	240	100~
org.apache.hadoop.ozone.container.common.volume.VolumeIOStats	hadoop-hdds/container-service/src/main/java/org/apache/hadoop/ozone/container/common/volume/VolumeIOStats.java	212	100~
org.apache.hadoop.ozone.container.common.volume.HddsVolumeFactory	hadoop-hdds/container-service/src/main/java/org/apache/hadoop/ozone/container/common/volume/HddsVolumeFactory.java	60	25~
org.apache.hadoop.ozone.container.common.volume.MutableVolumeSet	hadoop-hdds/container-service/src/main/java/org/apache/hadoop/ozone/container/common/volume/MutableVolumeSet.java	432	275~
org.apache.hadoop.ozone.container.common.volume.ImmutableVolumeSet	hadoop-hdds/container-service/src/main/java/org/apache/hadoop/ozone/container/common/volume/ImmutableVolumeSet.java	74	25~
org.apache.hadoop.ozone.container.common.volume.BackgroundVolumeScannerMetrics	hadoop-hdds/container-service/src/main/java/org/apache/hadoop/ozone/container/common/volume/BackgroundVolumeScannerMetrics.java	119	50~
org.apache.hadoop.ozone.container.common.volume.StorageVolumeChecker	hadoop-hdds/container-service/src/main/java/org/apache/hadoop/ozone/container/common/volume/StorageVolumeChecker.java	513	300~
org.apache.hadoop.ozone.container.common.helpers.ContainerMetrics	hadoop-hdds/container-service/src/main/java/org/apache/hadoop/ozone/container/common/helpers/ContainerMetrics.java	235	150~
org.apache.hadoop.ozone.container.common.helpers.BlockDeletingServiceMetrics	hadoop-hdds/container-service/src/main/java/org/apache/hadoop/ozone/container/common/helpers/BlockDeletingServiceMetrics.java	239	150~
org.apache.hadoop.ozone.container.common.helpers.DatanodeVersionFile	hadoop-hdds/container-service/src/main/java/org/apache/hadoop/ozone/container/common/helpers/DatanodeVersionFile.java	77	25~
org.apache.hadoop.ozone.container.common.helpers.DatanodeIdYaml	hadoop-hdds/container-service/src/main/java/org/apache/hadoop/ozone/container/common/helpers/DatanodeIdYaml.java	288	200~
org.apache.hadoop.ozone.container.common.helpers.CommandHandlerMetrics	hadoop-hdds/container-service/src/main/java/org/apache/hadoop/ozone/container/common/helpers/CommandHandlerMetrics.java	125	75~
org.apache.hadoop.ozone.container.common.helpers.ContainerUtils	hadoop-hdds/container-service/src/main/java/org/apache/hadoop/ozone/container/common/helpers/ContainerUtils.java	432	275~
org.apache.hadoop.ozone.container.common.helpers.DeletedContainerBlocksSummary	hadoop-hdds/container-service/src/main/java/org/apache/hadoop/ozone/container/common/helpers/DeletedContainerBlocksSummary.java	116	75~
org.apache.hadoop.ozone.container.common.helpers.TokenHelper	hadoop-hdds/container-service/src/main/java/org/apache/hadoop/ozone/container/common/helpers/TokenHelper.java	101	50~
org.apache.hadoop.ozone.container.common.interfaces.DBHandle	hadoop-hdds/container-service/src/main/java/org/apache/hadoop/ozone/container/common/interfaces/DBHandle.java	47	25~
org.apache.hadoop.ozone.container.common.interfaces.ContainerInspector	hadoop-hdds/container-service/src/main/java/org/apache/hadoop/ozone/container/common/interfaces/ContainerInspector.java	72	25~
org.apache.hadoop.ozone.container.common.interfaces.Handler	hadoop-hdds/container-service/src/main/java/org/apache/hadoop/ozone/container/common/interfaces/Handler.java	306	125~
org.apache.hadoop.ozone.container.common.interfaces.ContainerDeletionChoosingPolicyTemplate	hadoop-hdds/container-service/src/main/java/org/apache/hadoop/ozone/container/common/interfaces/ContainerDeletionChoosingPolicyTemplate.java	95	50~
org.apache.hadoop.ozone.container.common.interfaces.BlockIterator	hadoop-hdds/container-service/src/main/java/org/apache/hadoop/ozone/container/common/interfaces/BlockIterator.java	54	25~
org.apache.hadoop.ozone.container.common.interfaces.Container	hadoop-hdds/container-service/src/main/java/org/apache/hadoop/ozone/container/common/interfaces/Container.java	227	50~
org.apache.hadoop.ozone.container.common.interfaces.StorageLocationReportMXBean	hadoop-hdds/container-service/src/main/java/org/apache/hadoop/ozone/container/common/interfaces/StorageLocationReportMXBean.java	43	25~
org.apache.hadoop.ozone.container.common.interfaces.ContainerLocationManager	hadoop-hdds/container-service/src/main/java/org/apache/hadoop/ozone/container/common/interfaces/ContainerLocationManager.java	57	25~
org.apache.hadoop.ozone.container.common.interfaces.ContainerLocationManagerMXBean	hadoop-hdds/container-service/src/main/java/org/apache/hadoop/ozone/container/common/interfaces/ContainerLocationManagerMXBean.java	34	25~
org.apache.hadoop.ozone.container.common.interfaces.ContainerDeletionChoosingPolicy	hadoop-hdds/container-service/src/main/java/org/apache/hadoop/ozone/container/common/interfaces/ContainerDeletionChoosingPolicy.java	57	25~
org.apache.hadoop.ozone.container.common.interfaces.VolumeChoosingPolicy	hadoop-hdds/container-service/src/main/java/org/apache/hadoop/ozone/container/common/interfaces/VolumeChoosingPolicy.java	45	25~
org.apache.hadoop.ozone.container.common.interfaces.ContainerPacker	hadoop-hdds/container-service/src/main/java/org/apache/hadoop/ozone/container/common/interfaces/ContainerPacker.java	72	25~
org.apache.hadoop.ozone.container.common.interfaces.ScanResult	hadoop-hdds/container-service/src/main/java/org/apache/hadoop/ozone/container/common/interfaces/ScanResult.java	32	25~
org.apache.hadoop.ozone.container.common.interfaces.ContainerDispatcher	hadoop-hdds/container-service/src/main/java/org/apache/hadoop/ozone/container/common/interfaces/ContainerDispatcher.java	109	25~
org.apache.hadoop.ozone.container.diskbalancer.DiskBalancerConfiguration	hadoop-hdds/container-service/src/main/java/org/apache/hadoop/ozone/container/diskbalancer/DiskBalancerConfiguration.java	431	275~
org.apache.hadoop.ozone.container.diskbalancer.DiskBalancerVolumeCalculation	hadoop-hdds/container-service/src/main/java/org/apache/hadoop/ozone/container/diskbalancer/DiskBalancerVolumeCalculation.java	201	100~
org.apache.hadoop.ozone.container.diskbalancer.DiskBalancerService	hadoop-hdds/container-service/src/main/java/org/apache/hadoop/ozone/container/diskbalancer/DiskBalancerService.java	913	600~
org.apache.hadoop.ozone.container.diskbalancer.ContainerChoosingPolicyFactory	hadoop-hdds/container-service/src/main/java/org/apache/hadoop/ozone/container/diskbalancer/ContainerChoosingPolicyFactory.java	55	25~
org.apache.hadoop.ozone.container.diskbalancer.DiskBalancerYaml	hadoop-hdds/container-service/src/main/java/org/apache/hadoop/ozone/container/diskbalancer/DiskBalancerYaml.java	234	150~
org.apache.hadoop.ozone.container.diskbalancer.DiskBalancerProtocolServer	hadoop-hdds/container-service/src/main/java/org/apache/hadoop/ozone/container/diskbalancer/DiskBalancerProtocolServer.java	170	100~
org.apache.hadoop.ozone.container.diskbalancer.DiskBalancerVersion	hadoop-hdds/container-service/src/main/java/org/apache/hadoop/ozone/container/diskbalancer/DiskBalancerVersion.java	77	50~
org.apache.hadoop.ozone.container.diskbalancer.DiskBalancerServiceMetrics	hadoop-hdds/container-service/src/main/java/org/apache/hadoop/ozone/container/diskbalancer/DiskBalancerServiceMetrics.java	153	100~
org.apache.hadoop.ozone.container.diskbalancer.policy.ContainerCandidate	hadoop-hdds/container-service/src/main/java/org/apache/hadoop/ozone/container/diskbalancer/policy/ContainerCandidate.java	50	25~
org.apache.hadoop.ozone.container.diskbalancer.policy.ContainerChoosingPolicy	hadoop-hdds/container-service/src/main/java/org/apache/hadoop/ozone/container/diskbalancer/policy/ContainerChoosingPolicy.java	55	25~
org.apache.hadoop.ozone.container.diskbalancer.policy.DefaultContainerChoosingPolicy	hadoop-hdds/container-service/src/main/java/org/apache/hadoop/ozone/container/diskbalancer/policy/DefaultContainerChoosingPolicy.java	267	175~
org.apache.hadoop.ozone.container.diskbalancer.DiskBalancerInfo	hadoop-hdds/container-service/src/main/java/org/apache/hadoop/ozone/container/diskbalancer/DiskBalancerInfo.java	276	200~
org.apache.hadoop.ozone.container.keyvalue.impl.FilePerBlockStrategy	hadoop-hdds/container-service/src/main/java/org/apache/hadoop/ozone/container/keyvalue/impl/FilePerBlockStrategy.java	438	275~
org.apache.hadoop.ozone.container.keyvalue.impl.StreamDataChannelBase	hadoop-hdds/container-service/src/main/java/org/apache/hadoop/ozone/container/keyvalue/impl/StreamDataChannelBase.java	177	100~
org.apache.hadoop.ozone.container.keyvalue.impl.FilePerChunkStrategy	hadoop-hdds/container-service/src/main/java/org/apache/hadoop/ozone/container/keyvalue/impl/FilePerChunkStrategy.java	389	225~
org.apache.hadoop.ozone.container.keyvalue.impl.KeyValueStreamDataChannel	hadoop-hdds/container-service/src/main/java/org/apache/hadoop/ozone/container/keyvalue/impl/KeyValueStreamDataChannel.java	259	175~
org.apache.hadoop.ozone.container.keyvalue.impl.ChunkManagerDispatcher	hadoop-hdds/container-service/src/main/java/org/apache/hadoop/ozone/container/keyvalue/impl/ChunkManagerDispatcher.java	186	100~
org.apache.hadoop.ozone.container.keyvalue.impl.MappedBufferManager	hadoop-hdds/container-service/src/main/java/org/apache/hadoop/ozone/container/keyvalue/impl/MappedBufferManager.java	125	75~
org.apache.hadoop.ozone.container.keyvalue.impl.ChunkManagerFactory	hadoop-hdds/container-service/src/main/java/org/apache/hadoop/ozone/container/keyvalue/impl/ChunkManagerFactory.java	79	25~
org.apache.hadoop.ozone.container.keyvalue.impl.Buffers	hadoop-hdds/container-service/src/main/java/org/apache/hadoop/ozone/container/keyvalue/impl/Buffers.java	113	50~
org.apache.hadoop.ozone.container.keyvalue.impl.BlockManagerImpl	hadoop-hdds/container-service/src/main/java/org/apache/hadoop/ozone/container/keyvalue/impl/BlockManagerImpl.java	481	275~
org.apache.hadoop.ozone.container.keyvalue.impl.ChunkManagerDummyImpl	hadoop-hdds/container-service/src/main/java/org/apache/hadoop/ozone/container/keyvalue/impl/ChunkManagerDummyImpl.java	128	75~
org.apache.hadoop.ozone.container.keyvalue.KeyValueContainerMetadataInspector	hadoop-hdds/container-service/src/main/java/org/apache/hadoop/ozone/container/keyvalue/KeyValueContainerMetadataInspector.java	590	400~
org.apache.hadoop.ozone.container.keyvalue.KeyValueContainerData	hadoop-hdds/container-service/src/main/java/org/apache/hadoop/ozone/container/keyvalue/KeyValueContainerData.java	507	250~
org.apache.hadoop.ozone.container.keyvalue.statemachine.background.StaleRecoveringContainerScrubbingService	hadoop-hdds/container-service/src/main/java/org/apache/hadoop/ozone/container/keyvalue/statemachine/background/StaleRecoveringContainerScrubbingService.java	98	50~
org.apache.hadoop.ozone.container.keyvalue.statemachine.background.BlockDeletingTask	hadoop-hdds/container-service/src/main/java/org/apache/hadoop/ozone/container/keyvalue/statemachine/background/BlockDeletingTask.java	572	400~
org.apache.hadoop.ozone.container.keyvalue.PendingDelete	hadoop-hdds/container-service/src/main/java/org/apache/hadoop/ozone/container/keyvalue/PendingDelete.java	49	25~
org.apache.hadoop.ozone.container.keyvalue.KeyValueContainer	hadoop-hdds/container-service/src/main/java/org/apache/hadoop/ozone/container/keyvalue/KeyValueContainer.java	1048	650~
org.apache.hadoop.ozone.container.keyvalue.TarContainerPacker	hadoop-hdds/container-service/src/main/java/org/apache/hadoop/ozone/container/keyvalue/TarContainerPacker.java	268	150~
org.apache.hadoop.ozone.container.keyvalue.KeyValueHandler	hadoop-hdds/container-service/src/main/java/org/apache/hadoop/ozone/container/keyvalue/KeyValueHandler.java	2543	1825~
org.apache.hadoop.ozone.container.keyvalue.KeyValueContainerCheck	hadoop-hdds/container-service/src/main/java/org/apache/hadoop/ozone/container/keyvalue/KeyValueContainerCheck.java	529	325~
org.apache.hadoop.ozone.container.keyvalue.helpers.KeyValueContainerUtil	hadoop-hdds/container-service/src/main/java/org/apache/hadoop/ozone/container/keyvalue/helpers/KeyValueContainerUtil.java	563	325~
org.apache.hadoop.ozone.container.keyvalue.helpers.BlockUtils	hadoop-hdds/container-service/src/main/java/org/apache/hadoop/ozone/container/keyvalue/helpers/BlockUtils.java	360	175~
org.apache.hadoop.ozone.container.keyvalue.helpers.KeyValueContainerLocationUtil	hadoop-hdds/container-service/src/main/java/org/apache/hadoop/ozone/container/keyvalue/helpers/KeyValueContainerLocationUtil.java	137	50~
org.apache.hadoop.ozone.container.keyvalue.helpers.ChunkUtils	hadoop-hdds/container-service/src/main/java/org/apache/hadoop/ozone/container/keyvalue/helpers/ChunkUtils.java	549	325~
org.apache.hadoop.ozone.container.keyvalue.interfaces.ChunkManager	hadoop-hdds/container-service/src/main/java/org/apache/hadoop/ozone/container/keyvalue/interfaces/ChunkManager.java	177	75~
org.apache.hadoop.ozone.container.keyvalue.interfaces.BlockManager	hadoop-hdds/container-service/src/main/java/org/apache/hadoop/ozone/container/keyvalue/interfaces/BlockManager.java	135	25~
org.apache.hadoop.ozone.container.replication.ContainerReplicator	hadoop-hdds/container-service/src/main/java/org/apache/hadoop/ozone/container/replication/ContainerReplicator.java	27	25~
org.apache.hadoop.ozone.container.replication.GrpcReplicationClient	hadoop-hdds/container-service/src/main/java/org/apache/hadoop/ozone/container/replication/GrpcReplicationClient.java	114	50~
org.apache.hadoop.ozone.container.replication.GrpcOutputStream	hadoop-hdds/container-service/src/main/java/org/apache/hadoop/ozone/container/replication/GrpcOutputStream.java	179	125~
org.apache.hadoop.ozone.container.replication.GrpcContainerUploader	hadoop-hdds/container-service/src/main/java/org/apache/hadoop/ozone/container/replication/GrpcContainerUploader.java	222	150~
org.apache.hadoop.ozone.container.replication.ContainerReplicationSource	hadoop-hdds/container-service/src/main/java/org/apache/hadoop/ozone/container/replication/ContainerReplicationSource.java	51	25~
org.apache.hadoop.ozone.container.replication.OnDemandContainerReplicationSource	hadoop-hdds/container-service/src/main/java/org/apache/hadoop/ozone/container/replication/OnDemandContainerReplicationSource.java	64	25~
org.apache.hadoop.ozone.container.replication.ContainerUploader	hadoop-hdds/container-service/src/main/java/org/apache/hadoop/ozone/container/replication/ContainerUploader.java	32	25~
org.apache.hadoop.ozone.container.replication.VolumeReplicationThreadPools	hadoop-hdds/container-service/src/main/java/org/apache/hadoop/ozone/container/replication/VolumeReplicationThreadPools.java	166	125~
org.apache.hadoop.ozone.container.replication.AbstractReplicationTask	hadoop-hdds/container-service/src/main/java/org/apache/hadoop/ozone/container/replication/AbstractReplicationTask.java	146	75~
org.apache.hadoop.ozone.container.replication.ReplicationSupervisorMetrics	hadoop-hdds/container-service/src/main/java/org/apache/hadoop/ozone/container/replication/ReplicationSupervisorMetrics.java	125	75~
org.apache.hadoop.ozone.container.replication.ReplicationTask	hadoop-hdds/container-service/src/main/java/org/apache/hadoop/ozone/container/replication/ReplicationTask.java	112	75~
org.apache.hadoop.ozone.container.replication.SendContainerRequestHandler	hadoop-hdds/container-service/src/main/java/org/apache/hadoop/ozone/container/replication/SendContainerRequestHandler.java	175	100~
org.apache.hadoop.ozone.container.replication.PushReplicator	hadoop-hdds/container-service/src/main/java/org/apache/hadoop/ozone/container/replication/PushReplicator.java	81	50~
org.apache.hadoop.ozone.container.replication.SendContainerOutputStream	hadoop-hdds/container-service/src/main/java/org/apache/hadoop/ozone/container/replication/SendContainerOutputStream.java	55	25~
org.apache.hadoop.ozone.container.replication.ReplicationSupervisor	hadoop-hdds/container-service/src/main/java/org/apache/hadoop/ozone/container/replication/ReplicationSupervisor.java	709	525~
org.apache.hadoop.ozone.container.replication.GrpcReplicationService	hadoop-hdds/container-service/src/main/java/org/apache/hadoop/ozone/container/replication/GrpcReplicationService.java	98	50~
org.apache.hadoop.ozone.container.replication.MeasuredReplicator	hadoop-hdds/container-service/src/main/java/org/apache/hadoop/ozone/container/replication/MeasuredReplicator.java	131	75~
org.apache.hadoop.ozone.container.replication.ContainerImporter	hadoop-hdds/container-service/src/main/java/org/apache/hadoop/ozone/container/replication/ContainerImporter.java	207	125~
org.apache.hadoop.ozone.container.replication.ReplicationServer	hadoop-hdds/container-service/src/main/java/org/apache/hadoop/ozone/container/replication/ReplicationServer.java	351	250~
org.apache.hadoop.ozone.container.replication.CopyContainerCompression	hadoop-hdds/container-service/src/main/java/org/apache/hadoop/ozone/container/replication/CopyContainerCompression.java	126	75~
org.apache.hadoop.ozone.container.checksum.ReconcileContainerTask	hadoop-hdds/container-service/src/main/java/org/apache/hadoop/ozone/container/checksum/ReconcileContainerTask.java	98	50~
org.apache.hadoop.ozone.container.checksum.ContainerMerkleTreeWriter	hadoop-hdds/container-service/src/main/java/org/apache/hadoop/ozone/container/checksum/ContainerMerkleTreeWriter.java	359	175~
org.apache.hadoop.ozone.container.checksum.ContainerDiffReport	hadoop-hdds/container-service/src/main/java/org/apache/hadoop/ozone/container/checksum/ContainerDiffReport.java	157	75~
org.apache.hadoop.ozone.container.checksum.ContainerChecksumTreeManager	hadoop-hdds/container-service/src/main/java/org/apache/hadoop/ozone/container/checksum/ContainerChecksumTreeManager.java	457	250~
org.apache.hadoop.ozone.container.checksum.ContainerMerkleTreeMetrics	hadoop-hdds/container-service/src/main/java/org/apache/hadoop/ozone/container/checksum/ContainerMerkleTreeMetrics.java	162	100~
org.apache.hadoop.ozone.container.checksum.DNContainerOperationClient	hadoop-hdds/container-service/src/main/java/org/apache/hadoop/ozone/container/checksum/DNContainerOperationClient.java	133	75~
org.apache.hadoop.ozone.container.metadata.DatanodeSchemaTwoDBDefinition	hadoop-hdds/container-service/src/main/java/org/apache/hadoop/ozone/container/metadata/DatanodeSchemaTwoDBDefinition.java	117	75~
org.apache.hadoop.ozone.container.metadata.WitnessedContainerDBDefinition	hadoop-hdds/container-service/src/main/java/org/apache/hadoop/ozone/container/metadata/WitnessedContainerDBDefinition.java	67	25~
org.apache.hadoop.ozone.container.metadata.DatanodeSchemaThreeDBDefinition	hadoop-hdds/container-service/src/main/java/org/apache/hadoop/ozone/container/metadata/DatanodeSchemaThreeDBDefinition.java	213	125~
org.apache.hadoop.ozone.container.metadata.DatanodeStore	hadoop-hdds/container-service/src/main/java/org/apache/hadoop/ozone/container/metadata/DatanodeStore.java	111	25~
org.apache.hadoop.ozone.container.metadata.WitnessedContainerMetadataStoreImpl	hadoop-hdds/container-service/src/main/java/org/apache/hadoop/ozone/container/metadata/WitnessedContainerMetadataStoreImpl.java	129	75~
org.apache.hadoop.ozone.container.metadata.SchemaOneKeyCodec	hadoop-hdds/container-service/src/main/java/org/apache/hadoop/ozone/container/metadata/SchemaOneKeyCodec.java	119	50~
org.apache.hadoop.ozone.container.metadata.DBStoreManager	hadoop-hdds/container-service/src/main/java/org/apache/hadoop/ozone/container/metadata/DBStoreManager.java	60	25~
org.apache.hadoop.ozone.container.metadata.DatanodeStoreSchemaThreeImpl	hadoop-hdds/container-service/src/main/java/org/apache/hadoop/ozone/container/metadata/DatanodeStoreSchemaThreeImpl.java	285	200~
org.apache.hadoop.ozone.container.metadata.WitnessedContainerMetadataStore	hadoop-hdds/container-service/src/main/java/org/apache/hadoop/ozone/container/metadata/WitnessedContainerMetadataStore.java	33	25~
org.apache.hadoop.ozone.container.metadata.ContainerCreateInfo	hadoop-hdds/container-service/src/main/java/org/apache/hadoop/ozone/container/metadata/ContainerCreateInfo.java	85	50~
org.apache.hadoop.ozone.container.metadata.SchemaOneDeletedBlocksTable	hadoop-hdds/container-service/src/main/java/org/apache/hadoop/ozone/container/metadata/SchemaOneDeletedBlocksTable.java	136	75~
org.apache.hadoop.ozone.container.metadata.DatanodeTable	hadoop-hdds/container-service/src/main/java/org/apache/hadoop/ozone/container/metadata/DatanodeTable.java	142	75~
org.apache.hadoop.ozone.container.metadata.DeleteTransactionStore	hadoop-hdds/container-service/src/main/java/org/apache/hadoop/ozone/container/metadata/DeleteTransactionStore.java	30	25~
org.apache.hadoop.ozone.container.metadata.AbstractRDBStore	hadoop-hdds/container-service/src/main/java/org/apache/hadoop/ozone/container/metadata/AbstractRDBStore.java	175	100~
org.apache.hadoop.ozone.container.metadata.AbstractDatanodeDBDefinition	hadoop-hdds/container-service/src/main/java/org/apache/hadoop/ozone/container/metadata/AbstractDatanodeDBDefinition.java	78	25~
org.apache.hadoop.ozone.container.metadata.AbstractDatanodeStore	hadoop-hdds/container-service/src/main/java/org/apache/hadoop/ozone/container/metadata/AbstractDatanodeStore.java	378	225~
org.apache.hadoop.ozone.container.metadata.DatanodeStoreWithIncrementalChunkList	hadoop-hdds/container-service/src/main/java/org/apache/hadoop/ozone/container/metadata/DatanodeStoreWithIncrementalChunkList.java	245	150~
org.apache.hadoop.ozone.container.metadata.DatanodeStoreSchemaOneImpl	hadoop-hdds/container-service/src/main/java/org/apache/hadoop/ozone/container/metadata/DatanodeStoreSchemaOneImpl.java	54	25~
org.apache.hadoop.ozone.container.metadata.SchemaOneChunkInfoListCodec	hadoop-hdds/container-service/src/main/java/org/apache/hadoop/ozone/container/metadata/SchemaOneChunkInfoListCodec.java	93	25~
org.apache.hadoop.ozone.container.metadata.DatanodeStoreSchemaTwoImpl	hadoop-hdds/container-service/src/main/java/org/apache/hadoop/ozone/container/metadata/DatanodeStoreSchemaTwoImpl.java	56	25~
org.apache.hadoop.ozone.container.metadata.DatanodeSchemaOneDBDefinition	hadoop-hdds/container-service/src/main/java/org/apache/hadoop/ozone/container/metadata/DatanodeSchemaOneDBDefinition.java	112	50~
org.apache.hadoop.ozone.container.ozoneimpl.AbstractBackgroundContainerScanner	hadoop-hdds/container-service/src/main/java/org/apache/hadoop/ozone/container/ozoneimpl/AbstractBackgroundContainerScanner.java	173	125~
org.apache.hadoop.ozone.container.ozoneimpl.AbstractContainerScannerMetrics	hadoop-hdds/container-service/src/main/java/org/apache/hadoop/ozone/container/ozoneimpl/AbstractContainerScannerMetrics.java	88	50~
org.apache.hadoop.ozone.container.ozoneimpl.ContainerScanHelper	hadoop-hdds/container-service/src/main/java/org/apache/hadoop/ozone/container/ozoneimpl/ContainerScanHelper.java	240	175~
org.apache.hadoop.ozone.container.ozoneimpl.BackgroundContainerDataScanner	hadoop-hdds/container-service/src/main/java/org/apache/hadoop/ozone/container/ozoneimpl/BackgroundContainerDataScanner.java	122	75~
org.apache.hadoop.ozone.container.ozoneimpl.OnDemandContainerScanner	hadoop-hdds/container-service/src/main/java/org/apache/hadoop/ozone/container/ozoneimpl/OnDemandContainerScanner.java	159	100~
org.apache.hadoop.ozone.container.ozoneimpl.ContainerScanError	hadoop-hdds/container-service/src/main/java/org/apache/hadoop/ozone/container/ozoneimpl/ContainerScanError.java	71	25~
org.apache.hadoop.ozone.container.ozoneimpl.ContainerDataScannerMetrics	hadoop-hdds/container-service/src/main/java/org/apache/hadoop/ozone/container/ozoneimpl/ContainerDataScannerMetrics.java	79	50~
org.apache.hadoop.ozone.container.ozoneimpl.ContainerScannerConfiguration	hadoop-hdds/container-service/src/main/java/org/apache/hadoop/ozone/container/ozoneimpl/ContainerScannerConfiguration.java	224	150~
org.apache.hadoop.ozone.container.ozoneimpl.ContainerReader	hadoop-hdds/container-service/src/main/java/org/apache/hadoop/ozone/container/ozoneimpl/ContainerReader.java	380	250~
org.apache.hadoop.ozone.container.ozoneimpl.MetadataScanResult	hadoop-hdds/container-service/src/main/java/org/apache/hadoop/ozone/container/ozoneimpl/MetadataScanResult.java	90	50~
org.apache.hadoop.ozone.container.ozoneimpl.ContainerMetadataScannerMetrics	hadoop-hdds/container-service/src/main/java/org/apache/hadoop/ozone/container/ozoneimpl/ContainerMetadataScannerMetrics.java	44	25~
org.apache.hadoop.ozone.container.ozoneimpl.ContainerController	hadoop-hdds/container-service/src/main/java/org/apache/hadoop/ozone/container/ozoneimpl/ContainerController.java	309	150~
org.apache.hadoop.ozone.container.ozoneimpl.DataScanResult	hadoop-hdds/container-service/src/main/java/org/apache/hadoop/ozone/container/ozoneimpl/DataScanResult.java	69	25~
org.apache.hadoop.ozone.container.ozoneimpl.ScanTransientIOUtil	hadoop-hdds/container-service/src/main/java/org/apache/hadoop/ozone/container/ozoneimpl/ScanTransientIOUtil.java	85	50~
org.apache.hadoop.ozone.container.ozoneimpl.OzoneContainer	hadoop-hdds/container-service/src/main/java/org/apache/hadoop/ozone/container/ozoneimpl/OzoneContainer.java	796	525~
org.apache.hadoop.ozone.container.ozoneimpl.OnDemandScannerMetrics	hadoop-hdds/container-service/src/main/java/org/apache/hadoop/ozone/container/ozoneimpl/OnDemandScannerMetrics.java	42	25~
org.apache.hadoop.ozone.container.ozoneimpl.BackgroundContainerMetadataScanner	hadoop-hdds/container-service/src/main/java/org/apache/hadoop/ozone/container/ozoneimpl/BackgroundContainerMetadataScanner.java	65	25~
org.apache.hadoop.ozone.audit.DNAction	hadoop-hdds/container-service/src/main/java/org/apache/hadoop/ozone/audit/DNAction.java	55	25~
org.apache.hadoop.ozone.HddsPolicyProvider	hadoop-hdds/container-service/src/main/java/org/apache/hadoop/ozone/HddsPolicyProvider.java	67	25~
org.apache.hadoop.hdds.freon.FakeRatisFollower	hadoop-hdds/container-service/src/main/java/org/apache/hadoop/hdds/freon/FakeRatisFollower.java	131	75~
org.apache.hadoop.hdds.scm.VersionInfo	hadoop-hdds/container-service/src/main/java/org/apache/hadoop/hdds/scm/VersionInfo.java	80	25~
org.apache.hadoop.ozone.client.io.ByteBufferOutputStream	hadoop-hdds/client/src/main/java/org/apache/hadoop/ozone/client/io/ByteBufferOutputStream.java	49	25~
org.apache.hadoop.ozone.client.io.ECBlockInputStreamFactoryImpl	hadoop-hdds/client/src/main/java/org/apache/hadoop/ozone/client/io/ECBlockInputStreamFactoryImpl.java	101	50~
org.apache.hadoop.ozone.client.io.ECBlockReconstructedStripeInputStream	hadoop-hdds/client/src/main/java/org/apache/hadoop/ozone/client/io/ECBlockReconstructedStripeInputStream.java	828	500~
org.apache.hadoop.ozone.client.io.BlockInputStreamFactoryImpl	hadoop-hdds/client/src/main/java/org/apache/hadoop/ozone/client/io/BlockInputStreamFactoryImpl.java	132	50~
org.apache.hadoop.ozone.client.io.ECBlockInputStream	hadoop-hdds/client/src/main/java/org/apache/hadoop/ozone/client/io/ECBlockInputStream.java	540	350~
org.apache.hadoop.ozone.client.io.BlockInputStreamFactory	hadoop-hdds/client/src/main/java/org/apache/hadoop/ozone/client/io/BlockInputStreamFactory.java	56	25~
org.apache.hadoop.ozone.client.io.ByteArrayStreamOutput	hadoop-hdds/client/src/main/java/org/apache/hadoop/ozone/client/io/ByteArrayStreamOutput.java	63	25~
org.apache.hadoop.ozone.client.io.ECBlockReconstructedInputStream	hadoop-hdds/client/src/main/java/org/apache/hadoop/ozone/client/io/ECBlockReconstructedInputStream.java	242	175~
org.apache.hadoop.ozone.client.io.BadDataLocationException	hadoop-hdds/client/src/main/java/org/apache/hadoop/ozone/client/io/BadDataLocationException.java	88	50~
org.apache.hadoop.ozone.client.io.ECBlockInputStreamFactory	hadoop-hdds/client/src/main/java/org/apache/hadoop/ozone/client/io/ECBlockInputStreamFactory.java	57	25~
org.apache.hadoop.ozone.client.io.InsufficientLocationsException	hadoop-hdds/client/src/main/java/org/apache/hadoop/ozone/client/io/InsufficientLocationsException.java	43	25~
org.apache.hadoop.ozone.client.io.BoundedElasticByteBufferPool	hadoop-hdds/client/src/main/java/org/apache/hadoop/ozone/client/io/BoundedElasticByteBufferPool.java	148	75~
org.apache.hadoop.ozone.client.io.ECBlockInputStreamProxy	hadoop-hdds/client/src/main/java/org/apache/hadoop/ozone/client/io/ECBlockInputStreamProxy.java	259	175~
org.apache.hadoop.hdds.scm.ECXceiverClientGrpc	hadoop-hdds/client/src/main/java/org/apache/hadoop/hdds/scm/ECXceiverClientGrpc.java	116	50~
org.apache.hadoop.hdds.scm.ContainerClientMetrics	hadoop-hdds/client/src/main/java/org/apache/hadoop/hdds/scm/ContainerClientMetrics.java	330	250~
org.apache.hadoop.hdds.scm.XceiverClientGrpc	hadoop-hdds/client/src/main/java/org/apache/hadoop/hdds/scm/XceiverClientGrpc.java	825	575~
org.apache.hadoop.hdds.scm.XceiverClientManager	hadoop-hdds/client/src/main/java/org/apache/hadoop/hdds/scm/XceiverClientManager.java	390	225~
org.apache.hadoop.hdds.scm.OzoneClientConfig	hadoop-hdds/client/src/main/java/org/apache/hadoop/hdds/scm/OzoneClientConfig.java	746	575~
org.apache.hadoop.hdds.scm.XceiverClientShortCircuit	hadoop-hdds/client/src/main/java/org/apache/hadoop/hdds/scm/XceiverClientShortCircuit.java	623	475~
org.apache.hadoop.hdds.scm.XceiverClientFactory	hadoop-hdds/client/src/main/java/org/apache/hadoop/hdds/scm/XceiverClientFactory.java	90	25~
org.apache.hadoop.hdds.scm.storage.StreamBlockInputStream	hadoop-hdds/client/src/main/java/org/apache/hadoop/hdds/scm/storage/StreamBlockInputStream.java	632	475~
org.apache.hadoop.hdds.scm.storage.RatisBlockOutputStream	hadoop-hdds/client/src/main/java/org/apache/hadoop/hdds/scm/storage/RatisBlockOutputStream.java	137	50~
org.apache.hadoop.hdds.scm.storage.ECBlockOutputStream	hadoop-hdds/client/src/main/java/org/apache/hadoop/hdds/scm/storage/ECBlockOutputStream.java	377	250~
org.apache.hadoop.hdds.scm.storage.DomainPeer	hadoop-hdds/client/src/main/java/org/apache/hadoop/hdds/scm/storage/DomainPeer.java	111	50~
org.apache.hadoop.hdds.scm.storage.BlockOutputStream	hadoop-hdds/client/src/main/java/org/apache/hadoop/hdds/scm/storage/BlockOutputStream.java	1265	875~
org.apache.hadoop.hdds.scm.storage.ByteArrayReader	hadoop-hdds/client/src/main/java/org/apache/hadoop/hdds/scm/storage/ByteArrayReader.java	61	25~
org.apache.hadoop.hdds.scm.storage.ByteBufferStreamOutput	hadoop-hdds/client/src/main/java/org/apache/hadoop/hdds/scm/storage/ByteBufferStreamOutput.java	59	25~
org.apache.hadoop.hdds.scm.storage.ChunkInputStream	hadoop-hdds/client/src/main/java/org/apache/hadoop/hdds/scm/storage/ChunkInputStream.java	749	425~
org.apache.hadoop.hdds.scm.storage.AbstractDataStreamOutput	hadoop-hdds/client/src/main/java/org/apache/hadoop/hdds/scm/storage/AbstractDataStreamOutput.java	124	75~
org.apache.hadoop.hdds.scm.storage.StreamBuffer	hadoop-hdds/client/src/main/java/org/apache/hadoop/hdds/scm/storage/StreamBuffer.java	57	25~
org.apache.hadoop.hdds.scm.storage.BlockExtendedInputStream	hadoop-hdds/client/src/main/java/org/apache/hadoop/hdds/scm/storage/BlockExtendedInputStream.java	138	75~
org.apache.hadoop.hdds.scm.storage.BlockInputStream	hadoop-hdds/client/src/main/java/org/apache/hadoop/hdds/scm/storage/BlockInputStream.java	661	425~
org.apache.hadoop.hdds.scm.storage.CommitWatcher	hadoop-hdds/client/src/main/java/org/apache/hadoop/hdds/scm/storage/CommitWatcher.java	60	25~
org.apache.hadoop.hdds.scm.storage.DomainSocketFactory	hadoop-hdds/client/src/main/java/org/apache/hadoop/hdds/scm/storage/DomainSocketFactory.java	276	200~
org.apache.hadoop.hdds.scm.storage.MultipartInputStream	hadoop-hdds/client/src/main/java/org/apache/hadoop/hdds/scm/storage/MultipartInputStream.java	315	200~
org.apache.hadoop.hdds.scm.storage.BufferPool	hadoop-hdds/client/src/main/java/org/apache/hadoop/hdds/scm/storage/BufferPool.java	218	150~
org.apache.hadoop.hdds.scm.storage.LocalChunkInputStream	hadoop-hdds/client/src/main/java/org/apache/hadoop/hdds/scm/storage/LocalChunkInputStream.java	116	50~
org.apache.hadoop.hdds.scm.storage.PartInputStream	hadoop-hdds/client/src/main/java/org/apache/hadoop/hdds/scm/storage/PartInputStream.java	36	25~
org.apache.hadoop.hdds.scm.storage.ByteBufferReader	hadoop-hdds/client/src/main/java/org/apache/hadoop/hdds/scm/storage/ByteBufferReader.java	74	25~
org.apache.hadoop.hdds.scm.storage.StreamCommitWatcher	hadoop-hdds/client/src/main/java/org/apache/hadoop/hdds/scm/storage/StreamCommitWatcher.java	45	25~
org.apache.hadoop.hdds.scm.storage.ByteReaderStrategy	hadoop-hdds/client/src/main/java/org/apache/hadoop/hdds/scm/storage/ByteReaderStrategy.java	40	25~
org.apache.hadoop.hdds.scm.storage.ExtendedInputStream	hadoop-hdds/client/src/main/java/org/apache/hadoop/hdds/scm/storage/ExtendedInputStream.java	110	50~
org.apache.hadoop.hdds.scm.storage.AbstractCommitWatcher	hadoop-hdds/client/src/main/java/org/apache/hadoop/hdds/scm/storage/AbstractCommitWatcher.java	190	100~
org.apache.hadoop.hdds.scm.storage.BlockDataStreamOutput	hadoop-hdds/client/src/main/java/org/apache/hadoop/hdds/scm/storage/BlockDataStreamOutput.java	778	525~
org.apache.hadoop.hdds.scm.ErrorInjector	hadoop-hdds/client/src/main/java/org/apache/hadoop/hdds/scm/ErrorInjector.java	31	25~
org.apache.hadoop.hdds.scm.XceiverClientRatis	hadoop-hdds/client/src/main/java/org/apache/hadoop/hdds/scm/XceiverClientRatis.java	426	275~
org.apache.hadoop.hdds.scm.client.HddsClientUtils	hadoop-hdds/client/src/main/java/org/apache/hadoop/hdds/scm/client/HddsClientUtils.java	320	175~
org.apache.hadoop.hdds.scm.XceiverClientMetrics	hadoop-hdds/client/src/main/java/org/apache/hadoop/hdds/scm/XceiverClientMetrics.java	154	100~
org.apache.hadoop.hdds.scm.StreamBufferArgs	hadoop-hdds/client/src/main/java/org/apache/hadoop/hdds/scm/StreamBufferArgs.java	135	75~
org.apache.hadoop.hdds.scm.XceiverClientCreator	hadoop-hdds/client/src/main/java/org/apache/hadoop/hdds/scm/XceiverClientCreator.java	153	100~
org.apache.hadoop.ozone.freon.PathSchema	hadoop-ozone/freon/src/main/java/org/apache/hadoop/ozone/freon/PathSchema.java	39	25~
org.apache.hadoop.ozone.freon.OmKeyGenerator	hadoop-ozone/freon/src/main/java/org/apache/hadoop/ozone/freon/OmKeyGenerator.java	125	75~
org.apache.hadoop.ozone.freon.DNRPCLoadGenerator	hadoop-ozone/freon/src/main/java/org/apache/hadoop/ozone/freon/DNRPCLoadGenerator.java	207	125~
org.apache.hadoop.ozone.freon.OzoneClientCreator	hadoop-ozone/freon/src/main/java/org/apache/hadoop/ozone/freon/OzoneClientCreator.java	67	25~
org.apache.hadoop.ozone.freon.HadoopDirTreeGenerator	hadoop-ozone/freon/src/main/java/org/apache/hadoop/ozone/freon/HadoopDirTreeGenerator.java	214	125~
org.apache.hadoop.ozone.freon.OzoneClientKeyGenerator	hadoop-ozone/freon/src/main/java/org/apache/hadoop/ozone/freon/OzoneClientKeyGenerator.java	161	100~
org.apache.hadoop.ozone.freon.FollowerReader	hadoop-ozone/freon/src/main/java/org/apache/hadoop/ozone/freon/FollowerReader.java	96	50~
org.apache.hadoop.ozone.freon.FreonHttpServer	hadoop-ozone/freon/src/main/java/org/apache/hadoop/ozone/freon/FreonHttpServer.java	82	50~
org.apache.hadoop.ozone.freon.HadoopBaseFreonGenerator	hadoop-ozone/freon/src/main/java/org/apache/hadoop/ozone/freon/HadoopBaseFreonGenerator.java	84	50~
org.apache.hadoop.ozone.freon.DatanodeChunkGenerator	hadoop-ozone/freon/src/main/java/org/apache/hadoop/ozone/freon/DatanodeChunkGenerator.java	257	175~
org.apache.hadoop.ozone.freon.Freon	hadoop-ozone/freon/src/main/java/org/apache/hadoop/ozone/freon/Freon.java	99	50~
org.apache.hadoop.ozone.freon.BaseFreonGenerator	hadoop-ozone/freon/src/main/java/org/apache/hadoop/ozone/freon/BaseFreonGenerator.java	640	400~
org.apache.hadoop.ozone.freon.StorageSizeConverter	hadoop-ozone/freon/src/main/java/org/apache/hadoop/ozone/freon/StorageSizeConverter.java	39	25~
org.apache.hadoop.ozone.freon.OmRPCLoadGenerator	hadoop-ozone/freon/src/main/java/org/apache/hadoop/ozone/freon/OmRPCLoadGenerator.java	118	75~
org.apache.hadoop.ozone.freon.ContentGenerator	hadoop-ozone/freon/src/main/java/org/apache/hadoop/ozone/freon/ContentGenerator.java	144	75~
org.apache.hadoop.ozone.freon.RandomKeyGenerator	hadoop-ozone/freon/src/main/java/org/apache/hadoop/ozone/freon/RandomKeyGenerator.java	1314	975~
org.apache.hadoop.ozone.freon.OzoneClientKeyListReader	hadoop-ozone/freon/src/main/java/org/apache/hadoop/ozone/freon/OzoneClientKeyListReader.java	151	75~
org.apache.hadoop.ozone.freon.HadoopFsValidator	hadoop-ozone/freon/src/main/java/org/apache/hadoop/ozone/freon/HadoopFsValidator.java	91	50~
org.apache.hadoop.ozone.freon.S3BucketGenerator	hadoop-ozone/freon/src/main/java/org/apache/hadoop/ozone/freon/S3BucketGenerator.java	75	25~
org.apache.hadoop.ozone.freon.S3KeyGenerator	hadoop-ozone/freon/src/main/java/org/apache/hadoop/ozone/freon/S3KeyGenerator.java	151	75~
org.apache.hadoop.ozone.freon.RangeKeysGenerator	hadoop-ozone/freon/src/main/java/org/apache/hadoop/ozone/freon/RangeKeysGenerator.java	165	100~
org.apache.hadoop.ozone.freon.OmBucketReadWriteKeyOps	hadoop-ozone/freon/src/main/java/org/apache/hadoop/ozone/freon/OmBucketReadWriteKeyOps.java	144	75~
org.apache.hadoop.ozone.freon.FreonReplicationOptions	hadoop-ozone/freon/src/main/java/org/apache/hadoop/ozone/freon/FreonReplicationOptions.java	80	25~
org.apache.hadoop.ozone.freon.OmBucketRemover	hadoop-ozone/freon/src/main/java/org/apache/hadoop/ozone/freon/OmBucketRemover.java	92	50~
org.apache.hadoop.ozone.freon.OzoneClientKeyValidator	hadoop-ozone/freon/src/main/java/org/apache/hadoop/ozone/freon/OzoneClientKeyValidator.java	177	100~
org.apache.hadoop.ozone.freon.OmBucketGenerator	hadoop-ozone/freon/src/main/java/org/apache/hadoop/ozone/freon/OmBucketGenerator.java	106	50~
org.apache.hadoop.ozone.freon.HadoopNestedDirGenerator	hadoop-ozone/freon/src/main/java/org/apache/hadoop/ozone/freon/HadoopNestedDirGenerator.java	113	50~
org.apache.hadoop.ozone.freon.OmBucketReadWriteFileOps	hadoop-ozone/freon/src/main/java/org/apache/hadoop/ozone/freon/OmBucketReadWriteFileOps.java	109	50~
org.apache.hadoop.ozone.freon.S3EntityGenerator	hadoop-ozone/freon/src/main/java/org/apache/hadoop/ozone/freon/S3EntityGenerator.java	65	25~
org.apache.hadoop.ozone.freon.HadoopFsGenerator	hadoop-ozone/freon/src/main/java/org/apache/hadoop/ozone/freon/HadoopFsGenerator.java	106	50~
org.apache.hadoop.ozone.freon.OzoneClientKeyReadWriteListOps	hadoop-ozone/freon/src/main/java/org/apache/hadoop/ozone/freon/OzoneClientKeyReadWriteListOps.java	281	200~
org.apache.hadoop.ozone.freon.FreonS3TraceContextRequestHandler	hadoop-ozone/freon/src/main/java/org/apache/hadoop/ozone/freon/FreonS3TraceContextRequestHandler.java	42	25~
org.apache.hadoop.ozone.freon.SameKeyReader	hadoop-ozone/freon/src/main/java/org/apache/hadoop/ozone/freon/SameKeyReader.java	48	25~
org.apache.hadoop.ozone.freon.OzoneClientKeyRemover	hadoop-ozone/freon/src/main/java/org/apache/hadoop/ozone/freon/OzoneClientKeyRemover.java	94	50~
org.apache.hadoop.ozone.freon.DatanodeBlockPutter	hadoop-ozone/freon/src/main/java/org/apache/hadoop/ozone/freon/DatanodeBlockPutter.java	165	100~
org.apache.hadoop.ozone.freon.DatanodeChunkValidator	hadoop-ozone/freon/src/main/java/org/apache/hadoop/ozone/freon/DatanodeChunkValidator.java	202	125~
org.apache.hadoop.ozone.freon.FreonSubcommand	hadoop-ozone/freon/src/main/java/org/apache/hadoop/ozone/freon/FreonSubcommand.java	23	25~
org.apache.hadoop.ozone.freon.AbstractOmBucketReadWriteOps	hadoop-ozone/freon/src/main/java/org/apache/hadoop/ozone/freon/AbstractOmBucketReadWriteOps.java	235	150~
org.apache.hadoop.ozone.freon.OmMetadataGenerator	hadoop-ozone/freon/src/main/java/org/apache/hadoop/ozone/freon/OmMetadataGenerator.java	568	425~
org.apache.hadoop.ozone.freon.ProgressBar	hadoop-ozone/freon/src/main/java/org/apache/hadoop/ozone/freon/ProgressBar.java	198	125~
org.apache.hadoop.ozone.freon.KeyGeneratorUtil	hadoop-ozone/freon/src/main/java/org/apache/hadoop/ozone/freon/KeyGeneratorUtil.java	48	25~
org.apache.hadoop.ozone.freon.HsyncGenerator	hadoop-ozone/freon/src/main/java/org/apache/hadoop/ozone/freon/HsyncGenerator.java	172	100~
org.apache.ozone.recon.codegen.JooqCodeGenerator	hadoop-ozone/recon-codegen/src/main/java/org/apache/ozone/recon/codegen/JooqCodeGenerator.java	179	100~
org.apache.ozone.recon.codegen.TableNamingStrategy	hadoop-ozone/recon-codegen/src/main/java/org/apache/ozone/recon/codegen/TableNamingStrategy.java	44	25~
org.apache.ozone.recon.schema.ReconTaskSchemaDefinition	hadoop-ozone/recon-codegen/src/main/java/org/apache/ozone/recon/schema/ReconTaskSchemaDefinition.java	69	25~
org.apache.ozone.recon.schema.ReconSchemaGenerationModule	hadoop-ozone/recon-codegen/src/main/java/org/apache/ozone/recon/schema/ReconSchemaGenerationModule.java	40	25~
org.apache.ozone.recon.schema.UtilizationSchemaDefinition	hadoop-ozone/recon-codegen/src/main/java/org/apache/ozone/recon/schema/UtilizationSchemaDefinition.java	117	75~
org.apache.ozone.recon.schema.ReconSchemaDefinition	hadoop-ozone/recon-codegen/src/main/java/org/apache/ozone/recon/schema/ReconSchemaDefinition.java	34	25~
org.apache.ozone.recon.schema.ContainerSchemaDefinition	hadoop-ozone/recon-codegen/src/main/java/org/apache/ozone/recon/schema/ContainerSchemaDefinition.java	126	50~
org.apache.ozone.recon.schema.StatsSchemaDefinition	hadoop-ozone/recon-codegen/src/main/java/org/apache/ozone/recon/schema/StatsSchemaDefinition.java	67	25~
org.apache.ozone.recon.schema.SchemaVersionTableDefinition	hadoop-ozone/recon-codegen/src/main/java/org/apache/ozone/recon/schema/SchemaVersionTableDefinition.java	106	50~
org.apache.ozone.recon.schema.SqlDbUtils	hadoop-ozone/recon-codegen/src/main/java/org/apache/ozone/recon/schema/SqlDbUtils.java	118	50~
org.apache.hadoop.ozone.shell.OzoneRatis	hadoop-ozone/tools/src/main/java/org/apache/hadoop/ozone/shell/OzoneRatis.java	49	25~
org.apache.hadoop.ozone.utils.AutoCompletion	hadoop-ozone/tools/src/main/java/org/apache/hadoop/ozone/utils/AutoCompletion.java	175	125~
org.apache.hadoop.ozone.utils.AsyncRollingFileAppender	hadoop-ozone/tools/src/main/java/org/apache/hadoop/ozone/utils/AsyncRollingFileAppender.java	129	75~
org.apache.hadoop.ozone.genconf.GenerateOzoneRequiredConfigurations	hadoop-ozone/tools/src/main/java/org/apache/hadoop/ozone/genconf/GenerateOzoneRequiredConfigurations.java	177	100~
org.apache.hadoop.ozone.local.LocalOzoneClusterConfig	hadoop-ozone/tools/src/main/java/org/apache/hadoop/ozone/local/LocalOzoneClusterConfig.java	327	200~
org.apache.hadoop.ozone.local.LocalOzoneCluster	hadoop-ozone/tools/src/main/java/org/apache/hadoop/ozone/local/LocalOzoneCluster.java	957	700~
org.apache.hadoop.ozone.local.OzoneLocal	hadoop-ozone/tools/src/main/java/org/apache/hadoop/ozone/local/OzoneLocal.java	328	250~
org.apache.hadoop.ozone.local.LocalOzoneRuntime	hadoop-ozone/tools/src/main/java/org/apache/hadoop/ozone/local/LocalOzoneRuntime.java	81	25~
org.apache.hadoop.ozone.conf.PrintConfKeyCommandHandler	hadoop-ozone/tools/src/main/java/org/apache/hadoop/ozone/conf/PrintConfKeyCommandHandler.java	53	25~
org.apache.hadoop.ozone.conf.OzoneManagersCommandHandler	hadoop-ozone/tools/src/main/java/org/apache/hadoop/ozone/conf/OzoneManagersCommandHandler.java	64	25~
org.apache.hadoop.ozone.conf.StorageContainerManagersCommandHandler	hadoop-ozone/tools/src/main/java/org/apache/hadoop/ozone/conf/StorageContainerManagersCommandHandler.java	53	25~
org.apache.hadoop.ozone.conf.OzoneGetConf	hadoop-ozone/tools/src/main/java/org/apache/hadoop/ozone/conf/OzoneGetConf.java	68	25~
org.apache.hadoop.fs.ozone.OzoneFsShell	hadoop-ozone/tools/src/main/java/org/apache/hadoop/fs/ozone/OzoneFsShell.java	110	50~
org.apache.hadoop.fs.ozone.OzoneFsDelete	hadoop-ozone/tools/src/main/java/org/apache/hadoop/fs/ozone/OzoneFsDelete.java	206	125~
org.apache.hadoop.ozone.freon.DatanodeSimulationState	hadoop-ozone/vapor/src/main/java/org/apache/hadoop/ozone/freon/DatanodeSimulationState.java	374	275~
org.apache.hadoop.ozone.freon.ChunkManagerDiskWrite	hadoop-ozone/vapor/src/main/java/org/apache/hadoop/ozone/freon/ChunkManagerDiskWrite.java	192	100~
org.apache.hadoop.ozone.freon.VaporSubcommand	hadoop-ozone/vapor/src/main/java/org/apache/hadoop/ozone/freon/VaporSubcommand.java	23	25~
org.apache.hadoop.ozone.freon.Vapor	hadoop-ozone/vapor/src/main/java/org/apache/hadoop/ozone/freon/Vapor.java	41	25~
org.apache.hadoop.ozone.freon.BaseAppendLogGenerator	hadoop-ozone/vapor/src/main/java/org/apache/hadoop/ozone/freon/BaseAppendLogGenerator.java	69	25~
org.apache.hadoop.ozone.freon.FollowerAppendLogEntryGenerator	hadoop-ozone/vapor/src/main/java/org/apache/hadoop/ozone/freon/FollowerAppendLogEntryGenerator.java	468	275~
org.apache.hadoop.ozone.freon.containergenerator.GeneratorDatanode	hadoop-ozone/vapor/src/main/java/org/apache/hadoop/ozone/freon/containergenerator/GeneratorDatanode.java	371	225~
org.apache.hadoop.ozone.freon.containergenerator.BaseGenerator	hadoop-ozone/vapor/src/main/java/org/apache/hadoop/ozone/freon/containergenerator/BaseGenerator.java	82	50~
org.apache.hadoop.ozone.freon.containergenerator.GeneratorOm	hadoop-ozone/vapor/src/main/java/org/apache/hadoop/ozone/freon/containergenerator/GeneratorOm.java	265	150~
org.apache.hadoop.ozone.freon.containergenerator.GeneratorScm	hadoop-ozone/vapor/src/main/java/org/apache/hadoop/ozone/freon/containergenerator/GeneratorScm.java	90	25~
org.apache.hadoop.ozone.freon.DatanodeSimulator	hadoop-ozone/vapor/src/main/java/org/apache/hadoop/ozone/freon/DatanodeSimulator.java	590	375~
org.apache.hadoop.ozone.freon.StreamingGenerator	hadoop-ozone/vapor/src/main/java/org/apache/hadoop/ozone/freon/StreamingGenerator.java	158	100~
org.apache.hadoop.ozone.freon.SCMThroughputBenchmark	hadoop-ozone/vapor/src/main/java/org/apache/hadoop/ozone/freon/SCMThroughputBenchmark.java	924	650~
org.apache.hadoop.ozone.freon.LeaderAppendLogEntryGenerator	hadoop-ozone/vapor/src/main/java/org/apache/hadoop/ozone/freon/LeaderAppendLogEntryGenerator.java	284	150~
org.apache.hadoop.ozone.repair.RepairTool	hadoop-ozone/cli-repair/src/main/java/org/apache/hadoop/ozone/repair/RepairTool.java	181	125~
org.apache.hadoop.ozone.repair.TransactionInfoRepair	hadoop-ozone/cli-repair/src/main/java/org/apache/hadoop/ozone/repair/TransactionInfoRepair.java	137	75~
org.apache.hadoop.ozone.repair.datanode.schemaupgrade.ContainerUpgradeResult	hadoop-ozone/cli-repair/src/main/java/org/apache/hadoop/ozone/repair/datanode/schemaupgrade/ContainerUpgradeResult.java	116	75~
org.apache.hadoop.ozone.repair.datanode.schemaupgrade.UpgradeContainerSchema	hadoop-ozone/cli-repair/src/main/java/org/apache/hadoop/ozone/repair/datanode/schemaupgrade/UpgradeContainerSchema.java	504	375~
org.apache.hadoop.ozone.repair.datanode.schemaupgrade.UpgradeUtils	hadoop-ozone/cli-repair/src/main/java/org/apache/hadoop/ozone/repair/datanode/schemaupgrade/UpgradeUtils.java	130	75~
org.apache.hadoop.ozone.repair.datanode.schemaupgrade.VolumeUpgradeResult	hadoop-ozone/cli-repair/src/main/java/org/apache/hadoop/ozone/repair/datanode/schemaupgrade/VolumeUpgradeResult.java	119	75~
org.apache.hadoop.ozone.repair.datanode.DatanodeRepair	hadoop-ozone/cli-repair/src/main/java/org/apache/hadoop/ozone/repair/datanode/DatanodeRepair.java	36	25~
org.apache.hadoop.ozone.repair.om.FSORepairTool	hadoop-ozone/cli-repair/src/main/java/org/apache/hadoop/ozone/repair/om/FSORepairTool.java	884	600~
org.apache.hadoop.ozone.repair.om.SnapshotChainRepair	hadoop-ozone/cli-repair/src/main/java/org/apache/hadoop/ozone/repair/om/SnapshotChainRepair.java	182	100~
org.apache.hadoop.ozone.repair.om.OMRatisLogRepair	hadoop-ozone/cli-repair/src/main/java/org/apache/hadoop/ozone/repair/om/OMRatisLogRepair.java	225	150~
org.apache.hadoop.ozone.repair.om.quota.QuotaTrigger	hadoop-ozone/cli-repair/src/main/java/org/apache/hadoop/ozone/repair/om/quota/QuotaTrigger.java	82	50~
org.apache.hadoop.ozone.repair.om.quota.QuotaStatus	hadoop-ozone/cli-repair/src/main/java/org/apache/hadoop/ozone/repair/om/quota/QuotaStatus.java	62	25~
org.apache.hadoop.ozone.repair.om.quota.QuotaRepair	hadoop-ozone/cli-repair/src/main/java/org/apache/hadoop/ozone/repair/om/quota/QuotaRepair.java	98	50~
org.apache.hadoop.ozone.repair.om.CompactOMDB	hadoop-ozone/cli-repair/src/main/java/org/apache/hadoop/ozone/repair/om/CompactOMDB.java	106	75~
org.apache.hadoop.ozone.repair.om.OMRepair	hadoop-ozone/cli-repair/src/main/java/org/apache/hadoop/ozone/repair/om/OMRepair.java	42	25~
org.apache.hadoop.ozone.repair.om.SnapshotRepair	hadoop-ozone/cli-repair/src/main/java/org/apache/hadoop/ozone/repair/om/SnapshotRepair.java	34	25~
org.apache.hadoop.ozone.repair.OzoneRepair	hadoop-ozone/cli-repair/src/main/java/org/apache/hadoop/ozone/repair/OzoneRepair.java	44	25~
org.apache.hadoop.ozone.repair.ReadOnlyCommand	hadoop-ozone/cli-repair/src/main/java/org/apache/hadoop/ozone/repair/ReadOnlyCommand.java	23	25~
org.apache.hadoop.ozone.repair.scm.SCMRepair	hadoop-ozone/cli-repair/src/main/java/org/apache/hadoop/ozone/repair/scm/SCMRepair.java	39	25~
org.apache.hadoop.ozone.repair.scm.cert.RecoverSCMCertificate	hadoop-ozone/cli-repair/src/main/java/org/apache/hadoop/ozone/repair/scm/cert/RecoverSCMCertificate.java	244	150~
org.apache.hadoop.ozone.repair.scm.cert.CertRepair	hadoop-ozone/cli-repair/src/main/java/org/apache/hadoop/ozone/repair/scm/cert/CertRepair.java	34	25~
org.apache.hadoop.ozone.repair.ldb.LDBRepair	hadoop-ozone/cli-repair/src/main/java/org/apache/hadoop/ozone/repair/ldb/LDBRepair.java	35	25~
org.apache.hadoop.ozone.repair.ldb.RocksDBManualCompaction	hadoop-ozone/cli-repair/src/main/java/org/apache/hadoop/ozone/repair/ldb/RocksDBManualCompaction.java	128	75~
org.apache.hadoop.fs.ozone.OzonePathCapabilities	hadoop-ozone/ozonefs-common/src/main/java/org/apache/hadoop/fs/ozone/OzonePathCapabilities.java	53	25~
org.apache.hadoop.fs.ozone.RootedOzoneClientAdapterImpl	hadoop-ozone/ozonefs-common/src/main/java/org/apache/hadoop/fs/ozone/RootedOzoneClientAdapterImpl.java	60	25~
org.apache.hadoop.fs.ozone.BasicRootedOzoneClientAdapterImpl	hadoop-ozone/ozonefs-common/src/main/java/org/apache/hadoop/fs/ozone/BasicRootedOzoneClientAdapterImpl.java	1569	1075~
org.apache.hadoop.fs.ozone.OzoneFSStorageStatistics	hadoop-ozone/ozonefs-common/src/main/java/org/apache/hadoop/fs/ozone/OzoneFSStorageStatistics.java	133	75~
org.apache.hadoop.fs.ozone.CapableOzoneFSDataStreamOutput	hadoop-ozone/ozonefs-common/src/main/java/org/apache/hadoop/fs/ozone/CapableOzoneFSDataStreamOutput.java	63	25~
org.apache.hadoop.fs.ozone.BasicRootedOzoneFileSystem	hadoop-ozone/ozonefs-common/src/main/java/org/apache/hadoop/fs/ozone/BasicRootedOzoneFileSystem.java	1705	1200~
org.apache.hadoop.fs.ozone.OzoneFSDataStreamOutput	hadoop-ozone/ozonefs-common/src/main/java/org/apache/hadoop/fs/ozone/OzoneFSDataStreamOutput.java	95	25~
org.apache.hadoop.fs.ozone.OzoneClientAdapterImpl	hadoop-ozone/ozonefs-common/src/main/java/org/apache/hadoop/fs/ozone/OzoneClientAdapterImpl.java	60	25~
org.apache.hadoop.fs.ozone.FileStatusAdapter	hadoop-ozone/ozonefs-common/src/main/java/org/apache/hadoop/fs/ozone/FileStatusAdapter.java	187	125~
org.apache.hadoop.fs.ozone.OzoneClientAdapter	hadoop-ozone/ozonefs-common/src/main/java/org/apache/hadoop/fs/ozone/OzoneClientAdapter.java	129	50~
org.apache.hadoop.fs.ozone.OzoneFSInputStream	hadoop-ozone/ozonefs-common/src/main/java/org/apache/hadoop/fs/ozone/OzoneFSInputStream.java	214	125~
org.apache.hadoop.fs.ozone.Statistic	hadoop-ozone/ozonefs-common/src/main/java/org/apache/hadoop/fs/ozone/Statistic.java	127	75~
org.apache.hadoop.fs.ozone.LeaseRecoveryClientDNHandler	hadoop-ozone/ozonefs-common/src/main/java/org/apache/hadoop/fs/ozone/LeaseRecoveryClientDNHandler.java	121	75~
org.apache.hadoop.fs.ozone.BasicOzoneClientAdapterImpl	hadoop-ozone/ozonefs-common/src/main/java/org/apache/hadoop/fs/ozone/BasicOzoneClientAdapterImpl.java	875	625~
org.apache.hadoop.fs.ozone.OzoneDelegationTokenRenewer	hadoop-ozone/ozonefs-common/src/main/java/org/apache/hadoop/fs/ozone/OzoneDelegationTokenRenewer.java	78	25~
org.apache.hadoop.fs.ozone.BasicKeyInfo	hadoop-ozone/ozonefs-common/src/main/java/org/apache/hadoop/fs/ozone/BasicKeyInfo.java	53	25~
org.apache.hadoop.fs.ozone.O3fsDtFetcher	hadoop-ozone/ozonefs-common/src/main/java/org/apache/hadoop/fs/ozone/O3fsDtFetcher.java	83	25~
org.apache.hadoop.fs.ozone.BasicOzoneFileSystem	hadoop-ozone/ozonefs-common/src/main/java/org/apache/hadoop/fs/ozone/BasicOzoneFileSystem.java	1439	1000~
org.apache.hadoop.fs.ozone.BasicOzFs	hadoop-ozone/ozonefs-common/src/main/java/org/apache/hadoop/fs/ozone/BasicOzFs.java	56	25~
org.apache.hadoop.fs.ozone.OzoneFSOutputStream	hadoop-ozone/ozonefs-common/src/main/java/org/apache/hadoop/fs/ozone/OzoneFSOutputStream.java	81	50~
org.apache.hadoop.fs.ozone.CapableOzoneFSInputStream	hadoop-ozone/ozonefs-common/src/main/java/org/apache/hadoop/fs/ozone/CapableOzoneFSInputStream.java	43	25~
org.apache.hadoop.fs.ozone.CapableOzoneFSOutputStream	hadoop-ozone/ozonefs-common/src/main/java/org/apache/hadoop/fs/ozone/CapableOzoneFSOutputStream.java	75	25~
org.apache.hadoop.fs.ozone.Constants	hadoop-ozone/ozonefs-common/src/main/java/org/apache/hadoop/fs/ozone/Constants.java	41	25~
org.apache.hadoop.ozone.s3.metrics.S3GatewayMetrics	hadoop-ozone/s3gateway/src/main/java/org/apache/hadoop/ozone/s3/metrics/S3GatewayMetrics.java	959	725~
org.apache.hadoop.ozone.s3.SignedChunksInputStream	hadoop-ozone/s3gateway/src/main/java/org/apache/hadoop/ozone/s3/SignedChunksInputStream.java	202	100~
org.apache.hadoop.ozone.s3.util.RFC1123Util	hadoop-ozone/s3gateway/src/main/java/org/apache/hadoop/ozone/s3/util/RFC1123Util.java	97	50~
org.apache.hadoop.ozone.s3.util.S3StorageType	hadoop-ozone/s3gateway/src/main/java/org/apache/hadoop/ozone/s3/util/S3StorageType.java	57	25~
org.apache.hadoop.ozone.s3.util.S3Consts	hadoop-ozone/s3gateway/src/main/java/org/apache/hadoop/ozone/s3/util/S3Consts.java	175	100~
org.apache.hadoop.ozone.s3.util.AuditUtils	hadoop-ozone/s3gateway/src/main/java/org/apache/hadoop/ozone/s3/util/AuditUtils.java	53	25~
org.apache.hadoop.ozone.s3.util.RangeHeader	hadoop-ozone/s3gateway/src/main/java/org/apache/hadoop/ozone/s3/util/RangeHeader.java	87	25~
org.apache.hadoop.ozone.s3.util.S3Utils	hadoop-ozone/s3gateway/src/main/java/org/apache/hadoop/ozone/s3/util/S3Utils.java	305	125~
org.apache.hadoop.ozone.s3.util.ContinueToken	hadoop-ozone/s3gateway/src/main/java/org/apache/hadoop/ozone/s3/util/ContinueToken.java	173	100~
org.apache.hadoop.ozone.s3.util.RangeHeaderParserUtil	hadoop-ozone/s3gateway/src/main/java/org/apache/hadoop/ozone/s3/util/RangeHeaderParserUtil.java	94	50~
org.apache.hadoop.ozone.s3.signature.AuthOperation	hadoop-ozone/s3gateway/src/main/java/org/apache/hadoop/ozone/s3/signature/AuthOperation.java	44	25~
org.apache.hadoop.ozone.s3.signature.SignatureParser	hadoop-ozone/s3gateway/src/main/java/org/apache/hadoop/ozone/s3/signature/SignatureParser.java	28	25~
org.apache.hadoop.ozone.s3.signature.AWSSignatureProcessor	hadoop-ozone/s3gateway/src/main/java/org/apache/hadoop/ozone/s3/signature/AWSSignatureProcessor.java	234	150~
org.apache.hadoop.ozone.s3.signature.AuthorizationV2HeaderParser	hadoop-ozone/s3gateway/src/main/java/org/apache/hadoop/ozone/s3/signature/AuthorizationV2HeaderParser.java	74	25~
org.apache.hadoop.ozone.s3.signature.AccessDeniedResourceException	hadoop-ozone/s3gateway/src/main/java/org/apache/hadoop/ozone/s3/signature/AccessDeniedResourceException.java	28	25~
org.apache.hadoop.ozone.s3.signature.AuthorizationV4QueryParser	hadoop-ozone/s3gateway/src/main/java/org/apache/hadoop/ozone/s3/signature/AuthorizationV4QueryParser.java	211	125~
org.apache.hadoop.ozone.s3.signature.StringToSignProducer	hadoop-ozone/s3gateway/src/main/java/org/apache/hadoop/ozone/s3/signature/StringToSignProducer.java	384	225~
org.apache.hadoop.ozone.s3.signature.MalformedResourceException	hadoop-ozone/s3gateway/src/main/java/org/apache/hadoop/ozone/s3/signature/MalformedResourceException.java	39	25~
org.apache.hadoop.ozone.s3.signature.SignatureInfo	hadoop-ozone/s3gateway/src/main/java/org/apache/hadoop/ozone/s3/signature/SignatureInfo.java	225	150~
org.apache.hadoop.ozone.s3.signature.SignatureProcessor	hadoop-ozone/s3gateway/src/main/java/org/apache/hadoop/ozone/s3/signature/SignatureProcessor.java	43	25~
org.apache.hadoop.ozone.s3.signature.Credential	hadoop-ozone/s3gateway/src/main/java/org/apache/hadoop/ozone/s3/signature/Credential.java	108	50~
org.apache.hadoop.ozone.s3.signature.AuthorizationV4HeaderParser	hadoop-ozone/s3gateway/src/main/java/org/apache/hadoop/ozone/s3/signature/AuthorizationV4HeaderParser.java	219	150~
org.apache.hadoop.ozone.s3.Gateway	hadoop-ozone/s3gateway/src/main/java/org/apache/hadoop/ozone/s3/Gateway.java	156	100~
org.apache.hadoop.ozone.s3.TracingFilter	hadoop-ozone/s3gateway/src/main/java/org/apache/hadoop/ozone/s3/TracingFilter.java	112	75~
org.apache.hadoop.ozone.s3.VirtualHostStyleFilter	hadoop-ozone/s3gateway/src/main/java/org/apache/hadoop/ozone/s3/VirtualHostStyleFilter.java	154	75~
org.apache.hadoop.ozone.s3.AuthorizationFilter	hadoop-ozone/s3gateway/src/main/java/org/apache/hadoop/ozone/s3/AuthorizationFilter.java	109	50~
org.apache.hadoop.ozone.s3.OzoneClientProducer	hadoop-ozone/s3gateway/src/main/java/org/apache/hadoop/ozone/s3/OzoneClientProducer.java	54	25~
org.apache.hadoop.ozone.s3.OzoneClientCache	hadoop-ozone/s3gateway/src/main/java/org/apache/hadoop/ozone/s3/OzoneClientCache.java	171	100~
org.apache.hadoop.ozone.s3.MultiDigestInputStream	hadoop-ozone/s3gateway/src/main/java/org/apache/hadoop/ozone/s3/MultiDigestInputStream.java	243	75~
org.apache.hadoop.ozone.s3.HeaderPreprocessor	hadoop-ozone/s3gateway/src/main/java/org/apache/hadoop/ozone/s3/HeaderPreprocessor.java	88	25~
org.apache.hadoop.ozone.s3.commontypes.KeyMetadata	hadoop-ozone/s3gateway/src/main/java/org/apache/hadoop/ozone/s3/commontypes/KeyMetadata.java	101	50~
org.apache.hadoop.ozone.s3.commontypes.RequestParameters	hadoop-ozone/s3gateway/src/main/java/org/apache/hadoop/ozone/s3/commontypes/RequestParameters.java	96	50~
org.apache.hadoop.ozone.s3.commontypes.CommonPrefix	hadoop-ozone/s3gateway/src/main/java/org/apache/hadoop/ozone/s3/commontypes/CommonPrefix.java	49	25~
org.apache.hadoop.ozone.s3.commontypes.EncodingTypeObject	hadoop-ozone/s3gateway/src/main/java/org/apache/hadoop/ozone/s3/commontypes/EncodingTypeObject.java	53	25~
org.apache.hadoop.ozone.s3.commontypes.DirectoryBucketMetadata	hadoop-ozone/s3gateway/src/main/java/org/apache/hadoop/ozone/s3/commontypes/DirectoryBucketMetadata.java	79	25~
org.apache.hadoop.ozone.s3.commontypes.BucketMetadata	hadoop-ozone/s3gateway/src/main/java/org/apache/hadoop/ozone/s3/commontypes/BucketMetadata.java	53	25~
org.apache.hadoop.ozone.s3.commontypes.ObjectKeyNameAdapter	hadoop-ozone/s3gateway/src/main/java/org/apache/hadoop/ozone/s3/commontypes/ObjectKeyNameAdapter.java	49	25~
org.apache.hadoop.ozone.s3.commontypes.IsoDateAdapter	hadoop-ozone/s3gateway/src/main/java/org/apache/hadoop/ozone/s3/commontypes/IsoDateAdapter.java	47	25~
org.apache.hadoop.ozone.s3.UnsignedChunksInputStream	hadoop-ozone/s3gateway/src/main/java/org/apache/hadoop/ozone/s3/UnsignedChunksInputStream.java	191	100~
org.apache.hadoop.ozone.s3.endpoint.MultipartUploadInitiateResponse	hadoop-ozone/s3gateway/src/main/java/org/apache/hadoop/ozone/s3/endpoint/MultipartUploadInitiateResponse.java	66	25~
org.apache.hadoop.ozone.s3.endpoint.MultiDeleteResponse	hadoop-ozone/s3gateway/src/main/java/org/apache/hadoop/ozone/s3/endpoint/MultiDeleteResponse.java	152	75~
org.apache.hadoop.ozone.s3.endpoint.ObjectEndpoint	hadoop-ozone/s3gateway/src/main/java/org/apache/hadoop/ozone/s3/endpoint/ObjectEndpoint.java	1324	950~
org.apache.hadoop.ozone.s3.endpoint.BucketCrudHandler	hadoop-ozone/s3gateway/src/main/java/org/apache/hadoop/ozone/s3/endpoint/BucketCrudHandler.java	231	150~
org.apache.hadoop.ozone.s3.endpoint.MultiDeleteRequest	hadoop-ozone/s3gateway/src/main/java/org/apache/hadoop/ozone/s3/endpoint/MultiDeleteRequest.java	95	50~
org.apache.hadoop.ozone.s3.endpoint.EndpointBase	hadoop-ozone/s3gateway/src/main/java/org/apache/hadoop/ozone/s3/endpoint/EndpointBase.java	854	550~
org.apache.hadoop.ozone.s3.endpoint.PutBucketLifecycleConfigurationUnmarshaller	hadoop-ozone/s3gateway/src/main/java/org/apache/hadoop/ozone/s3/endpoint/PutBucketLifecycleConfigurationUnmarshaller.java	80	50~
org.apache.hadoop.ozone.s3.endpoint.ObjectTaggingHandler	hadoop-ozone/s3gateway/src/main/java/org/apache/hadoop/ozone/s3/endpoint/ObjectTaggingHandler.java	133	75~
org.apache.hadoop.ozone.s3.endpoint.RootEndpoint	hadoop-ozone/s3gateway/src/main/java/org/apache/hadoop/ozone/s3/endpoint/RootEndpoint.java	247	175~
org.apache.hadoop.ozone.s3.endpoint.BucketAclHandler	hadoop-ozone/s3gateway/src/main/java/org/apache/hadoop/ozone/s3/endpoint/BucketAclHandler.java	248	125~
org.apache.hadoop.ozone.s3.endpoint.CopyObjectResponse	hadoop-ozone/s3gateway/src/main/java/org/apache/hadoop/ozone/s3/endpoint/CopyObjectResponse.java	60	25~
org.apache.hadoop.ozone.s3.endpoint.BucketOperationHandlerChain	hadoop-ozone/s3gateway/src/main/java/org/apache/hadoop/ozone/s3/endpoint/BucketOperationHandlerChain.java	95	50~
org.apache.hadoop.ozone.s3.endpoint.S3Tagging	hadoop-ozone/s3gateway/src/main/java/org/apache/hadoop/ozone/s3/endpoint/S3Tagging.java	156	75~
org.apache.hadoop.ozone.s3.endpoint.S3Owner	hadoop-ozone/s3gateway/src/main/java/org/apache/hadoop/ozone/s3/endpoint/S3Owner.java	154	75~
org.apache.hadoop.ozone.s3.endpoint.ObjectOperationHandlerChain	hadoop-ozone/s3gateway/src/main/java/org/apache/hadoop/ozone/s3/endpoint/ObjectOperationHandlerChain.java	107	75~
org.apache.hadoop.ozone.s3.endpoint.S3ConditionalRequest	hadoop-ozone/s3gateway/src/main/java/org/apache/hadoop/ozone/s3/endpoint/S3ConditionalRequest.java	318	225~
org.apache.hadoop.ozone.s3.endpoint.S3LifecycleConfiguration	hadoop-ozone/s3gateway/src/main/java/org/apache/hadoop/ozone/s3/endpoint/S3LifecycleConfiguration.java	558	325~
org.apache.hadoop.ozone.s3.endpoint.ListObjectResponse	hadoop-ozone/s3gateway/src/main/java/org/apache/hadoop/ozone/s3/endpoint/ListObjectResponse.java	206	125~
org.apache.hadoop.ozone.s3.endpoint.MultiDeleteRequestUnmarshaller	hadoop-ozone/s3gateway/src/main/java/org/apache/hadoop/ozone/s3/endpoint/MultiDeleteRequestUnmarshaller.java	38	25~
org.apache.hadoop.ozone.s3.endpoint.PlainTextMultipartUploadReader	hadoop-ozone/s3gateway/src/main/java/org/apache/hadoop/ozone/s3/endpoint/PlainTextMultipartUploadReader.java	66	25~
org.apache.hadoop.ozone.s3.endpoint.MultipartKeyHandler	hadoop-ozone/s3gateway/src/main/java/org/apache/hadoop/ozone/s3/endpoint/MultipartKeyHandler.java	175	100~
org.apache.hadoop.ozone.s3.endpoint.MessageUnmarshaller	hadoop-ozone/s3gateway/src/main/java/org/apache/hadoop/ozone/s3/endpoint/MessageUnmarshaller.java	94	50~
org.apache.hadoop.ozone.s3.endpoint.BucketGetLocationHandler	hadoop-ozone/s3gateway/src/main/java/org/apache/hadoop/ozone/s3/endpoint/BucketGetLocationHandler.java	47	25~
org.apache.hadoop.ozone.s3.endpoint.S3ObjectStreamingWriteGuard	hadoop-ozone/s3gateway/src/main/java/org/apache/hadoop/ozone/s3/endpoint/S3ObjectStreamingWriteGuard.java	55	25~
org.apache.hadoop.ozone.s3.endpoint.ListMultipartUploadsHandler	hadoop-ozone/s3gateway/src/main/java/org/apache/hadoop/ozone/s3/endpoint/ListMultipartUploadsHandler.java	92	50~
org.apache.hadoop.ozone.s3.endpoint.CompleteMultipartUploadRequest	hadoop-ozone/s3gateway/src/main/java/org/apache/hadoop/ozone/s3/endpoint/CompleteMultipartUploadRequest.java	78	25~
org.apache.hadoop.ozone.s3.endpoint.BucketTaggingHandler	hadoop-ozone/s3gateway/src/main/java/org/apache/hadoop/ozone/s3/endpoint/BucketTaggingHandler.java	152	100~
org.apache.hadoop.ozone.s3.endpoint.S3RequestContext	hadoop-ozone/s3gateway/src/main/java/org/apache/hadoop/ozone/s3/endpoint/S3RequestContext.java	78	50~
org.apache.hadoop.ozone.s3.endpoint.CopyPartResult	hadoop-ozone/s3gateway/src/main/java/org/apache/hadoop/ozone/s3/endpoint/CopyPartResult.java	69	25~
org.apache.hadoop.ozone.s3.endpoint.CompleteMultipartUploadResponse	hadoop-ozone/s3gateway/src/main/java/org/apache/hadoop/ozone/s3/endpoint/CompleteMultipartUploadResponse.java	79	25~
org.apache.hadoop.ozone.s3.endpoint.XmlNamespaceFilter	hadoop-ozone/s3gateway/src/main/java/org/apache/hadoop/ozone/s3/endpoint/XmlNamespaceFilter.java	54	25~
org.apache.hadoop.ozone.s3.endpoint.BucketEndpoint	hadoop-ozone/s3gateway/src/main/java/org/apache/hadoop/ozone/s3/endpoint/BucketEndpoint.java	442	275~
org.apache.hadoop.ozone.s3.endpoint.AuditingBucketOperationHandler	hadoop-ozone/s3gateway/src/main/java/org/apache/hadoop/ozone/s3/endpoint/AuditingBucketOperationHandler.java	70	50~
org.apache.hadoop.ozone.s3.endpoint.BucketOperationHandler	hadoop-ozone/s3gateway/src/main/java/org/apache/hadoop/ozone/s3/endpoint/BucketOperationHandler.java	76	25~
org.apache.hadoop.ozone.s3.endpoint.S3BucketAcl	hadoop-ozone/s3gateway/src/main/java/org/apache/hadoop/ozone/s3/endpoint/S3BucketAcl.java	250	150~
org.apache.hadoop.ozone.s3.endpoint.S3ObjectWriteGuard	hadoop-ozone/s3gateway/src/main/java/org/apache/hadoop/ozone/s3/endpoint/S3ObjectWriteGuard.java	126	75~
org.apache.hadoop.ozone.s3.endpoint.CompleteMultipartUploadRequestUnmarshaller	hadoop-ozone/s3gateway/src/main/java/org/apache/hadoop/ozone/s3/endpoint/CompleteMultipartUploadRequestUnmarshaller.java	73	25~
org.apache.hadoop.ozone.s3.endpoint.ListPartsResponse	hadoop-ozone/s3gateway/src/main/java/org/apache/hadoop/ozone/s3/endpoint/ListPartsResponse.java	194	125~
org.apache.hadoop.ozone.s3.endpoint.ListDirectoryBucketsResponse	hadoop-ozone/s3gateway/src/main/java/org/apache/hadoop/ozone/s3/endpoint/ListDirectoryBucketsResponse.java	69	25~
org.apache.hadoop.ozone.s3.endpoint.ListMultipartUploadsResult	hadoop-ozone/s3gateway/src/main/java/org/apache/hadoop/ozone/s3/endpoint/ListMultipartUploadsResult.java	237	150~
org.apache.hadoop.ozone.s3.endpoint.ObjectEndpointStreaming	hadoop-ozone/s3gateway/src/main/java/org/apache/hadoop/ozone/s3/endpoint/ObjectEndpointStreaming.java	243	175~
org.apache.hadoop.ozone.s3.endpoint.ObjectOperationHandler	hadoop-ozone/s3gateway/src/main/java/org/apache/hadoop/ozone/s3/endpoint/ObjectOperationHandler.java	50	25~
org.apache.hadoop.ozone.s3.endpoint.AuditingObjectOperationHandler	hadoop-ozone/s3gateway/src/main/java/org/apache/hadoop/ozone/s3/endpoint/AuditingObjectOperationHandler.java	94	50~
org.apache.hadoop.ozone.s3.endpoint.S3Acl	hadoop-ozone/s3gateway/src/main/java/org/apache/hadoop/ozone/s3/endpoint/S3Acl.java	313	200~
org.apache.hadoop.ozone.s3.endpoint.ObjectAclHandler	hadoop-ozone/s3gateway/src/main/java/org/apache/hadoop/ozone/s3/endpoint/ObjectAclHandler.java	61	25~
org.apache.hadoop.ozone.s3.endpoint.ListBucketResponse	hadoop-ozone/s3gateway/src/main/java/org/apache/hadoop/ozone/s3/endpoint/ListBucketResponse.java	80	25~
org.apache.hadoop.ozone.s3.S3GatewayWebAdminServer	hadoop-ozone/s3gateway/src/main/java/org/apache/hadoop/ozone/s3/S3GatewayWebAdminServer.java	186	100~
org.apache.hadoop.ozone.s3.EmptyContentTypeFilter	hadoop-ozone/s3gateway/src/main/java/org/apache/hadoop/ozone/s3/EmptyContentTypeFilter.java	131	75~
org.apache.hadoop.ozone.s3.exception.S3ErrorTable	hadoop-ozone/s3gateway/src/main/java/org/apache/hadoop/ozone/s3/exception/S3ErrorTable.java	288	200~
org.apache.hadoop.ozone.s3.exception.BadRequestExceptionMapper	hadoop-ozone/s3gateway/src/main/java/org/apache/hadoop/ozone/s3/exception/BadRequestExceptionMapper.java	46	25~
org.apache.hadoop.ozone.s3.exception.OS3ExceptionMapper	hadoop-ozone/s3gateway/src/main/java/org/apache/hadoop/ozone/s3/exception/OS3ExceptionMapper.java	50	25~
org.apache.hadoop.ozone.s3.exception.OS3Exception	hadoop-ozone/s3gateway/src/main/java/org/apache/hadoop/ozone/s3/exception/OS3Exception.java	150	75~
org.apache.hadoop.ozone.s3.S3GatewayConfigKeys	hadoop-ozone/s3gateway/src/main/java/org/apache/hadoop/ozone/s3/S3GatewayConfigKeys.java	111	50~
org.apache.hadoop.ozone.s3.RequestIdentifier	hadoop-ozone/s3gateway/src/main/java/org/apache/hadoop/ozone/s3/RequestIdentifier.java	51	25~
org.apache.hadoop.ozone.s3.ClientIpFilter	hadoop-ozone/s3gateway/src/main/java/org/apache/hadoop/ozone/s3/ClientIpFilter.java	69	25~
org.apache.hadoop.ozone.s3.CommonHeadersContainerResponseFilter	hadoop-ozone/s3gateway/src/main/java/org/apache/hadoop/ozone/s3/CommonHeadersContainerResponseFilter.java	48	25~
org.apache.hadoop.ozone.s3.OzoneConfigurationHolder	hadoop-ozone/s3gateway/src/main/java/org/apache/hadoop/ozone/s3/OzoneConfigurationHolder.java	56	25~
org.apache.hadoop.ozone.s3.S3GatewayHttpServer	hadoop-ozone/s3gateway/src/main/java/org/apache/hadoop/ozone/s3/S3GatewayHttpServer.java	104	50~
org.apache.hadoop.ozone.s3.GatewayApplication	hadoop-ozone/s3gateway/src/main/java/org/apache/hadoop/ozone/s3/GatewayApplication.java	29	25~
org.apache.hadoop.ozone.s3secret.S3SecretManagementEndpoint	hadoop-ozone/s3gateway/src/main/java/org/apache/hadoop/ozone/s3secret/S3SecretManagementEndpoint.java	130	75~
org.apache.hadoop.ozone.s3secret.Application	hadoop-ozone/s3gateway/src/main/java/org/apache/hadoop/ozone/s3secret/Application.java	29	25~
org.apache.hadoop.ozone.s3secret.S3AdminEndpoint	hadoop-ozone/s3gateway/src/main/java/org/apache/hadoop/ozone/s3secret/S3AdminEndpoint.java	33	25~
org.apache.hadoop.ozone.s3secret.S3SecretEnabled	hadoop-ozone/s3gateway/src/main/java/org/apache/hadoop/ozone/s3secret/S3SecretEnabled.java	33	25~
org.apache.hadoop.ozone.s3secret.S3SecretConfigKeys	hadoop-ozone/s3gateway/src/main/java/org/apache/hadoop/ozone/s3secret/S3SecretConfigKeys.java	42	25~
org.apache.hadoop.ozone.s3secret.S3SecretAdminFilter	hadoop-ozone/s3gateway/src/main/java/org/apache/hadoop/ozone/s3secret/S3SecretAdminFilter.java	63	25~
org.apache.hadoop.ozone.s3secret.S3SecretEndpointBase	hadoop-ozone/s3gateway/src/main/java/org/apache/hadoop/ozone/s3secret/S3SecretEndpointBase.java	113	50~
org.apache.hadoop.ozone.s3secret.S3SecretResponse	hadoop-ozone/s3gateway/src/main/java/org/apache/hadoop/ozone/s3secret/S3SecretResponse.java	52	25~
org.apache.hadoop.ozone.s3secret.S3SecretEnabledEndpointRequestFilter	hadoop-ozone/s3gateway/src/main/java/org/apache/hadoop/ozone/s3secret/S3SecretEnabledEndpointRequestFilter.java	54	25~
org.apache.hadoop.ozone.audit.S3GAction	hadoop-ozone/s3gateway/src/main/java/org/apache/hadoop/ozone/audit/S3GAction.java	71	50~
org.apache.ozone.hdfs.web.WebHdfsConstants	hadoop-ozone/httpfsgateway/src/main/java/org/apache/ozone/hdfs/web/WebHdfsConstants.java	38	25~
org.apache.ozone.lib.wsrs.LongParam	hadoop-ozone/httpfsgateway/src/main/java/org/apache/ozone/lib/wsrs/LongParam.java	41	25~
org.apache.ozone.lib.wsrs.EnumParam	hadoop-ozone/httpfsgateway/src/main/java/org/apache/ozone/lib/wsrs/EnumParam.java	48	25~
org.apache.ozone.lib.wsrs.ExceptionProvider	hadoop-ozone/httpfsgateway/src/main/java/org/apache/ozone/lib/wsrs/ExceptionProvider.java	62	25~
org.apache.ozone.lib.wsrs.BooleanParam	hadoop-ozone/httpfsgateway/src/main/java/org/apache/ozone/lib/wsrs/BooleanParam.java	48	25~
org.apache.ozone.lib.wsrs.StringParam	hadoop-ozone/httpfsgateway/src/main/java/org/apache/ozone/lib/wsrs/StringParam.java	72	50~
org.apache.ozone.lib.wsrs.EnumSetParam	hadoop-ozone/httpfsgateway/src/main/java/org/apache/ozone/lib/wsrs/EnumSetParam.java	76	50~
org.apache.ozone.lib.wsrs.Param	hadoop-ozone/httpfsgateway/src/main/java/org/apache/ozone/lib/wsrs/Param.java	68	25~
org.apache.ozone.lib.wsrs.ParametersProvider	hadoop-ozone/httpfsgateway/src/main/java/org/apache/ozone/lib/wsrs/ParametersProvider.java	102	75~
org.apache.ozone.lib.wsrs.InputStreamEntity	hadoop-ozone/httpfsgateway/src/main/java/org/apache/ozone/lib/wsrs/InputStreamEntity.java	61	25~
org.apache.ozone.lib.wsrs.Parameters	hadoop-ozone/httpfsgateway/src/main/java/org/apache/ozone/lib/wsrs/Parameters.java	81	25~
org.apache.ozone.lib.wsrs.ShortParam	hadoop-ozone/httpfsgateway/src/main/java/org/apache/ozone/lib/wsrs/ShortParam.java	48	25~
org.apache.ozone.lib.wsrs.JSONMapProvider	hadoop-ozone/httpfsgateway/src/main/java/org/apache/ozone/lib/wsrs/JSONMapProvider.java	85	50~
org.apache.ozone.lib.wsrs.IntegerParam	hadoop-ozone/httpfsgateway/src/main/java/org/apache/ozone/lib/wsrs/IntegerParam.java	41	25~
org.apache.ozone.lib.servlet.MDCFilter	hadoop-ozone/httpfsgateway/src/main/java/org/apache/ozone/lib/servlet/MDCFilter.java	106	25~
org.apache.ozone.lib.servlet.FileSystemReleaseFilter	hadoop-ozone/httpfsgateway/src/main/java/org/apache/ozone/lib/servlet/FileSystemReleaseFilter.java	113	25~
org.apache.ozone.lib.servlet.HostnameFilter	hadoop-ozone/httpfsgateway/src/main/java/org/apache/ozone/lib/servlet/HostnameFilter.java	112	50~
org.apache.ozone.lib.servlet.ServerWebApp	hadoop-ozone/httpfsgateway/src/main/java/org/apache/ozone/lib/servlet/ServerWebApp.java	197	75~
org.apache.ozone.lib.util.Check	hadoop-ozone/httpfsgateway/src/main/java/org/apache/ozone/lib/util/Check.java	70	25~
org.apache.ozone.lib.util.ConfigurationUtils	hadoop-ozone/httpfsgateway/src/main/java/org/apache/ozone/lib/util/ConfigurationUtils.java	96	25~
org.apache.ozone.lib.server.ServiceException	hadoop-ozone/httpfsgateway/src/main/java/org/apache/ozone/lib/server/ServiceException.java	42	25~
org.apache.ozone.lib.server.Service	hadoop-ozone/httpfsgateway/src/main/java/org/apache/ozone/lib/server/Service.java	83	25~
org.apache.ozone.lib.server.BaseService	hadoop-ozone/httpfsgateway/src/main/java/org/apache/ozone/lib/server/BaseService.java	183	50~
org.apache.ozone.lib.server.Server	hadoop-ozone/httpfsgateway/src/main/java/org/apache/ozone/lib/server/Server.java	838	450~
org.apache.ozone.lib.server.ServerException	hadoop-ozone/httpfsgateway/src/main/java/org/apache/ozone/lib/server/ServerException.java	97	25~
org.apache.ozone.lib.lang.RunnableCallable	hadoop-ozone/httpfsgateway/src/main/java/org/apache/ozone/lib/lang/RunnableCallable.java	97	25~
org.apache.ozone.lib.lang.XException	hadoop-ozone/httpfsgateway/src/main/java/org/apache/ozone/lib/lang/XException.java	123	50~
org.apache.ozone.lib.service.FileSystemAccess	hadoop-ozone/httpfsgateway/src/main/java/org/apache/ozone/lib/service/FileSystemAccess.java	53	25~
org.apache.ozone.lib.service.security.GroupsService	hadoop-ozone/httpfsgateway/src/main/java/org/apache/ozone/lib/service/security/GroupsService.java	59	25~
org.apache.ozone.lib.service.Groups	hadoop-ozone/httpfsgateway/src/main/java/org/apache/ozone/lib/service/Groups.java	32	25~
org.apache.ozone.lib.service.Scheduler	hadoop-ozone/httpfsgateway/src/main/java/org/apache/ozone/lib/service/Scheduler.java	40	25~
org.apache.ozone.lib.service.scheduler.SchedulerService	hadoop-ozone/httpfsgateway/src/main/java/org/apache/ozone/lib/service/scheduler/SchedulerService.java	148	100~
org.apache.ozone.lib.service.Instrumentation	hadoop-ozone/httpfsgateway/src/main/java/org/apache/ozone/lib/service/Instrumentation.java	65	25~
org.apache.ozone.lib.service.FileSystemAccessException	hadoop-ozone/httpfsgateway/src/main/java/org/apache/ozone/lib/service/FileSystemAccessException.java	62	25~
org.apache.ozone.lib.service.instrumentation.InstrumentationService	hadoop-ozone/httpfsgateway/src/main/java/org/apache/ozone/lib/service/instrumentation/InstrumentationService.java	388	300~
org.apache.ozone.lib.service.hadoop.FileSystemAccessService	hadoop-ozone/httpfsgateway/src/main/java/org/apache/ozone/lib/service/hadoop/FileSystemAccessService.java	461	350~
org.apache.ozone.fs.http.HttpFSConstants	hadoop-ozone/httpfsgateway/src/main/java/org/apache/ozone/fs/http/HttpFSConstants.java	199	150~
org.apache.ozone.fs.http.server.JsonUtil	hadoop-ozone/httpfsgateway/src/main/java/org/apache/ozone/fs/http/server/JsonUtil.java	111	75~
org.apache.ozone.fs.http.server.HttpFSServerWebApp	hadoop-ozone/httpfsgateway/src/main/java/org/apache/ozone/fs/http/server/HttpFSServerWebApp.java	146	50~
org.apache.ozone.fs.http.server.metrics.HttpFSServerMetrics	hadoop-ozone/httpfsgateway/src/main/java/org/apache/ozone/fs/http/server/metrics/HttpFSServerMetrics.java	198	125~
org.apache.ozone.fs.http.server.HttpFSServerWebServer	hadoop-ozone/httpfsgateway/src/main/java/org/apache/ozone/fs/http/server/HttpFSServerWebServer.java	190	125~
org.apache.ozone.fs.http.server.CheckUploadContentTypeFilter	hadoop-ozone/httpfsgateway/src/main/java/org/apache/ozone/fs/http/server/CheckUploadContentTypeFilter.java	127	50~
org.apache.ozone.fs.http.server.HttpFSServer	hadoop-ozone/httpfsgateway/src/main/java/org/apache/ozone/fs/http/server/HttpFSServer.java	1247	925~
org.apache.ozone.fs.http.server.HttpFSParametersProvider	hadoop-ozone/httpfsgateway/src/main/java/org/apache/ozone/fs/http/server/HttpFSParametersProvider.java	721	300~
org.apache.ozone.fs.http.server.FSOperations	hadoop-ozone/httpfsgateway/src/main/java/org/apache/ozone/fs/http/server/FSOperations.java	2098	1075~
org.apache.ozone.fs.http.server.HttpFSReleaseFilter	hadoop-ozone/httpfsgateway/src/main/java/org/apache/ozone/fs/http/server/HttpFSReleaseFilter.java	42	25~
org.apache.ozone.fs.http.server.HttpFSAuthenticationFilter	hadoop-ozone/httpfsgateway/src/main/java/org/apache/ozone/fs/http/server/HttpFSAuthenticationFilter.java	143	75~
org.apache.ozone.fs.http.server.HttpFSExceptionProvider	hadoop-ozone/httpfsgateway/src/main/java/org/apache/ozone/fs/http/server/HttpFSExceptionProvider.java	111	50~
org.apache.hadoop.ozone.insight.InsightPoint	hadoop-ozone/insight/src/main/java/org/apache/hadoop/ozone/insight/InsightPoint.java	54	25~
org.apache.hadoop.ozone.insight.MetricsSubCommand	hadoop-ozone/insight/src/main/java/org/apache/hadoop/ozone/insight/MetricsSubCommand.java	131	75~
org.apache.hadoop.ozone.insight.datanode.DatanodeDispatcherInsight	hadoop-ozone/insight/src/main/java/org/apache/hadoop/ozone/insight/datanode/DatanodeDispatcherInsight.java	106	50~
org.apache.hadoop.ozone.insight.datanode.PipelineComponentUtil	hadoop-ozone/insight/src/main/java/org/apache/hadoop/ozone/insight/datanode/PipelineComponentUtil.java	77	25~
org.apache.hadoop.ozone.insight.datanode.RatisInsight	hadoop-ozone/insight/src/main/java/org/apache/hadoop/ozone/insight/datanode/RatisInsight.java	76	25~
org.apache.hadoop.ozone.insight.BaseInsightPoint	hadoop-ozone/insight/src/main/java/org/apache/hadoop/ozone/insight/BaseInsightPoint.java	178	100~
org.apache.hadoop.ozone.insight.om.OmProtocolInsight	hadoop-ozone/insight/src/main/java/org/apache/hadoop/ozone/insight/om/OmProtocolInsight.java	67	25~
org.apache.hadoop.ozone.insight.om.KeyManagerInsight	hadoop-ozone/insight/src/main/java/org/apache/hadoop/ozone/insight/om/KeyManagerInsight.java	79	50~
org.apache.hadoop.ozone.insight.Insight	hadoop-ozone/insight/src/main/java/org/apache/hadoop/ozone/insight/Insight.java	40	25~
org.apache.hadoop.ozone.insight.Component	hadoop-ozone/insight/src/main/java/org/apache/hadoop/ozone/insight/Component.java	116	50~
org.apache.hadoop.ozone.insight.ListSubCommand	hadoop-ozone/insight/src/main/java/org/apache/hadoop/ozone/insight/ListSubCommand.java	57	25~
org.apache.hadoop.ozone.insight.LoggerSource	hadoop-ozone/insight/src/main/java/org/apache/hadoop/ozone/insight/LoggerSource.java	72	25~
org.apache.hadoop.ozone.insight.LogSubcommand	hadoop-ozone/insight/src/main/java/org/apache/hadoop/ozone/insight/LogSubcommand.java	190	125~
org.apache.hadoop.ozone.insight.MetricGroupDisplay	hadoop-ozone/insight/src/main/java/org/apache/hadoop/ozone/insight/MetricGroupDisplay.java	68	25~
org.apache.hadoop.ozone.insight.BaseInsightSubCommand	hadoop-ozone/insight/src/main/java/org/apache/hadoop/ozone/insight/BaseInsightSubCommand.java	185	100~
org.apache.hadoop.ozone.insight.MetricDisplay	hadoop-ozone/insight/src/main/java/org/apache/hadoop/ozone/insight/MetricDisplay.java	69	25~
org.apache.hadoop.ozone.insight.ConfigurationSubCommand	hadoop-ozone/insight/src/main/java/org/apache/hadoop/ozone/insight/ConfigurationSubCommand.java	90	50~
org.apache.hadoop.ozone.insight.scm.NodeManagerInsight	hadoop-ozone/insight/src/main/java/org/apache/hadoop/ozone/insight/scm/NodeManagerInsight.java	81	50~
org.apache.hadoop.ozone.insight.scm.ReplicaManagerInsight	hadoop-ozone/insight/src/main/java/org/apache/hadoop/ozone/insight/scm/ReplicaManagerInsight.java	187	150~
org.apache.hadoop.ozone.insight.scm.ScmProtocolSecurityInsight	hadoop-ozone/insight/src/main/java/org/apache/hadoop/ozone/insight/scm/ScmProtocolSecurityInsight.java	71	25~
org.apache.hadoop.ozone.insight.scm.ScmProtocolContainerLocationInsight	hadoop-ozone/insight/src/main/java/org/apache/hadoop/ozone/insight/scm/ScmProtocolContainerLocationInsight.java	71	25~
org.apache.hadoop.ozone.insight.scm.ScmProtocolDatanodeInsight	hadoop-ozone/insight/src/main/java/org/apache/hadoop/ozone/insight/scm/ScmProtocolDatanodeInsight.java	72	25~
org.apache.hadoop.ozone.insight.scm.ScmProtocolBlockLocationInsight	hadoop-ozone/insight/src/main/java/org/apache/hadoop/ozone/insight/scm/ScmProtocolBlockLocationInsight.java	71	25~
org.apache.hadoop.ozone.insight.scm.EventQueueInsight	hadoop-ozone/insight/src/main/java/org/apache/hadoop/ozone/insight/scm/EventQueueInsight.java	48	25~
org.apache.hadoop.ozone.insight.InsightHttpUtils	hadoop-ozone/insight/src/main/java/org/apache/hadoop/ozone/insight/InsightHttpUtils.java	118	50~
org.apache.ozone.graph.PrintableGraph	hadoop-ozone/cli-debug/src/main/java/org/apache/ozone/PrintableGraph.java	122	50~
org.apache.ozone.graph.Edge	hadoop-ozone/cli-debug/src/main/java/org/apache/ozone/Edge.java	31	25~
org.apache.hadoop.ozone.fsck.ContainerMapper	hadoop-ozone/cli-debug/src/main/java/org/apache/hadoop/ozone/fsck/ContainerMapper.java	135	75~
org.apache.hadoop.ozone.fsck.BlockIdDetails	hadoop-ozone/cli-debug/src/main/java/org/apache/hadoop/ozone/fsck/BlockIdDetails.java	83	50~
org.apache.hadoop.ozone.utils.Filter	hadoop-ozone/cli-debug/src/main/java/org/apache/hadoop/ozone/utils/Filter.java	109	75~
org.apache.hadoop.ozone.debug.kerberos.EnvironmentProbe	hadoop-ozone/cli-debug/src/main/java/org/apache/hadoop/ozone/debug/kerberos/EnvironmentProbe.java	43	25~
org.apache.hadoop.ozone.debug.kerberos.ProbeResult	hadoop-ozone/cli-debug/src/main/java/org/apache/hadoop/ozone/debug/kerberos/ProbeResult.java	27	25~
org.apache.hadoop.ozone.debug.kerberos.ConfigProbe	hadoop-ozone/cli-debug/src/main/java/org/apache/hadoop/ozone/debug/kerberos/ConfigProbe.java	116	50~
org.apache.hadoop.ozone.debug.kerberos.KerberosConfigProbe	hadoop-ozone/cli-debug/src/main/java/org/apache/hadoop/ozone/debug/kerberos/KerberosConfigProbe.java	61	25~
org.apache.hadoop.ozone.debug.kerberos.HttpAuthProbe	hadoop-ozone/cli-debug/src/main/java/org/apache/hadoop/ozone/debug/kerberos/HttpAuthProbe.java	52	25~
org.apache.hadoop.ozone.debug.kerberos.TranslatePrincipalSubcommand	hadoop-ozone/cli-debug/src/main/java/org/apache/hadoop/ozone/debug/kerberos/TranslatePrincipalSubcommand.java	78	50~
org.apache.hadoop.ozone.debug.kerberos.SecurityConfigProbe	hadoop-ozone/cli-debug/src/main/java/org/apache/hadoop/ozone/debug/kerberos/SecurityConfigProbe.java	72	25~
org.apache.hadoop.ozone.debug.kerberos.KerberosTicketProbe	hadoop-ozone/cli-debug/src/main/java/org/apache/hadoop/ozone/debug/kerberos/KerberosTicketProbe.java	95	50~
org.apache.hadoop.ozone.debug.kerberos.DiagnosticProbe	hadoop-ozone/cli-debug/src/main/java/org/apache/hadoop/ozone/debug/kerberos/DiagnosticProbe.java	36	25~
org.apache.hadoop.ozone.debug.kerberos.JvmKerberosProbe	hadoop-ozone/cli-debug/src/main/java/org/apache/hadoop/ozone/debug/kerberos/JvmKerberosProbe.java	98	50~
org.apache.hadoop.ozone.debug.kerberos.DiagnoseSubcommand	hadoop-ozone/cli-debug/src/main/java/org/apache/hadoop/ozone/debug/kerberos/DiagnoseSubcommand.java	113	75~
org.apache.hadoop.ozone.debug.kerberos.KinitProbe	hadoop-ozone/cli-debug/src/main/java/org/apache/hadoop/ozone/debug/kerberos/KinitProbe.java	61	25~
org.apache.hadoop.ozone.debug.kerberos.PrincipalMappingProbe	hadoop-ozone/cli-debug/src/main/java/org/apache/hadoop/ozone/debug/kerberos/PrincipalMappingProbe.java	113	50~
org.apache.hadoop.ozone.debug.kerberos.HostProbe	hadoop-ozone/cli-debug/src/main/java/org/apache/hadoop/ozone/debug/kerberos/HostProbe.java	72	50~
org.apache.hadoop.ozone.debug.kerberos.KeytabProbe	hadoop-ozone/cli-debug/src/main/java/org/apache/hadoop/ozone/debug/kerberos/KeytabProbe.java	93	50~
org.apache.hadoop.ozone.debug.kerberos.KerberosSubcommand	hadoop-ozone/cli-debug/src/main/java/org/apache/hadoop/ozone/debug/kerberos/KerberosSubcommand.java	36	25~
org.apache.hadoop.ozone.debug.kerberos.AuthorizationProbe	hadoop-ozone/cli-debug/src/main/java/org/apache/hadoop/ozone/debug/kerberos/AuthorizationProbe.java	106	50~
org.apache.hadoop.ozone.debug.CheckNative	hadoop-ozone/cli-debug/src/main/java/org/apache/hadoop/ozone/debug/CheckNative.java	87	25~
org.apache.hadoop.ozone.debug.DBDefinitionFactory	hadoop-ozone/cli-debug/src/main/java/org/apache/hadoop/ozone/debug/DBDefinitionFactory.java	107	50~
org.apache.hadoop.ozone.debug.replicas.ReplicaVerifier	hadoop-ozone/cli-debug/src/main/java/org/apache/hadoop/ozone/debug/replicas/ReplicaVerifier.java	30	25~
org.apache.hadoop.ozone.debug.replicas.chunk.ChunkType	hadoop-ozone/cli-debug/src/main/java/org/apache/hadoop/ozone/debug/replicas/chunk/ChunkType.java	25	25~
org.apache.hadoop.ozone.debug.replicas.chunk.ChunkKeyHandler	hadoop-ozone/cli-debug/src/main/java/org/apache/hadoop/ozone/debug/replicas/chunk/ChunkKeyHandler.java	245	150~
org.apache.hadoop.ozone.debug.replicas.BlockVerificationResult	hadoop-ozone/cli-debug/src/main/java/org/apache/hadoop/ozone/debug/replicas/BlockVerificationResult.java	62	25~
org.apache.hadoop.ozone.debug.replicas.ContainerStateVerifier	hadoop-ozone/cli-debug/src/main/java/org/apache/hadoop/ozone/debug/replicas/ContainerStateVerifier.java	258	175~
org.apache.hadoop.ozone.debug.replicas.BlockExistenceVerifier	hadoop-ozone/cli-debug/src/main/java/org/apache/hadoop/ozone/debug/replicas/BlockExistenceVerifier.java	76	25~
org.apache.hadoop.ozone.debug.replicas.ReplicasDebug	hadoop-ozone/cli-debug/src/main/java/org/apache/hadoop/ozone/debug/replicas/ReplicasDebug.java	39	25~
org.apache.hadoop.ozone.debug.replicas.ReplicasVerify	hadoop-ozone/cli-debug/src/main/java/org/apache/hadoop/ozone/debug/replicas/ReplicasVerify.java	530	375~
org.apache.hadoop.ozone.debug.replicas.ChecksumVerifier	hadoop-ozone/cli-debug/src/main/java/org/apache/hadoop/ozone/debug/replicas/ChecksumVerifier.java	78	25~
org.apache.hadoop.ozone.debug.datanode.DatanodeDebug	hadoop-ozone/cli-debug/src/main/java/org/apache/hadoop/ozone/debug/datanode/DatanodeDebug.java	37	25~
org.apache.hadoop.ozone.debug.datanode.container.InspectSubcommand	hadoop-ozone/cli-debug/src/main/java/org/apache/hadoop/ozone/debug/datanode/container/InspectSubcommand.java	73	25~
org.apache.hadoop.ozone.debug.datanode.container.ContainerCommands	hadoop-ozone/cli-debug/src/main/java/org/apache/hadoop/ozone/debug/datanode/container/ContainerCommands.java	230	125~
org.apache.hadoop.ozone.debug.datanode.container.InfoSubcommand	hadoop-ozone/cli-debug/src/main/java/org/apache/hadoop/ozone/debug/datanode/container/InfoSubcommand.java	54	25~
org.apache.hadoop.ozone.debug.datanode.container.ListSubcommand	hadoop-ozone/cli-debug/src/main/java/org/apache/hadoop/ozone/debug/datanode/container/ListSubcommand.java	48	25~
org.apache.hadoop.ozone.debug.datanode.container.ExportSubcommand	hadoop-ozone/cli-debug/src/main/java/org/apache/hadoop/ozone/debug/datanode/container/ExportSubcommand.java	89	50~
org.apache.hadoop.ozone.debug.datanode.container.analyze.AnalyzeSubcommand	hadoop-ozone/cli-debug/src/main/java/org/apache/hadoop/ozone/debug/datanode/container/analyze/AnalyzeSubcommand.java	267	200~
org.apache.hadoop.ozone.debug.datanode.container.analyze.ContainerDiskOccurrence	hadoop-ozone/cli-debug/src/main/java/org/apache/hadoop/ozone/debug/datanode/container/analyze/ContainerDiskOccurrence.java	61	25~
org.apache.hadoop.ozone.debug.datanode.container.analyze.ContainerDirectoryScanner	hadoop-ozone/cli-debug/src/main/java/org/apache/hadoop/ozone/debug/datanode/container/analyze/ContainerDirectoryScanner.java	275	175~
org.apache.hadoop.ozone.debug.datanode.container.analyze.ContainerScanResult	hadoop-ozone/cli-debug/src/main/java/org/apache/hadoop/ozone/debug/datanode/container/analyze/ContainerScanResult.java	52	25~
org.apache.hadoop.ozone.debug.datanode.container.analyze.ScmContainerMetadataReader	hadoop-ozone/cli-debug/src/main/java/org/apache/hadoop/ozone/debug/datanode/container/analyze/ScmContainerMetadataReader.java	155	75~
org.apache.hadoop.ozone.debug.OzoneDebug	hadoop-ozone/cli-debug/src/main/java/org/apache/hadoop/ozone/debug/OzoneDebug.java	43	25~
org.apache.hadoop.ozone.debug.om.CompactionLogDagPrinter	hadoop-ozone/cli-debug/src/main/java/org/apache/hadoop/ozone/debug/om/CompactionLogDagPrinter.java	111	50~
org.apache.hadoop.ozone.debug.om.PrefixParser	hadoop-ozone/cli-debug/src/main/java/org/apache/hadoop/ozone/debug/om/PrefixParser.java	246	150~
org.apache.hadoop.ozone.debug.om.OMDebug	hadoop-ozone/cli-debug/src/main/java/org/apache/hadoop/ozone/debug/om/OMDebug.java	48	25~
org.apache.hadoop.ozone.debug.om.ContainerToKeyMapping	hadoop-ozone/cli-debug/src/main/java/org/apache/hadoop/ozone/debug/om/ContainerToKeyMapping.java	558	400~
org.apache.hadoop.ozone.debug.VersionDebug	hadoop-ozone/cli-debug/src/main/java/org/apache/hadoop/ozone/debug/VersionDebug.java	71	25~
org.apache.hadoop.ozone.debug.ratis.RatisDebug	hadoop-ozone/cli-debug/src/main/java/org/apache/hadoop/ozone/debug/ratis/RatisDebug.java	37	25~
org.apache.hadoop.ozone.debug.ratis.parse.BaseLogParser	hadoop-ozone/cli-debug/src/main/java/org/apache/hadoop/ozone/debug/ratis/parse/BaseLogParser.java	55	25~
org.apache.hadoop.ozone.debug.ratis.parse.RatisLogParser	hadoop-ozone/cli-debug/src/main/java/org/apache/hadoop/ozone/debug/ratis/parse/RatisLogParser.java	76	50~
org.apache.hadoop.ozone.debug.logs.container.ContainerLogParser	hadoop-ozone/cli-debug/src/main/java/org/apache/hadoop/ozone/debug/logs/container/ContainerLogParser.java	112	75~
org.apache.hadoop.ozone.debug.logs.container.ListContainers	hadoop-ozone/cli-debug/src/main/java/org/apache/hadoop/ozone/debug/logs/container/ListContainers.java	107	50~
org.apache.hadoop.ozone.debug.logs.container.utils.ContainerLogFileParser	hadoop-ozone/cli-debug/src/main/java/org/apache/hadoop/ozone/debug/logs/container/utils/ContainerLogFileParser.java	233	150~
org.apache.hadoop.ozone.debug.logs.container.utils.ContainerDatanodeDatabase	hadoop-ozone/cli-debug/src/main/java/org/apache/hadoop/ozone/debug/logs/container/utils/ContainerDatanodeDatabase.java	784	550~
org.apache.hadoop.ozone.debug.logs.container.utils.DatanodeContainerInfo	hadoop-ozone/cli-debug/src/main/java/org/apache/hadoop/ozone/debug/logs/container/utils/DatanodeContainerInfo.java	137	100~
org.apache.hadoop.ozone.debug.logs.container.utils.SQLDBConstants	hadoop-ozone/cli-debug/src/main/java/org/apache/hadoop/ozone/debug/logs/container/utils/SQLDBConstants.java	156	125~
org.apache.hadoop.ozone.debug.logs.container.DuplicateOpenContainersCommand	hadoop-ozone/cli-debug/src/main/java/org/apache/hadoop/ozone/debug/logs/container/DuplicateOpenContainersCommand.java	54	25~
org.apache.hadoop.ozone.debug.logs.container.ContainerInfoCommand	hadoop-ozone/cli-debug/src/main/java/org/apache/hadoop/ozone/debug/logs/container/ContainerInfoCommand.java	60	25~
org.apache.hadoop.ozone.debug.logs.container.ContainerLogController	hadoop-ozone/cli-debug/src/main/java/org/apache/hadoop/ozone/debug/logs/container/ContainerLogController.java	85	50~
org.apache.hadoop.ozone.debug.logs.LogParser	hadoop-ozone/cli-debug/src/main/java/org/apache/hadoop/ozone/debug/logs/LogParser.java	39	25~
org.apache.hadoop.ozone.debug.audit.parser.handler.LoadCommandHandler	hadoop-ozone/cli-debug/src/main/java/org/apache/hadoop/ozone/debug/audit/parser/handler/LoadCommandHandler.java	55	25~
org.apache.hadoop.ozone.debug.audit.parser.handler.QueryCommandHandler	hadoop-ozone/cli-debug/src/main/java/org/apache/hadoop/ozone/debug/audit/parser/handler/QueryCommandHandler.java	60	25~
org.apache.hadoop.ozone.debug.audit.parser.handler.TemplateCommandHandler	hadoop-ozone/cli-debug/src/main/java/org/apache/hadoop/ozone/debug/audit/parser/handler/TemplateCommandHandler.java	69	25~
org.apache.hadoop.ozone.debug.audit.parser.AuditParser	hadoop-ozone/cli-debug/src/main/java/org/apache/hadoop/ozone/debug/audit/parser/AuditParser.java	59	25~
org.apache.hadoop.ozone.debug.audit.parser.common.ParserConsts	hadoop-ozone/cli-debug/src/main/java/org/apache/hadoop/ozone/debug/audit/parser/common/ParserConsts.java	34	25~
org.apache.hadoop.ozone.debug.audit.parser.common.DatabaseHelper	hadoop-ozone/cli-debug/src/main/java/org/apache/hadoop/ozone/debug/audit/parser/common/DatabaseHelper.java	226	150~
org.apache.hadoop.ozone.debug.audit.parser.model.AuditEntry	hadoop-ozone/cli-debug/src/main/java/org/apache/hadoop/ozone/debug/audit/parser/model/AuditEntry.java	189	125~
org.apache.hadoop.ozone.debug.ldb.ValueSchema	hadoop-ozone/cli-debug/src/main/java/org/apache/hadoop/ozone/debug/ldb/ValueSchema.java	165	100~
org.apache.hadoop.ozone.debug.ldb.DBScanner	hadoop-ozone/cli-debug/src/main/java/org/apache/hadoop/ozone/debug/ldb/DBScanner.java	1014	800~
org.apache.hadoop.ozone.debug.ldb.RDBParser	hadoop-ozone/cli-debug/src/main/java/org/apache/hadoop/ozone/debug/ldb/RDBParser.java	52	25~
org.apache.hadoop.ozone.debug.ldb.ListTables	hadoop-ozone/cli-debug/src/main/java/org/apache/hadoop/ozone/debug/ldb/ListTables.java	48	25~
org.apache.hadoop.ozone.debug.ldb.Checkpoint	hadoop-ozone/cli-debug/src/main/java/org/apache/hadoop/ozone/debug/ldb/Checkpoint.java	62	25~
org.apache.hadoop.ozone.debug.RocksDBUtils	hadoop-ozone/cli-debug/src/main/java/org/apache/hadoop/ozone/debug/RocksDBUtils.java	75	25~
org.apache.hadoop.ozone.s3.remote.S3SecretRemoteStoreConfigurationKeys	hadoop-ozone/s3-secret-store/src/main/java/org/apache/hadoop/ozone/s3/remote/S3SecretRemoteStoreConfigurationKeys.java	59	25~
org.apache.hadoop.ozone.s3.remote.vault.VaultS3SecretStore	hadoop-ozone/s3-secret-store/src/main/java/org/apache/hadoop/ozone/s3/remote/vault/VaultS3SecretStore.java	199	125~
org.apache.hadoop.ozone.s3.remote.vault.VaultS3SecretStorageProvider	hadoop-ozone/s3-secret-store/src/main/java/org/apache/hadoop/ozone/s3/remote/vault/VaultS3SecretStorageProvider.java	33	25~
org.apache.hadoop.ozone.s3.remote.vault.VaultS3SecretStoreBuilder	hadoop-ozone/s3-secret-store/src/main/java/org/apache/hadoop/ozone/s3/remote/vault/VaultS3SecretStoreBuilder.java	172	125~
org.apache.hadoop.ozone.s3.remote.vault.auth.AppRoleAuth	hadoop-ozone/s3-secret-store/src/main/java/org/apache/hadoop/ozone/s3/remote/vault/auth/AppRoleAuth.java	56	25~
org.apache.hadoop.ozone.s3.remote.vault.auth.Auth	hadoop-ozone/s3-secret-store/src/main/java/org/apache/hadoop/ozone/s3/remote/vault/auth/Auth.java	36	25~
org.apache.hadoop.ozone.s3.remote.vault.auth.DirectTokenAuth	hadoop-ozone/s3-secret-store/src/main/java/org/apache/hadoop/ozone/s3/remote/vault/auth/DirectTokenAuth.java	39	25~
org.apache.hadoop.ozone.s3.remote.vault.auth.AuthType	hadoop-ozone/s3-secret-store/src/main/java/org/apache/hadoop/ozone/s3/remote/vault/auth/AuthType.java	51	25~
org.apache.hadoop.ozone.om.lock.OMLockDetails	hadoop-ozone/interface-storage/src/main/java/org/apache/hadoop/ozone/om/lock/OMLockDetails.java	127	75~
org.apache.hadoop.ozone.om.lock.IOzoneManagerLock	hadoop-ozone/interface-storage/src/main/java/org/apache/hadoop/ozone/om/lock/IOzoneManagerLock.java	201	100~
org.apache.hadoop.ozone.om.lock.DAGLeveledResource	hadoop-ozone/interface-storage/src/main/java/org/apache/hadoop/ozone/om/lock/DAGLeveledResource.java	84	25~
org.apache.hadoop.ozone.om.lock.OMLockMetrics	hadoop-ozone/interface-storage/src/main/java/org/apache/hadoop/ozone/om/lock/OMLockMetrics.java	209	75~
org.apache.hadoop.ozone.om.lock.LockUsageInfo	hadoop-ozone/interface-storage/src/main/java/org/apache/hadoop/ozone/om/lock/LockUsageInfo.java	63	25~
org.apache.hadoop.ozone.om.lock.HierarchicalResourceLockManager	hadoop-ozone/interface-storage/src/main/java/org/apache/hadoop/ozone/om/lock/HierarchicalResourceLockManager.java	78	25~
org.apache.hadoop.ozone.om.ExpiredOpenKeys	hadoop-ozone/interface-storage/src/main/java/org/apache/hadoop/ozone/om/ExpiredOpenKeys.java	68	25~
org.apache.hadoop.ozone.om.OMMetadataManager	hadoop-ozone/interface-storage/src/main/java/org/apache/hadoop/ozone/om/OMMetadataManager.java	781	150~
org.apache.hadoop.ozone.om.helpers.OzoneAclStorageUtil	hadoop-ozone/interface-storage/src/main/java/org/apache/hadoop/ozone/om/helpers/OzoneAclStorageUtil.java	62	25~
org.apache.hadoop.ozone.om.helpers.OmPrefixInfo	hadoop-ozone/interface-storage/src/main/java/org/apache/hadoop/ozone/om/helpers/OmPrefixInfo.java	255	150~
org.apache.hadoop.ozone.om.helpers.OzoneAclStorage	hadoop-ozone/interface-storage/src/main/java/org/apache/hadoop/ozone/om/helpers/OzoneAclStorage.java	69	25~
org.apache.hadoop.ozone.iceberg.IcebergCommand	hadoop-ozone/iceberg/src/main/java/org/apache/hadoop/ozone/iceberg/IcebergCommand.java	42	25~
org.apache.hadoop.ozone.iceberg.RewriteTablePathCommand	hadoop-ozone/iceberg/src/main/java/org/apache/hadoop/ozone/iceberg/RewriteTablePathCommand.java	127	75~
org.apache.hadoop.ozone.iceberg.RewriteTablePathOzoneAction	hadoop-ozone/iceberg/src/main/java/org/apache/hadoop/ozone/iceberg/RewriteTablePathOzoneAction.java	876	675~
org.apache.hadoop.ozone.iceberg.RewriteTablePathOzoneUtils	hadoop-ozone/iceberg/src/main/java/org/apache/hadoop/ozone/iceberg/RewriteTablePathOzoneUtils.java	126	75~
org.apache.hadoop.ozone.OzoneAcl	hadoop-ozone/common/src/main/java/org/apache/hadoop/ozone/OzoneAcl.java	391	225~
org.apache.hadoop.ozone.snapshot.SnapshotDiffReportOzone	hadoop-ozone/common/src/main/java/org/apache/hadoop/ozone/snapshot/SnapshotDiffReportOzone.java	211	125~
org.apache.hadoop.ozone.snapshot.ListSnapshotDiffJobResponse	hadoop-ozone/common/src/main/java/org/apache/hadoop/ozone/snapshot/ListSnapshotDiffJobResponse.java	50	25~
org.apache.hadoop.ozone.snapshot.ListSnapshotResponse	hadoop-ozone/common/src/main/java/org/apache/hadoop/ozone/snapshot/ListSnapshotResponse.java	50	25~
org.apache.hadoop.ozone.snapshot.CancelSnapshotDiffResponse	hadoop-ozone/common/src/main/java/org/apache/hadoop/ozone/snapshot/CancelSnapshotDiffResponse.java	66	25~
org.apache.hadoop.ozone.snapshot.SubmitSnapshotDiffResponse	hadoop-ozone/common/src/main/java/org/apache/hadoop/ozone/snapshot/SubmitSnapshotDiffResponse.java	65	25~
org.apache.hadoop.ozone.snapshot.SnapshotDiffResponse	hadoop-ozone/common/src/main/java/org/apache/hadoop/ozone/snapshot/SnapshotDiffResponse.java	196	150~
org.apache.hadoop.ozone.protocolPB.OMPBHelper	hadoop-ozone/common/src/main/java/org/apache/hadoop/ozone/protocolPB/OMPBHelper.java	390	275~
org.apache.hadoop.ozone.util.RadixNode	hadoop-ozone/common/src/main/java/org/apache/hadoop/ozone/util/RadixNode.java	59	25~
org.apache.hadoop.ozone.util.RadixTree	hadoop-ozone/common/src/main/java/org/apache/hadoop/ozone/util/RadixTree.java	219	125~
org.apache.hadoop.ozone.util.PayloadUtils	hadoop-ozone/common/src/main/java/org/apache/hadoop/ozone/util/PayloadUtils.java	62	25~
org.apache.hadoop.ozone.util.OzoneVersionInfo	hadoop-ozone/common/src/main/java/org/apache/hadoop/ozone/util/OzoneVersionInfo.java	97	50~
org.apache.hadoop.ozone.security.OzoneDelegationTokenSelector	hadoop-ozone/common/src/main/java/org/apache/hadoop/ozone/security/OzoneDelegationTokenSelector.java	70	25~
org.apache.hadoop.ozone.security.OzoneTokenIdentifier	hadoop-ozone/common/src/main/java/org/apache/hadoop/ozone/security/OzoneTokenIdentifier.java	408	275~
org.apache.hadoop.ozone.security.GDPRSymmetricKey	hadoop-ozone/common/src/main/java/org/apache/hadoop/ozone/security/GDPRSymmetricKey.java	97	50~
org.apache.hadoop.ozone.security.acl.IAccessAuthorizer	hadoop-ozone/common/src/main/java/org/apache/hadoop/ozone/security/acl/IAccessAuthorizer.java	224	125~
org.apache.hadoop.ozone.security.acl.OzoneObjInfo	hadoop-ozone/common/src/main/java/org/apache/hadoop/ozone/security/acl/OzoneObjInfo.java	259	175~
org.apache.hadoop.ozone.security.acl.OzoneObj	hadoop-ozone/common/src/main/java/org/apache/hadoop/ozone/security/acl/OzoneObj.java	165	75~
org.apache.hadoop.ozone.security.acl.IOzoneObj	hadoop-ozone/common/src/main/java/org/apache/hadoop/ozone/security/acl/IOzoneObj.java	24	25~
org.apache.hadoop.ozone.security.acl.RequestContext	hadoop-ozone/common/src/main/java/org/apache/hadoop/ozone/security/acl/RequestContext.java	219	125~
org.apache.hadoop.ozone.security.acl.AssumeRoleRequest	hadoop-ozone/common/src/main/java/org/apache/hadoop/ozone/security/acl/AssumeRoleRequest.java	154	100~
org.apache.hadoop.ozone.security.acl.OzonePrefixPath	hadoop-ozone/common/src/main/java/org/apache/hadoop/ozone/security/acl/OzonePrefixPath.java	67	25~
org.apache.hadoop.ozone.security.acl.OzoneAccessAuthorizer	hadoop-ozone/common/src/main/java/org/apache/hadoop/ozone/security/acl/OzoneAccessAuthorizer.java	44	25~
org.apache.hadoop.ozone.OFSPath	hadoop-ozone/common/src/main/java/org/apache/hadoop/ozone/OFSPath.java	397	225~
org.apache.hadoop.ozone.OzoneIllegalArgumentException	hadoop-ozone/common/src/main/java/org/apache/hadoop/ozone/OzoneIllegalArgumentException.java	40	25~
org.apache.hadoop.ozone.web.utils.OzoneUtils	hadoop-ozone/common/src/main/java/org/apache/hadoop/ozone/web/utils/OzoneUtils.java	166	75~
org.apache.hadoop.ozone.om.multitenant.AccountNameSpace	hadoop-ozone/common/src/main/java/org/apache/hadoop/ozone/om/multitenant/AccountNameSpace.java	77	25~
org.apache.hadoop.ozone.om.multitenant.impl.AccountNameSpaceImpl	hadoop-ozone/common/src/main/java/org/apache/hadoop/ozone/om/multitenant/impl/AccountNameSpaceImpl.java	53	25~
org.apache.hadoop.ozone.om.multitenant.impl.SingleVolumeTenantNamespace	hadoop-ozone/common/src/main/java/org/apache/hadoop/ozone/om/multitenant/impl/SingleVolumeTenantNamespace.java	81	50~
org.apache.hadoop.ozone.om.multitenant.OzoneTenant	hadoop-ozone/common/src/main/java/org/apache/hadoop/ozone/om/multitenant/OzoneTenant.java	95	50~
org.apache.hadoop.ozone.om.multitenant.OzoneOwnerPrincipal	hadoop-ozone/common/src/main/java/org/apache/hadoop/ozone/om/multitenant/OzoneOwnerPrincipal.java	39	25~
org.apache.hadoop.ozone.om.multitenant.Tenant	hadoop-ozone/common/src/main/java/org/apache/hadoop/ozone/om/multitenant/Tenant.java	59	25~
org.apache.hadoop.ozone.om.multitenant.OzoneTenantRolePrincipal	hadoop-ozone/common/src/main/java/org/apache/hadoop/ozone/om/multitenant/OzoneTenantRolePrincipal.java	41	25~
org.apache.hadoop.ozone.om.multitenant.BucketNameSpace	hadoop-ozone/common/src/main/java/org/apache/hadoop/ozone/om/multitenant/BucketNameSpace.java	93	25~
org.apache.hadoop.ozone.om.IOmMetadataReader	hadoop-ozone/common/src/main/java/org/apache/hadoop/ozone/om/IOmMetadataReader.java	184	25~
org.apache.hadoop.ozone.om.protocolPB.GrpcOmTransportFactory	hadoop-ozone/common/src/main/java/org/apache/hadoop/ozone/om/protocolPB/GrpcOmTransportFactory.java	34	25~
org.apache.hadoop.ozone.om.protocolPB.OMAdminProtocolClientSideImpl	hadoop-ozone/common/src/main/java/org/apache/hadoop/ozone/om/protocolPB/OMAdminProtocolClientSideImpl.java	272	175~
org.apache.hadoop.ozone.om.protocolPB.Hadoop3OmTransportFactory	hadoop-ozone/common/src/main/java/org/apache/hadoop/ozone/om/protocolPB/Hadoop3OmTransportFactory.java	34	25~
org.apache.hadoop.ozone.om.protocolPB.OmTransportFactory	hadoop-ozone/common/src/main/java/org/apache/hadoop/ozone/om/protocolPB/OmTransportFactory.java	71	25~
org.apache.hadoop.ozone.om.protocolPB.OzoneManagerClientProtocol	hadoop-ozone/common/src/main/java/org/apache/hadoop/ozone/om/protocolPB/OzoneManagerClientProtocol.java	41	25~
org.apache.hadoop.ozone.om.protocolPB.grpc.GrpcClientConstants	hadoop-ozone/common/src/main/java/org/apache/hadoop/ozone/om/protocolPB/grpc/GrpcClientConstants.java	41	25~
org.apache.hadoop.ozone.om.protocolPB.grpc.ClientAddressServerInterceptor	hadoop-ozone/common/src/main/java/org/apache/hadoop/ozone/om/protocolPB/grpc/ClientAddressServerInterceptor.java	47	25~
org.apache.hadoop.ozone.om.protocolPB.grpc.ClientAddressClientInterceptor	hadoop-ozone/common/src/main/java/org/apache/hadoop/ozone/om/protocolPB/grpc/ClientAddressClientInterceptor.java	54	25~
org.apache.hadoop.ozone.om.protocolPB.OMInterServiceProtocolPB	hadoop-ozone/common/src/main/java/org/apache/hadoop/ozone/om/protocolPB/OMInterServiceProtocolPB.java	37	25~
org.apache.hadoop.ozone.om.protocolPB.Hadoop3OmTransport	hadoop-ozone/common/src/main/java/org/apache/hadoop/ozone/om/protocolPB/Hadoop3OmTransport.java	135	75~
org.apache.hadoop.ozone.om.protocolPB.OMInterServiceProtocolClientSideImpl	hadoop-ozone/common/src/main/java/org/apache/hadoop/ozone/om/protocolPB/OMInterServiceProtocolClientSideImpl.java	117	50~
org.apache.hadoop.ozone.om.protocolPB.OzoneManagerProtocolClientSideTranslatorPB	hadoop-ozone/common/src/main/java/org/apache/hadoop/ozone/om/protocolPB/OzoneManagerProtocolClientSideTranslatorPB.java	2954	2025~
org.apache.hadoop.ozone.om.protocolPB.GrpcOmTransport	hadoop-ozone/common/src/main/java/org/apache/hadoop/ozone/om/protocolPB/GrpcOmTransport.java	522	400~
org.apache.hadoop.ozone.om.protocolPB.OmTransport	hadoop-ozone/common/src/main/java/org/apache/hadoop/ozone/om/protocolPB/OmTransport.java	44	25~
org.apache.hadoop.ozone.om.protocolPB.OMAdminProtocolPB	hadoop-ozone/common/src/main/java/org/apache/hadoop/ozone/om/protocolPB/OMAdminProtocolPB.java	37	25~
org.apache.hadoop.ozone.om.protocolPB.OzoneManagerProtocolPB	hadoop-ozone/common/src/main/java/org/apache/hadoop/ozone/om/protocolPB/OzoneManagerProtocolPB.java	54	25~
org.apache.hadoop.ozone.om.OMConfigKeys	hadoop-ozone/common/src/main/java/org/apache/hadoop/ozone/om/OMConfigKeys.java	776	550~
org.apache.hadoop.ozone.om.protocol.OMConfiguration	hadoop-ozone/common/src/main/java/org/apache/hadoop/ozone/om/protocol/OMConfiguration.java	105	50~
org.apache.hadoop.ozone.om.protocol.OMInterServiceProtocol	hadoop-ozone/common/src/main/java/org/apache/hadoop/ozone/om/protocol/OMInterServiceProtocol.java	37	25~
org.apache.hadoop.ozone.om.protocol.S3Auth	hadoop-ozone/common/src/main/java/org/apache/hadoop/ozone/om/protocol/S3Auth.java	60	25~
org.apache.hadoop.ozone.om.protocol.OzoneManagerSecurityProtocol	hadoop-ozone/common/src/main/java/org/apache/hadoop/ozone/om/protocol/OzoneManagerSecurityProtocol.java	67	25~
org.apache.hadoop.ozone.om.protocol.OzoneManagerProtocol	hadoop-ozone/common/src/main/java/org/apache/hadoop/ozone/om/protocol/OzoneManagerProtocol.java	1319	400~
org.apache.hadoop.ozone.om.protocol.OMAdminProtocol	hadoop-ozone/common/src/main/java/org/apache/hadoop/ozone/om/protocol/OMAdminProtocol.java	60	25~
org.apache.hadoop.ozone.om.exceptions.OMNotLeaderException	hadoop-ozone/common/src/main/java/org/apache/hadoop/ozone/om/exceptions/OMNotLeaderException.java	92	50~
org.apache.hadoop.ozone.om.exceptions.OMLeaderNotReadyException	hadoop-ozone/common/src/main/java/org/apache/hadoop/ozone/om/exceptions/OMLeaderNotReadyException.java	33	25~
org.apache.hadoop.ozone.om.exceptions.OMException	hadoop-ozone/common/src/main/java/org/apache/hadoop/ozone/om/exceptions/OMException.java	288	125~
org.apache.hadoop.ozone.om.ha.OMProxyInfo	hadoop-ozone/common/src/main/java/org/apache/hadoop/ozone/om/ha/OMProxyInfo.java	360	175~
org.apache.hadoop.ozone.om.ha.HadoopRpcOMFailoverProxyProvider	hadoop-ozone/common/src/main/java/org/apache/hadoop/ozone/om/ha/HadoopRpcOMFailoverProxyProvider.java	195	75~
org.apache.hadoop.ozone.om.ha.OMFailoverProxyProviderBase	hadoop-ozone/common/src/main/java/org/apache/hadoop/ozone/om/ha/OMFailoverProxyProviderBase.java	567	300~
org.apache.hadoop.ozone.om.ha.HadoopRpcOMFollowerReadFailoverProxyProvider	hadoop-ozone/common/src/main/java/org/apache/hadoop/ozone/om/ha/HadoopRpcOMFollowerReadFailoverProxyProvider.java	447	225~
org.apache.hadoop.ozone.om.ha.GrpcOMFailoverProxyProvider	hadoop-ozone/common/src/main/java/org/apache/hadoop/ozone/om/ha/GrpcOMFailoverProxyProvider.java	150	75~
org.apache.hadoop.ozone.om.OmConfig	hadoop-ozone/common/src/main/java/org/apache/hadoop/ozone/om/OmConfig.java	366	275~
org.apache.hadoop.ozone.om.helpers.ServiceInfoEx	hadoop-ozone/common/src/main/java/org/apache/hadoop/ozone/om/helpers/ServiceInfoEx.java	79	25~
org.apache.hadoop.ozone.om.helpers.TenantUserInfoValue	hadoop-ozone/common/src/main/java/org/apache/hadoop/ozone/om/helpers/TenantUserInfoValue.java	74	50~
org.apache.hadoop.ozone.om.helpers.OmDBUserPrincipalInfo	hadoop-ozone/common/src/main/java/org/apache/hadoop/ozone/om/helpers/OmDBUserPrincipalInfo.java	104	50~
org.apache.hadoop.ozone.om.helpers.OmMultipartUploadListParts	hadoop-ozone/common/src/main/java/org/apache/hadoop/ozone/om/helpers/OmMultipartUploadListParts.java	82	25~
org.apache.hadoop.ozone.om.helpers.OMRatisHelper	hadoop-ozone/common/src/main/java/org/apache/hadoop/ozone/om/helpers/OMRatisHelper.java	89	50~
org.apache.hadoop.ozone.om.helpers.OmDBAccessIdInfo	hadoop-ozone/common/src/main/java/org/apache/hadoop/ozone/om/helpers/OmDBAccessIdInfo.java	142	75~
org.apache.hadoop.ozone.om.helpers.OmDeleteKeys	hadoop-ozone/common/src/main/java/org/apache/hadoop/ozone/om/helpers/OmDeleteKeys.java	49	25~
org.apache.hadoop.ozone.om.helpers.OmKeyLocationInfo	hadoop-ozone/common/src/main/java/org/apache/hadoop/ozone/om/helpers/OmKeyLocationInfo.java	148	75~
org.apache.hadoop.ozone.om.helpers.SnapshotDiffJob	hadoop-ozone/common/src/main/java/org/apache/hadoop/ozone/om/helpers/SnapshotDiffJob.java	365	275~
org.apache.hadoop.ozone.om.helpers.LeaseKeyInfo	hadoop-ozone/common/src/main/java/org/apache/hadoop/ozone/om/helpers/LeaseKeyInfo.java	39	25~
org.apache.hadoop.ozone.om.helpers.OmMultipartPartInfo	hadoop-ozone/common/src/main/java/org/apache/hadoop/ozone/om/helpers/OmMultipartPartInfo.java	373	275~
org.apache.hadoop.ozone.om.helpers.OmLifecycleConfiguration	hadoop-ozone/common/src/main/java/org/apache/hadoop/ozone/om/helpers/OmLifecycleConfiguration.java	334	225~
org.apache.hadoop.ozone.om.helpers.BasicOmKeyInfo	hadoop-ozone/common/src/main/java/org/apache/hadoop/ozone/om/helpers/BasicOmKeyInfo.java	319	250~
org.apache.hadoop.ozone.om.helpers.QuotaUtil	hadoop-ozone/common/src/main/java/org/apache/hadoop/ozone/om/helpers/QuotaUtil.java	116	50~
org.apache.hadoop.ozone.om.helpers.OzoneFileStatusLight	hadoop-ozone/common/src/main/java/org/apache/hadoop/ozone/om/helpers/OzoneFileStatusLight.java	155	100~
org.apache.hadoop.ozone.om.helpers.WithParentObjectId	hadoop-ozone/common/src/main/java/org/apache/hadoop/ozone/om/helpers/WithParentObjectId.java	83	25~
org.apache.hadoop.ozone.om.helpers.BucketLayout	hadoop-ozone/common/src/main/java/org/apache/hadoop/ozone/om/helpers/BucketLayout.java	120	75~
org.apache.hadoop.ozone.om.helpers.OmBucketArgs	hadoop-ozone/common/src/main/java/org/apache/hadoop/ozone/om/helpers/OmBucketArgs.java	423	250~
org.apache.hadoop.ozone.om.helpers.OmRenameKeys	hadoop-ozone/common/src/main/java/org/apache/hadoop/ozone/om/helpers/OmRenameKeys.java	58	25~
org.apache.hadoop.ozone.om.helpers.OpenKeySession	hadoop-ozone/common/src/main/java/org/apache/hadoop/ozone/om/helpers/OpenKeySession.java	53	25~
org.apache.hadoop.ozone.om.helpers.OzoneIdentityProvider	hadoop-ozone/common/src/main/java/org/apache/hadoop/ozone/om/helpers/OzoneIdentityProvider.java	73	25~
org.apache.hadoop.ozone.om.helpers.ListKeysResult	hadoop-ozone/common/src/main/java/org/apache/hadoop/ozone/om/helpers/ListKeysResult.java	42	25~
org.apache.hadoop.ozone.om.helpers.TenantUserList	hadoop-ozone/common/src/main/java/org/apache/hadoop/ozone/om/helpers/TenantUserList.java	68	25~
org.apache.hadoop.ozone.om.helpers.OzoneFileStatus	hadoop-ozone/common/src/main/java/org/apache/hadoop/ozone/om/helpers/OzoneFileStatus.java	150	100~
org.apache.hadoop.ozone.om.helpers.OmPartInfo	hadoop-ozone/common/src/main/java/org/apache/hadoop/ozone/om/helpers/OmPartInfo.java	72	50~
org.apache.hadoop.ozone.om.helpers.OmKeyArgs	hadoop-ozone/common/src/main/java/org/apache/hadoop/ozone/om/helpers/OmKeyArgs.java	438	325~
org.apache.hadoop.ozone.om.helpers.AclListBuilder	hadoop-ozone/common/src/main/java/org/apache/hadoop/ozone/om/helpers/AclListBuilder.java	121	75~
org.apache.hadoop.ozone.om.helpers.OmKeyLocationInfoGroup	hadoop-ozone/common/src/main/java/org/apache/hadoop/ozone/om/helpers/OmKeyLocationInfoGroup.java	220	150~
org.apache.hadoop.ozone.om.helpers.RepeatedOmKeyInfo	hadoop-ozone/common/src/main/java/org/apache/hadoop/ozone/om/helpers/RepeatedOmKeyInfo.java	213	100~
org.apache.hadoop.ozone.om.helpers.OmLifecycleScanState	hadoop-ozone/common/src/main/java/org/apache/hadoop/ozone/om/helpers/OmLifecycleScanState.java	255	200~
org.apache.hadoop.ozone.om.helpers.OmTenantArgs	hadoop-ozone/common/src/main/java/org/apache/hadoop/ozone/om/helpers/OmTenantArgs.java	114	50~
org.apache.hadoop.ozone.om.helpers.ListOpenFilesResult	hadoop-ozone/common/src/main/java/org/apache/hadoop/ozone/om/helpers/ListOpenFilesResult.java	114	50~
org.apache.hadoop.ozone.om.helpers.OmLCRule	hadoop-ozone/common/src/main/java/org/apache/hadoop/ozone/om/helpers/OmLCRule.java	411	275~
org.apache.hadoop.ozone.om.helpers.KeyValueUtil	hadoop-ozone/common/src/main/java/org/apache/hadoop/ozone/om/helpers/KeyValueUtil.java	53	25~
org.apache.hadoop.ozone.om.helpers.WithMetadata	hadoop-ozone/common/src/main/java/org/apache/hadoop/ozone/om/helpers/WithMetadata.java	85	50~
org.apache.hadoop.ozone.om.helpers.ListKeysLightResult	hadoop-ozone/common/src/main/java/org/apache/hadoop/ozone/om/helpers/ListKeysLightResult.java	43	25~
org.apache.hadoop.ozone.om.helpers.OmMultipartPartKey	hadoop-ozone/common/src/main/java/org/apache/hadoop/ozone/om/helpers/OmMultipartPartKey.java	240	150~
org.apache.hadoop.ozone.om.helpers.S3SecretValue	hadoop-ozone/common/src/main/java/org/apache/hadoop/ozone/om/helpers/S3SecretValue.java	125	75~
org.apache.hadoop.ozone.om.helpers.OmVolumeArgs	hadoop-ozone/common/src/main/java/org/apache/hadoop/ozone/om/helpers/OmVolumeArgs.java	447	300~
org.apache.hadoop.ozone.om.helpers.OmMultipartInfo	hadoop-ozone/common/src/main/java/org/apache/hadoop/ozone/om/helpers/OmMultipartInfo.java	80	25~
org.apache.hadoop.ozone.om.helpers.OzoneAclUtil	hadoop-ozone/common/src/main/java/org/apache/hadoop/ozone/om/helpers/OzoneAclUtil.java	278	150~
org.apache.hadoop.ozone.om.helpers.OmMultipartKeyInfo	hadoop-ozone/common/src/main/java/org/apache/hadoop/ozone/om/helpers/OmMultipartKeyInfo.java	551	350~
org.apache.hadoop.ozone.om.helpers.OmLCAction	hadoop-ozone/common/src/main/java/org/apache/hadoop/ozone/om/helpers/OmLCAction.java	59	25~
org.apache.hadoop.ozone.om.helpers.DBUpdates	hadoop-ozone/common/src/main/java/org/apache/hadoop/ozone/om/helpers/DBUpdates.java	78	50~
org.apache.hadoop.ozone.om.helpers.OmMultipartAbortInfo	hadoop-ozone/common/src/main/java/org/apache/hadoop/ozone/om/helpers/OmMultipartAbortInfo.java	149	100~
org.apache.hadoop.ozone.om.helpers.SnapshotInfo	hadoop-ozone/common/src/main/java/org/apache/hadoop/ozone/om/helpers/SnapshotInfo.java	848	575~
org.apache.hadoop.ozone.om.helpers.ErrorInfo	hadoop-ozone/common/src/main/java/org/apache/hadoop/ozone/om/helpers/ErrorInfo.java	48	25~
org.apache.hadoop.ozone.om.helpers.OmLifecycleRuleAndOperator	hadoop-ozone/common/src/main/java/org/apache/hadoop/ozone/om/helpers/OmLifecycleRuleAndOperator.java	214	125~
org.apache.hadoop.ozone.om.helpers.OmMultipartCommitUploadPartInfo	hadoop-ozone/common/src/main/java/org/apache/hadoop/ozone/om/helpers/OmMultipartCommitUploadPartInfo.java	42	25~
org.apache.hadoop.ozone.om.helpers.OmLCAbortIncompleteMultipartUpload	hadoop-ozone/common/src/main/java/org/apache/hadoop/ozone/om/helpers/OmLCAbortIncompleteMultipartUpload.java	139	75~
org.apache.hadoop.ozone.om.helpers.BucketEncryptionKeyInfo	hadoop-ozone/common/src/main/java/org/apache/hadoop/ozone/om/helpers/BucketEncryptionKeyInfo.java	100	50~
org.apache.hadoop.ozone.om.helpers.OmBucketInfo	hadoop-ozone/common/src/main/java/org/apache/hadoop/ozone/om/helpers/OmBucketInfo.java	839	575~
org.apache.hadoop.ozone.om.helpers.OzoneFSUtils	hadoop-ozone/common/src/main/java/org/apache/hadoop/ozone/om/helpers/OzoneFSUtils.java	446	250~
org.apache.hadoop.ozone.om.helpers.OmDirectoryInfo	hadoop-ozone/common/src/main/java/org/apache/hadoop/ozone/om/helpers/OmDirectoryInfo.java	274	175~
org.apache.hadoop.ozone.om.helpers.OMNodeDetails	hadoop-ozone/common/src/main/java/org/apache/hadoop/ozone/om/helpers/OMNodeDetails.java	295	200~
org.apache.hadoop.ozone.om.helpers.ServiceInfo	hadoop-ozone/common/src/main/java/org/apache/hadoop/ozone/om/helpers/ServiceInfo.java	312	150~
org.apache.hadoop.ozone.om.helpers.MapBuilder	hadoop-ozone/common/src/main/java/org/apache/hadoop/ozone/om/helpers/MapBuilder.java	108	50~
org.apache.hadoop.ozone.om.helpers.WithObjectID	hadoop-ozone/common/src/main/java/org/apache/hadoop/ozone/om/helpers/WithObjectID.java	142	75~
org.apache.hadoop.ozone.om.helpers.OmLCFilter	hadoop-ozone/common/src/main/java/org/apache/hadoop/ozone/om/helpers/OmLCFilter.java	235	150~
org.apache.hadoop.ozone.om.helpers.ReadConsistency	hadoop-ozone/common/src/main/java/org/apache/hadoop/ozone/om/helpers/ReadConsistency.java	107	75~
org.apache.hadoop.ozone.om.helpers.OmLCExpiration	hadoop-ozone/common/src/main/java/org/apache/hadoop/ozone/om/helpers/OmLCExpiration.java	215	125~
org.apache.hadoop.ozone.om.helpers.OmRangerSyncArgs	hadoop-ozone/common/src/main/java/org/apache/hadoop/ozone/om/helpers/OmRangerSyncArgs.java	66	25~
org.apache.hadoop.ozone.om.helpers.OmLifecycleUtils	hadoop-ozone/common/src/main/java/org/apache/hadoop/ozone/om/helpers/OmLifecycleUtils.java	131	50~
org.apache.hadoop.ozone.om.helpers.OmMultipartUploadCompleteList	hadoop-ozone/common/src/main/java/org/apache/hadoop/ozone/om/helpers/OmMultipartUploadCompleteList.java	62	25~
org.apache.hadoop.ozone.om.helpers.DeleteTenantState	hadoop-ozone/common/src/main/java/org/apache/hadoop/ozone/om/helpers/DeleteTenantState.java	89	50~
org.apache.hadoop.ozone.om.helpers.TenantStateList	hadoop-ozone/common/src/main/java/org/apache/hadoop/ozone/om/helpers/TenantStateList.java	71	25~
org.apache.hadoop.ozone.om.helpers.OmDBTenantState	hadoop-ozone/common/src/main/java/org/apache/hadoop/ozone/om/helpers/OmDBTenantState.java	218	125~
org.apache.hadoop.ozone.om.helpers.OmMultipartUpload	hadoop-ozone/common/src/main/java/org/apache/hadoop/ozone/om/helpers/OmMultipartUpload.java	145	100~
org.apache.hadoop.ozone.om.helpers.OmMultipartUploadCompleteInfo	hadoop-ozone/common/src/main/java/org/apache/hadoop/ozone/om/helpers/OmMultipartUploadCompleteInfo.java	73	50~
org.apache.hadoop.ozone.om.helpers.OmKeyInfo	hadoop-ozone/common/src/main/java/org/apache/hadoop/ozone/om/helpers/OmKeyInfo.java	1069	700~
org.apache.hadoop.ozone.om.helpers.KeyInfoWithVolumeContext	hadoop-ozone/common/src/main/java/org/apache/hadoop/ozone/om/helpers/KeyInfoWithVolumeContext.java	109	50~
org.apache.hadoop.ozone.om.helpers.OmMultipartUploadList	hadoop-ozone/common/src/main/java/org/apache/hadoop/ozone/om/helpers/OmMultipartUploadList.java	100	50~
org.apache.hadoop.ozone.om.helpers.WithTags	hadoop-ozone/common/src/main/java/org/apache/hadoop/ozone/om/helpers/WithTags.java	28	25~
org.apache.hadoop.ozone.om.helpers.OmTenantUserArgs	hadoop-ozone/common/src/main/java/org/apache/hadoop/ozone/om/helpers/OmTenantUserArgs.java	39	25~
org.apache.hadoop.ozone.om.helpers.EncryptionBucketInfo	hadoop-ozone/common/src/main/java/org/apache/hadoop/ozone/om/helpers/EncryptionBucketInfo.java	113	75~
org.apache.hadoop.ozone.om.helpers.S3VolumeContext	hadoop-ozone/common/src/main/java/org/apache/hadoop/ozone/om/helpers/S3VolumeContext.java	92	50~
org.apache.hadoop.ozone.OmUtils	hadoop-ozone/common/src/main/java/org/apache/hadoop/ozone/OmUtils.java	1168	750~
org.apache.hadoop.ozone.request.validation.RequestProcessingPhase	hadoop-ozone/common/src/main/java/org/apache/hadoop/ozone/request/validation/RequestProcessingPhase.java	29	25~
org.apache.hadoop.ozone.request.validation.RegisterValidator	hadoop-ozone/common/src/main/java/org/apache/hadoop/ozone/request/validation/RegisterValidator.java	39	25~
org.apache.hadoop.ozone.OzoneFsServerDefaults	hadoop-ozone/common/src/main/java/org/apache/hadoop/ozone/OzoneFsServerDefaults.java	54	25~
org.apache.hadoop.ozone.conf.OMClientConfig	hadoop-ozone/common/src/main/java/org/apache/hadoop/ozone/conf/OMClientConfig.java	76	25~
org.apache.hadoop.ozone.client.io.WrappedOutputStream	hadoop-ozone/common/src/main/java/org/apache/hadoop/ozone/client/io/WrappedOutputStream.java	58	25~
org.apache.hadoop.ozone.client.io.SelectorOutputStream	hadoop-ozone/common/src/main/java/org/apache/hadoop/ozone/client/io/SelectorOutputStream.java	204	125~
org.apache.hadoop.ozone.client.io.LengthInputStream	hadoop-ozone/common/src/main/java/org/apache/hadoop/ozone/client/io/LengthInputStream.java	62	25~
org.apache.hadoop.ozone.client.checksum.CrcComposer	hadoop-ozone/common/src/main/java/org/apache/hadoop/ozone/client/checksum/CrcComposer.java	202	100~
org.apache.hadoop.ozone.client.checksum.CrcUtil	hadoop-ozone/common/src/main/java/org/apache/hadoop/ozone/client/checksum/CrcUtil.java	247	125~
org.apache.hadoop.ozone.client.checksum.CompositeCrcFileChecksum	hadoop-ozone/common/src/main/java/org/apache/hadoop/ozone/client/checksum/CompositeCrcFileChecksum.java	87	50~
org.apache.hadoop.hdds.protocol.StorageType	hadoop-ozone/common/src/main/java/org/apache/hadoop/hdds/protocol/StorageType.java	64	25~
org.apache.hadoop.fs.ozone.OzoneTrashPolicy	hadoop-ozone/common/src/main/java/org/apache/hadoop/fs/ozone/OzoneTrashPolicy.java	206	125~
org.apache.hadoop.fs.ozone.PosixRootedOzoneFileSystem	hadoop-ozone/ozonefs/src/main/java/org/apache/hadoop/fs/ozone/PosixRootedOzoneFileSystem.java	47	25~
org.apache.hadoop.fs.ozone.OzoneFileSystem	hadoop-ozone/ozonefs/src/main/java/org/apache/hadoop/fs/ozone/OzoneFileSystem.java	194	125~
org.apache.hadoop.fs.ozone.OzFs	hadoop-ozone/ozonefs/src/main/java/org/apache/hadoop/fs/ozone/OzFs.java	51	25~
org.apache.hadoop.fs.ozone.RootedOzoneFileSystem	hadoop-ozone/ozonefs/src/main/java/org/apache/hadoop/fs/ozone/RootedOzoneFileSystem.java	206	125~
org.apache.hadoop.fs.ozone.RootedOzFs	hadoop-ozone/ozonefs/src/main/java/org/apache/hadoop/fs/ozone/RootedOzFs.java	51	25~
org.apache.hadoop.fs.ozone.PosixOzoneFileSystem	hadoop-ozone/ozonefs/src/main/java/org/apache/hadoop/fs/ozone/PosixOzoneFileSystem.java	46	25~
org.apache.hadoop.ozone.shell.OzoneInteractiveShell	hadoop-ozone/cli-interactive/src/main/java/org/apache/hadoop/ozone/shell/OzoneInteractiveShell.java	75	25~
org.apache.hadoop.ozone.protocolPB.OMAdminProtocolServerSideImpl	hadoop-ozone/ozone-manager/src/main/java/org/apache/hadoop/ozone/protocolPB/OMAdminProtocolServerSideImpl.java	157	100~
org.apache.hadoop.ozone.protocolPB.RequestHandler	hadoop-ozone/ozone-manager/src/main/java/org/apache/hadoop/ozone/protocolPB/RequestHandler.java	77	25~
org.apache.hadoop.ozone.protocolPB.OzoneManagerProtocolServerSideTranslatorPB	hadoop-ozone/ozone-manager/src/main/java/org/apache/hadoop/ozone/protocolPB/OzoneManagerProtocolServerSideTranslatorPB.java	460	300~
org.apache.hadoop.ozone.protocolPB.OzoneManagerRequestHandler	hadoop-ozone/ozone-manager/src/main/java/org/apache/hadoop/ozone/protocolPB/OzoneManagerRequestHandler.java	1700	1300~
org.apache.hadoop.ozone.protocolPB.OMInterServiceProtocolServerSideImpl	hadoop-ozone/ozone-manager/src/main/java/org/apache/hadoop/ozone/protocolPB/OMInterServiceProtocolServerSideImpl.java	80	25~
org.apache.hadoop.ozone.security.OzoneDelegationTokenSecretManager	hadoop-ozone/ozone-manager/src/main/java/org/apache/hadoop/ozone/security/OzoneDelegationTokenSecretManager.java	679	450~
org.apache.hadoop.ozone.security.OMCertificateClient	hadoop-ozone/ozone-manager/src/main/java/org/apache/hadoop/ozone/security/OMCertificateClient.java	124	75~
org.apache.hadoop.ozone.security.OzoneSecretStore	hadoop-ozone/ozone-manager/src/main/java/org/apache/hadoop/ozone/security/OzoneSecretStore.java	104	50~
org.apache.hadoop.ozone.security.S3SecurityUtil	hadoop-ozone/ozone-manager/src/main/java/org/apache/hadoop/ozone/security/S3SecurityUtil.java	92	25~
org.apache.hadoop.ozone.security.AWSV4AuthValidator	hadoop-ozone/ozone-manager/src/main/java/org/apache/hadoop/ozone/security/AWSV4AuthValidator.java	122	50~
org.apache.hadoop.ozone.security.acl.OzoneManagerAuthorizer	hadoop-ozone/ozone-manager/src/main/java/org/apache/hadoop/ozone/security/acl/OzoneManagerAuthorizer.java	30	25~
org.apache.hadoop.ozone.security.acl.OzoneNativeAuthorizer	hadoop-ozone/ozone-manager/src/main/java/org/apache/hadoop/ozone/security/acl/OzoneNativeAuthorizer.java	268	175~
org.apache.hadoop.ozone.security.acl.SharedTmpDirAuthorizer	hadoop-ozone/ozone-manager/src/main/java/org/apache/hadoop/ozone/security/acl/SharedTmpDirAuthorizer.java	59	25~
org.apache.hadoop.ozone.security.acl.OzoneAuthorizerFactory	hadoop-ozone/ozone-manager/src/main/java/org/apache/hadoop/ozone/security/acl/OzoneAuthorizerFactory.java	114	50~
org.apache.hadoop.ozone.om.S3SecretFunction	hadoop-ozone/ozone-manager/src/main/java/org/apache/hadoop/ozone/om/S3SecretFunction.java	29	25~
org.apache.hadoop.ozone.om.DeleteKeysResult	hadoop-ozone/ozone-manager/src/main/java/org/apache/hadoop/ozone/om/DeleteKeysResult.java	46	25~
org.apache.hadoop.ozone.om.TenantOp	hadoop-ozone/ozone-manager/src/main/java/org/apache/hadoop/ozone/om/TenantOp.java	85	25~
org.apache.hadoop.ozone.om.snapshot.OMDBCheckpointUtils	hadoop-ozone/ozone-manager/src/main/java/org/apache/hadoop/ozone/om/snapshot/OMDBCheckpointUtils.java	124	50~
org.apache.hadoop.ozone.om.snapshot.PersistentList	hadoop-ozone/ozone-manager/src/main/java/org/apache/hadoop/ozone/om/snapshot/PersistentList.java	34	25~
org.apache.hadoop.ozone.om.snapshot.OmSnapshotLocalDataManager	hadoop-ozone/ozone-manager/src/main/java/org/apache/hadoop/ozone/om/snapshot/OmSnapshotLocalDataManager.java	1185	825~
org.apache.hadoop.ozone.om.snapshot.ReferenceCounted	hadoop-ozone/ozone-manager/src/main/java/org/apache/hadoop/ozone/om/snapshot/ReferenceCounted.java	155	75~
org.apache.hadoop.ozone.om.snapshot.ReferenceCountedCallback	hadoop-ozone/ozone-manager/src/main/java/org/apache/hadoop/ozone/om/snapshot/ReferenceCountedCallback.java	25	25~
org.apache.hadoop.ozone.om.snapshot.util.TableMergeIterator	hadoop-ozone/ozone-manager/src/main/java/org/apache/hadoop/ozone/om/snapshot/util/TableMergeIterator.java	109	50~
org.apache.hadoop.ozone.om.snapshot.RequireSnapshotFeatureState	hadoop-ozone/ozone-manager/src/main/java/org/apache/hadoop/ozone/om/snapshot/RequireSnapshotFeatureState.java	33	25~
org.apache.hadoop.ozone.om.snapshot.FSODirectoryPathResolver	hadoop-ozone/ozone-manager/src/main/java/org/apache/hadoop/ozone/om/snapshot/FSODirectoryPathResolver.java	107	50~
org.apache.hadoop.ozone.om.snapshot.defrag.SnapshotDefragService	hadoop-ozone/ozone-manager/src/main/java/org/apache/hadoop/ozone/om/snapshot/defrag/SnapshotDefragService.java	828	525~
org.apache.hadoop.ozone.om.snapshot.SnapshotDiffValueParser	hadoop-ozone/ozone-manager/src/main/java/org/apache/hadoop/ozone/om/snapshot/SnapshotDiffValueParser.java	359	275~
org.apache.hadoop.ozone.om.snapshot.RequireSnapshotFeatureStateAspect	hadoop-ozone/ozone-manager/src/main/java/org/apache/hadoop/ozone/om/snapshot/RequireSnapshotFeatureStateAspect.java	120	50~
org.apache.hadoop.ozone.om.snapshot.OMSnapshotDirectoryMetrics	hadoop-ozone/ozone-manager/src/main/java/org/apache/hadoop/ozone/om/snapshot/OMSnapshotDirectoryMetrics.java	328	200~
org.apache.hadoop.ozone.om.snapshot.diff.delta.CompositeDeltaDiffComputer	hadoop-ozone/ozone-manager/src/main/java/org/apache/hadoop/ozone/om/snapshot/diff/delta/CompositeDeltaDiffComputer.java	130	50~
org.apache.hadoop.ozone.om.snapshot.diff.delta.RDBDifferComputer	hadoop-ozone/ozone-manager/src/main/java/org/apache/hadoop/ozone/om/snapshot/diff/delta/RDBDifferComputer.java	118	50~
org.apache.hadoop.ozone.om.snapshot.diff.delta.DeltaFileComputer	hadoop-ozone/ozone-manager/src/main/java/org/apache/hadoop/ozone/om/snapshot/diff/delta/DeltaFileComputer.java	50	25~
org.apache.hadoop.ozone.om.snapshot.diff.delta.FileLinkDeltaFileComputer	hadoop-ozone/ozone-manager/src/main/java/org/apache/hadoop/ozone/om/snapshot/diff/delta/FileLinkDeltaFileComputer.java	156	75~
org.apache.hadoop.ozone.om.snapshot.diff.delta.FullDiffComputer	hadoop-ozone/ozone-manager/src/main/java/org/apache/hadoop/ozone/om/snapshot/diff/delta/FullDiffComputer.java	119	50~
org.apache.hadoop.ozone.om.snapshot.diff.helper.SnapshotDiffObjectInfo	hadoop-ozone/ozone-manager/src/main/java/org/apache/hadoop/ozone/om/snapshot/diff/helper/SnapshotDiffObjectInfo.java	61	25~
org.apache.hadoop.ozone.om.snapshot.RocksDbPersistentSet	hadoop-ozone/ozone-manager/src/main/java/org/apache/hadoop/ozone/om/snapshot/RocksDbPersistentSet.java	90	50~
org.apache.hadoop.ozone.om.snapshot.PersistentMap	hadoop-ozone/ozone-manager/src/main/java/org/apache/hadoop/ozone/om/snapshot/PersistentMap.java	41	25~
org.apache.hadoop.ozone.om.snapshot.SnapshotDiffManager	hadoop-ozone/ozone-manager/src/main/java/org/apache/hadoop/ozone/om/snapshot/SnapshotDiffManager.java	1742	1250~
org.apache.hadoop.ozone.om.snapshot.RocksDbPersistentMap	hadoop-ozone/ozone-manager/src/main/java/org/apache/hadoop/ozone/om/snapshot/RocksDbPersistentMap.java	180	125~
org.apache.hadoop.ozone.om.snapshot.PersistentSet	hadoop-ozone/ozone-manager/src/main/java/org/apache/hadoop/ozone/om/snapshot/PersistentSet.java	30	25~
org.apache.hadoop.ozone.om.snapshot.OmSnapshotUtils	hadoop-ozone/ozone-manager/src/main/java/org/apache/hadoop/ozone/om/snapshot/OmSnapshotUtils.java	148	50~
org.apache.hadoop.ozone.om.snapshot.SnapshotDiffManagerMXBean	hadoop-ozone/ozone-manager/src/main/java/org/apache/hadoop/ozone/om/snapshot/SnapshotDiffManagerMXBean.java	34	25~
org.apache.hadoop.ozone.om.snapshot.ObjectPathResolver	hadoop-ozone/ozone-manager/src/main/java/org/apache/hadoop/ozone/om/snapshot/ObjectPathResolver.java	39	25~
org.apache.hadoop.ozone.om.snapshot.MultiSnapshotLocks	hadoop-ozone/ozone-manager/src/main/java/org/apache/hadoop/ozone/om/snapshot/MultiSnapshotLocks.java	95	50~
org.apache.hadoop.ozone.om.snapshot.db.SnapshotDiffMetadataManager	hadoop-ozone/ozone-manager/src/main/java/org/apache/hadoop/ozone/om/snapshot/db/SnapshotDiffMetadataManager.java	51	25~
org.apache.hadoop.ozone.om.snapshot.db.SnapshotDiffMetadataManagerImpl	hadoop-ozone/ozone-manager/src/main/java/org/apache/hadoop/ozone/om/snapshot/db/SnapshotDiffMetadataManagerImpl.java	153	75~
org.apache.hadoop.ozone.om.snapshot.db.SnapshotDiffDBDefinition	hadoop-ozone/ozone-manager/src/main/java/org/apache/hadoop/ozone/om/snapshot/db/SnapshotDiffDBDefinition.java	145	50~
org.apache.hadoop.ozone.om.snapshot.SnapshotCache	hadoop-ozone/ozone-manager/src/main/java/org/apache/hadoop/ozone/om/snapshot/SnapshotCache.java	436	275~
org.apache.hadoop.ozone.om.snapshot.SnapshotUtils	hadoop-ozone/ozone-manager/src/main/java/org/apache/hadoop/ozone/om/snapshot/SnapshotUtils.java	339	225~
org.apache.hadoop.ozone.om.snapshot.filter.ReclaimableKeyFilter	hadoop-ozone/ozone-manager/src/main/java/org/apache/hadoop/ozone/om/snapshot/filter/ReclaimableKeyFilter.java	171	75~
org.apache.hadoop.ozone.om.snapshot.filter.ReclaimableFilter	hadoop-ozone/ozone-manager/src/main/java/org/apache/hadoop/ozone/om/snapshot/filter/ReclaimableFilter.java	258	150~
org.apache.hadoop.ozone.om.snapshot.filter.ReclaimableDirFilter	hadoop-ozone/ozone-manager/src/main/java/org/apache/hadoop/ozone/om/snapshot/filter/ReclaimableDirFilter.java	73	25~
org.apache.hadoop.ozone.om.snapshot.filter.ReclaimableRenameEntryFilter	hadoop-ozone/ozone-manager/src/main/java/org/apache/hadoop/ozone/om/snapshot/filter/ReclaimableRenameEntryFilter.java	93	50~
org.apache.hadoop.ozone.om.snapshot.RocksDbPersistentList	hadoop-ozone/ozone-manager/src/main/java/org/apache/hadoop/ozone/om/snapshot/RocksDbPersistentList.java	113	75~
org.apache.hadoop.ozone.om.multitenant.AuthorizerLock	hadoop-ozone/ozone-manager/src/main/java/org/apache/hadoop/ozone/om/multitenant/AuthorizerLock.java	95	25~
org.apache.hadoop.ozone.om.multitenant.CachedTenantState	hadoop-ozone/ozone-manager/src/main/java/org/apache/hadoop/ozone/om/multitenant/CachedTenantState.java	129	75~
org.apache.hadoop.ozone.om.multitenant.InMemoryMultiTenantAccessController	hadoop-ozone/ozone-manager/src/main/java/org/apache/hadoop/ozone/om/multitenant/InMemoryMultiTenantAccessController.java	163	125~
org.apache.hadoop.ozone.om.multitenant.AuthorizerLockImpl	hadoop-ozone/ozone-manager/src/main/java/org/apache/hadoop/ozone/om/multitenant/AuthorizerLockImpl.java	202	125~
org.apache.hadoop.ozone.om.multitenant.MultiTenantAccessController	hadoop-ozone/ozone-manager/src/main/java/org/apache/hadoop/ozone/om/multitenant/MultiTenantAccessController.java	561	375~
org.apache.hadoop.ozone.om.OmSnapshotLocalDataYaml	hadoop-ozone/ozone-manager/src/main/java/org/apache/hadoop/ozone/om/OmSnapshotLocalDataYaml.java	257	150~
org.apache.hadoop.ozone.om.OzoneManagerPrepareState	hadoop-ozone/ozone-manager/src/main/java/org/apache/hadoop/ozone/om/OzoneManagerPrepareState.java	310	150~
org.apache.hadoop.ozone.om.OMDBArchiver	hadoop-ozone/ozone-manager/src/main/java/org/apache/hadoop/ozone/om/OMDBArchiver.java	165	100~
org.apache.hadoop.ozone.om.s3.S3SecretStoreProvider	hadoop-ozone/ozone-manager/src/main/java/org/apache/hadoop/ozone/om/s3/S3SecretStoreProvider.java	36	25~
org.apache.hadoop.ozone.om.s3.S3SecretStoreConfigurationKeys	hadoop-ozone/ozone-manager/src/main/java/org/apache/hadoop/ozone/om/s3/S3SecretStoreConfigurationKeys.java	45	25~
org.apache.hadoop.ozone.om.s3.LocalS3StoreProvider	hadoop-ozone/ozone-manager/src/main/java/org/apache/hadoop/ozone/om/s3/LocalS3StoreProvider.java	39	25~
org.apache.hadoop.ozone.om.s3.S3SecretCacheProvider	hadoop-ozone/ozone-manager/src/main/java/org/apache/hadoop/ozone/om/s3/S3SecretCacheProvider.java	40	25~
org.apache.hadoop.ozone.om.OzoneManagerHttpServer	hadoop-ozone/ozone-manager/src/main/java/org/apache/hadoop/ozone/om/OzoneManagerHttpServer.java	97	50~
org.apache.hadoop.ozone.om.upgrade.OMLayoutFeatureAspect	hadoop-ozone/ozone-manager/src/main/java/org/apache/hadoop/ozone/om/upgrade/OMLayoutFeatureAspect.java	127	75~
org.apache.hadoop.ozone.om.upgrade.BelongsToLayoutVersion	hadoop-ozone/ozone-manager/src/main/java/org/apache/hadoop/ozone/om/upgrade/BelongsToLayoutVersion.java	32	25~
org.apache.hadoop.ozone.om.upgrade.OmUpgradeAction	hadoop-ozone/ozone-manager/src/main/java/org/apache/hadoop/ozone/om/upgrade/OmUpgradeAction.java	27	25~
org.apache.hadoop.ozone.om.upgrade.QuotaRepairUpgradeAction	hadoop-ozone/ozone-manager/src/main/java/org/apache/hadoop/ozone/om/upgrade/QuotaRepairUpgradeAction.java	55	25~
org.apache.hadoop.ozone.om.upgrade.OMLayoutVersionManager	hadoop-ozone/ozone-manager/src/main/java/org/apache/hadoop/ozone/om/upgrade/OMLayoutVersionManager.java	149	100~
org.apache.hadoop.ozone.om.upgrade.OMUpgradeFinalizer	hadoop-ozone/ozone-manager/src/main/java/org/apache/hadoop/ozone/om/upgrade/OMUpgradeFinalizer.java	42	25~
org.apache.hadoop.ozone.om.upgrade.UpgradeActionOm	hadoop-ozone/ozone-manager/src/main/java/org/apache/hadoop/ozone/om/upgrade/UpgradeActionOm.java	32	25~
org.apache.hadoop.ozone.om.upgrade.DisallowedUntilLayoutVersion	hadoop-ozone/ozone-manager/src/main/java/org/apache/hadoop/ozone/om/upgrade/DisallowedUntilLayoutVersion.java	34	25~
org.apache.hadoop.ozone.om.upgrade.OMLayoutFeature	hadoop-ozone/ozone-manager/src/main/java/org/apache/hadoop/ozone/om/upgrade/OMLayoutFeature.java	88	50~
org.apache.hadoop.ozone.om.OMDBCheckpointServletInodeBasedXfer	hadoop-ozone/ozone-manager/src/main/java/org/apache/hadoop/ozone/om/OMDBCheckpointServletInodeBasedXfer.java	630	375~
org.apache.hadoop.ozone.om.OMStarterInterface	hadoop-ozone/ozone-manager/src/main/java/org/apache/hadoop/ozone/om/OMStarterInterface.java	40	25~
org.apache.hadoop.ozone.om.SnapshotChainInfo	hadoop-ozone/ozone-manager/src/main/java/org/apache/hadoop/ozone/om/SnapshotChainInfo.java	87	50~
org.apache.hadoop.ozone.om.OmMetadataManagerImpl	hadoop-ozone/ozone-manager/src/main/java/org/apache/hadoop/ozone/om/OmMetadataManagerImpl.java	2110	1375~
org.apache.hadoop.ozone.om.response.DummyOMClientResponse	hadoop-ozone/ozone-manager/src/main/java/org/apache/hadoop/ozone/om/response/DummyOMClientResponse.java	42	25~
org.apache.hadoop.ozone.om.response.snapshot.OMSnapshotRenameResponse	hadoop-ozone/ozone-manager/src/main/java/org/apache/hadoop/ozone/om/response/snapshot/OMSnapshotRenameResponse.java	67	25~
org.apache.hadoop.ozone.om.response.snapshot.OMSnapshotPurgeResponse	hadoop-ozone/ozone-manager/src/main/java/org/apache/hadoop/ozone/om/response/snapshot/OMSnapshotPurgeResponse.java	136	75~
org.apache.hadoop.ozone.om.response.snapshot.OMSnapshotSetPropertyResponse	hadoop-ozone/ozone-manager/src/main/java/org/apache/hadoop/ozone/om/response/snapshot/OMSnapshotSetPropertyResponse.java	61	25~
org.apache.hadoop.ozone.om.response.snapshot.OMSnapshotMoveTableKeysResponse	hadoop-ozone/ozone-manager/src/main/java/org/apache/hadoop/ozone/om/response/snapshot/OMSnapshotMoveTableKeysResponse.java	179	100~
org.apache.hadoop.ozone.om.response.snapshot.OMSnapshotMoveDeletedKeysResponse	hadoop-ozone/ozone-manager/src/main/java/org/apache/hadoop/ozone/om/response/snapshot/OMSnapshotMoveDeletedKeysResponse.java	281	175~
org.apache.hadoop.ozone.om.response.snapshot.OMSnapshotCreateResponse	hadoop-ozone/ozone-manager/src/main/java/org/apache/hadoop/ozone/om/response/snapshot/OMSnapshotCreateResponse.java	79	25~
org.apache.hadoop.ozone.om.response.snapshot.OMSnapshotDeleteResponse	hadoop-ozone/ozone-manager/src/main/java/org/apache/hadoop/ozone/om/response/snapshot/OMSnapshotDeleteResponse.java	65	25~
org.apache.hadoop.ozone.om.response.s3.tenant.OMTenantRevokeUserAccessIdResponse	hadoop-ozone/ozone-manager/src/main/java/org/apache/hadoop/ozone/om/response/s3/tenant/OMTenantRevokeUserAccessIdResponse.java	98	50~
org.apache.hadoop.ozone.om.response.s3.tenant.OMTenantDeleteResponse	hadoop-ozone/ozone-manager/src/main/java/org/apache/hadoop/ozone/om/response/s3/tenant/OMTenantDeleteResponse.java	83	25~
org.apache.hadoop.ozone.om.response.s3.tenant.OMTenantAssignAdminResponse	hadoop-ozone/ozone-manager/src/main/java/org/apache/hadoop/ozone/om/response/s3/tenant/OMTenantAssignAdminResponse.java	73	25~
org.apache.hadoop.ozone.om.response.s3.tenant.OMTenantRevokeAdminResponse	hadoop-ozone/ozone-manager/src/main/java/org/apache/hadoop/ozone/om/response/s3/tenant/OMTenantRevokeAdminResponse.java	73	25~
org.apache.hadoop.ozone.om.response.s3.tenant.OMTenantCreateResponse	hadoop-ozone/ozone-manager/src/main/java/org/apache/hadoop/ozone/om/response/s3/tenant/OMTenantCreateResponse.java	95	50~
org.apache.hadoop.ozone.om.response.s3.tenant.OMTenantAssignUserAccessIdResponse	hadoop-ozone/ozone-manager/src/main/java/org/apache/hadoop/ozone/om/response/s3/tenant/OMTenantAssignUserAccessIdResponse.java	112	50~
org.apache.hadoop.ozone.om.response.s3.tenant.OMSetRangerServiceVersionResponse	hadoop-ozone/ozone-manager/src/main/java/org/apache/hadoop/ozone/om/response/s3/tenant/OMSetRangerServiceVersionResponse.java	68	25~
org.apache.hadoop.ozone.om.response.s3.security.S3RevokeSecretResponse	hadoop-ozone/ozone-manager/src/main/java/org/apache/hadoop/ozone/om/response/s3/security/S3RevokeSecretResponse.java	63	25~
org.apache.hadoop.ozone.om.response.s3.security.S3GetSecretResponse	hadoop-ozone/ozone-manager/src/main/java/org/apache/hadoop/ozone/om/response/s3/security/S3GetSecretResponse.java	70	25~
org.apache.hadoop.ozone.om.response.s3.security.OMSetSecretResponse	hadoop-ozone/ozone-manager/src/main/java/org/apache/hadoop/ozone/om/response/s3/security/OMSetSecretResponse.java	85	25~
org.apache.hadoop.ozone.om.response.s3.tagging.S3DeleteObjectTaggingResponse	hadoop-ozone/ozone-manager/src/main/java/org/apache/hadoop/ozone/om/response/s3/tagging/S3DeleteObjectTaggingResponse.java	72	25~
org.apache.hadoop.ozone.om.response.s3.tagging.S3PutObjectTaggingResponse	hadoop-ozone/ozone-manager/src/main/java/org/apache/hadoop/ozone/om/response/s3/tagging/S3PutObjectTaggingResponse.java	71	25~
org.apache.hadoop.ozone.om.response.s3.tagging.S3DeleteObjectTaggingResponseWithFSO	hadoop-ozone/ozone-manager/src/main/java/org/apache/hadoop/ozone/om/response/s3/tagging/S3DeleteObjectTaggingResponseWithFSO.java	71	25~
org.apache.hadoop.ozone.om.response.s3.tagging.S3PutObjectTaggingResponseWithFSO	hadoop-ozone/ozone-manager/src/main/java/org/apache/hadoop/ozone/om/response/s3/tagging/S3PutObjectTaggingResponseWithFSO.java	71	25~
org.apache.hadoop.ozone.om.response.s3.multipart.S3MultipartUploadAbortResponse	hadoop-ozone/ozone-manager/src/main/java/org/apache/hadoop/ozone/om/response/s3/multipart/S3MultipartUploadAbortResponse.java	96	50~
org.apache.hadoop.ozone.om.response.s3.multipart.S3InitiateMultipartUploadResponseWithFSO	hadoop-ozone/ozone-manager/src/main/java/org/apache/hadoop/ozone/om/response/s3/multipart/S3InitiateMultipartUploadResponseWithFSO.java	109	50~
org.apache.hadoop.ozone.om.response.s3.multipart.S3ExpiredMultipartUploadsAbortResponse	hadoop-ozone/ozone-manager/src/main/java/org/apache/hadoop/ozone/om/response/s3/multipart/S3ExpiredMultipartUploadsAbortResponse.java	78	25~
org.apache.hadoop.ozone.om.response.s3.multipart.S3InitiateMultipartUploadResponse	hadoop-ozone/ozone-manager/src/main/java/org/apache/hadoop/ozone/om/response/s3/multipart/S3InitiateMultipartUploadResponse.java	86	50~
org.apache.hadoop.ozone.om.response.s3.multipart.S3MultipartUploadCompleteResponse	hadoop-ozone/ozone-manager/src/main/java/org/apache/hadoop/ozone/om/response/s3/multipart/S3MultipartUploadCompleteResponse.java	153	75~
org.apache.hadoop.ozone.om.response.s3.multipart.S3MultipartUploadCommitPartResponse	hadoop-ozone/ozone-manager/src/main/java/org/apache/hadoop/ozone/om/response/s3/multipart/S3MultipartUploadCommitPartResponse.java	155	75~
org.apache.hadoop.ozone.om.response.s3.multipart.S3MultipartUploadCompleteResponseWithFSO	hadoop-ozone/ozone-manager/src/main/java/org/apache/hadoop/ozone/om/response/s3/multipart/S3MultipartUploadCompleteResponseWithFSO.java	147	75~
org.apache.hadoop.ozone.om.response.s3.multipart.AbstractS3MultipartAbortResponse	hadoop-ozone/ozone-manager/src/main/java/org/apache/hadoop/ozone/om/response/s3/multipart/AbstractS3MultipartAbortResponse.java	150	75~
org.apache.hadoop.ozone.om.response.s3.multipart.S3MultipartUploadCommitPartResponseWithFSO	hadoop-ozone/ozone-manager/src/main/java/org/apache/hadoop/ozone/om/response/s3/multipart/S3MultipartUploadCommitPartResponseWithFSO.java	68	25~
org.apache.hadoop.ozone.om.response.s3.multipart.S3MultipartUploadAbortResponseWithFSO	hadoop-ozone/ozone-manager/src/main/java/org/apache/hadoop/ozone/om/response/s3/multipart/S3MultipartUploadAbortResponseWithFSO.java	65	25~
org.apache.hadoop.ozone.om.response.upgrade.OMPrepareResponse	hadoop-ozone/ozone-manager/src/main/java/org/apache/hadoop/ozone/om/response/upgrade/OMPrepareResponse.java	58	25~
org.apache.hadoop.ozone.om.response.upgrade.OMCancelPrepareResponse	hadoop-ozone/ozone-manager/src/main/java/org/apache/hadoop/ozone/om/response/upgrade/OMCancelPrepareResponse.java	46	25~
org.apache.hadoop.ozone.om.response.upgrade.OMFinalizeUpgradeResponse	hadoop-ozone/ozone-manager/src/main/java/org/apache/hadoop/ozone/om/response/upgrade/OMFinalizeUpgradeResponse.java	58	25~
org.apache.hadoop.ozone.om.response.util.OMEchoRPCWriteResponse	hadoop-ozone/ozone-manager/src/main/java/org/apache/hadoop/ozone/om/response/util/OMEchoRPCWriteResponse.java	46	25~
org.apache.hadoop.ozone.om.response.file.OMRecoverLeaseResponse	hadoop-ozone/ozone-manager/src/main/java/org/apache/hadoop/ozone/om/response/file/OMRecoverLeaseResponse.java	74	25~
org.apache.hadoop.ozone.om.response.file.OMDirectoryCreateResponseWithFSO	hadoop-ozone/ozone-manager/src/main/java/org/apache/hadoop/ozone/om/response/file/OMDirectoryCreateResponseWithFSO.java	116	75~
org.apache.hadoop.ozone.om.response.file.OMDirectoryCreateResponse	hadoop-ozone/ozone-manager/src/main/java/org/apache/hadoop/ozone/om/response/file/OMDirectoryCreateResponse.java	101	50~
org.apache.hadoop.ozone.om.response.file.OMFileCreateResponse	hadoop-ozone/ozone-manager/src/main/java/org/apache/hadoop/ozone/om/response/file/OMFileCreateResponse.java	56	25~
org.apache.hadoop.ozone.om.response.file.OMFileCreateResponseWithFSO	hadoop-ozone/ozone-manager/src/main/java/org/apache/hadoop/ozone/om/response/file/OMFileCreateResponseWithFSO.java	104	50~
org.apache.hadoop.ozone.om.response.security.OMGetDelegationTokenResponse	hadoop-ozone/ozone-manager/src/main/java/org/apache/hadoop/ozone/om/response/security/OMGetDelegationTokenResponse.java	61	25~
org.apache.hadoop.ozone.om.response.security.OMRenewDelegationTokenResponse	hadoop-ozone/ozone-manager/src/main/java/org/apache/hadoop/ozone/om/response/security/OMRenewDelegationTokenResponse.java	60	25~
org.apache.hadoop.ozone.om.response.security.OMCancelDelegationTokenResponse	hadoop-ozone/ozone-manager/src/main/java/org/apache/hadoop/ozone/om/response/security/OMCancelDelegationTokenResponse.java	57	25~
org.apache.hadoop.ozone.om.response.lifecycle.OMLifecycleSetServiceStatusResponse	hadoop-ozone/ozone-manager/src/main/java/org/apache/hadoop/ozone/om/response/lifecycle/OMLifecycleSetServiceStatusResponse.java	46	25~
org.apache.hadoop.ozone.om.response.lifecycle.OMLifecycleConfigurationDeleteResponse	hadoop-ozone/ozone-manager/src/main/java/org/apache/hadoop/ozone/om/response/lifecycle/OMLifecycleConfigurationDeleteResponse.java	64	25~
org.apache.hadoop.ozone.om.response.lifecycle.OMLifecycleSaveScanStateResponse	hadoop-ozone/ozone-manager/src/main/java/org/apache/hadoop/ozone/om/response/lifecycle/OMLifecycleSaveScanStateResponse.java	51	25~
org.apache.hadoop.ozone.om.response.lifecycle.OMLifecycleConfigurationSetResponse	hadoop-ozone/ozone-manager/src/main/java/org/apache/hadoop/ozone/om/response/lifecycle/OMLifecycleConfigurationSetResponse.java	67	25~
org.apache.hadoop.ozone.om.response.key.OMKeyRenameResponse	hadoop-ozone/ozone-manager/src/main/java/org/apache/hadoop/ozone/om/response/key/OMKeyRenameResponse.java	110	50~
org.apache.hadoop.ozone.om.response.key.OMKeyPurgeResponse	hadoop-ozone/ozone-manager/src/main/java/org/apache/hadoop/ozone/om/response/key/OMKeyPurgeResponse.java	147	75~
org.apache.hadoop.ozone.om.response.key.OMOpenKeysDeleteResponse	hadoop-ozone/ozone-manager/src/main/java/org/apache/hadoop/ozone/om/response/key/OMOpenKeysDeleteResponse.java	80	25~
org.apache.hadoop.ozone.om.response.key.OMKeyCommitResponseWithFSO	hadoop-ozone/ozone-manager/src/main/java/org/apache/hadoop/ozone/om/response/key/OMKeyCommitResponseWithFSO.java	100	50~
org.apache.hadoop.ozone.om.response.key.OMKeysRenameResponse	hadoop-ozone/ozone-manager/src/main/java/org/apache/hadoop/ozone/om/response/key/OMKeysRenameResponse.java	106	50~
org.apache.hadoop.ozone.om.response.key.AbstractOMKeyDeleteResponse	hadoop-ozone/ozone-manager/src/main/java/org/apache/hadoop/ozone/om/response/key/AbstractOMKeyDeleteResponse.java	139	50~
org.apache.hadoop.ozone.om.response.key.OMKeyCreateResponse	hadoop-ozone/ozone-manager/src/main/java/org/apache/hadoop/ozone/om/response/key/OMKeyCreateResponse.java	118	50~
org.apache.hadoop.ozone.om.response.key.OMAllocateBlockResponse	hadoop-ozone/ozone-manager/src/main/java/org/apache/hadoop/ozone/om/response/key/OMAllocateBlockResponse.java	76	25~
org.apache.hadoop.ozone.om.response.key.OMKeyCommitResponse	hadoop-ozone/ozone-manager/src/main/java/org/apache/hadoop/ozone/om/response/key/OMKeyCommitResponse.java	157	100~
org.apache.hadoop.ozone.om.response.key.OMKeysDeleteResponseWithFSO	hadoop-ozone/ozone-manager/src/main/java/org/apache/hadoop/ozone/om/response/key/OMKeysDeleteResponseWithFSO.java	119	75~
org.apache.hadoop.ozone.om.response.key.OMKeySetTimesResponse	hadoop-ozone/ozone-manager/src/main/java/org/apache/hadoop/ozone/om/response/key/OMKeySetTimesResponse.java	75	25~
org.apache.hadoop.ozone.om.response.key.OMKeysDeleteResponse	hadoop-ozone/ozone-manager/src/main/java/org/apache/hadoop/ozone/om/response/key/OMKeysDeleteResponse.java	136	75~
org.apache.hadoop.ozone.om.response.key.OMKeyRenameResponseWithFSO	hadoop-ozone/ozone-manager/src/main/java/org/apache/hadoop/ozone/om/response/key/OMKeyRenameResponseWithFSO.java	139	75~
org.apache.hadoop.ozone.om.response.key.OMKeySetTimesResponseWithFSO	hadoop-ozone/ozone-manager/src/main/java/org/apache/hadoop/ozone/om/response/key/OMKeySetTimesResponseWithFSO.java	82	25~
org.apache.hadoop.ozone.om.response.key.OMKeyDeleteResponseWithFSO	hadoop-ozone/ozone-manager/src/main/java/org/apache/hadoop/ozone/om/response/key/OMKeyDeleteResponseWithFSO.java	129	75~
org.apache.hadoop.ozone.om.response.key.OMAllocateBlockResponseWithFSO	hadoop-ozone/ozone-manager/src/main/java/org/apache/hadoop/ozone/om/response/key/OMAllocateBlockResponseWithFSO.java	68	25~
org.apache.hadoop.ozone.om.response.key.OmKeyResponse	hadoop-ozone/ozone-manager/src/main/java/org/apache/hadoop/ozone/om/response/key/OmKeyResponse.java	46	25~
org.apache.hadoop.ozone.om.response.key.OMKeyCreateResponseWithFSO	hadoop-ozone/ozone-manager/src/main/java/org/apache/hadoop/ozone/om/response/key/OMKeyCreateResponseWithFSO.java	58	25~
org.apache.hadoop.ozone.om.response.key.acl.OMKeyAclResponse	hadoop-ozone/ozone-manager/src/main/java/org/apache/hadoop/ozone/om/response/key/acl/OMKeyAclResponse.java	80	25~
org.apache.hadoop.ozone.om.response.key.acl.prefix.OMPrefixAclResponse	hadoop-ozone/ozone-manager/src/main/java/org/apache/hadoop/ozone/om/response/key/acl/prefix/OMPrefixAclResponse.java	69	25~
org.apache.hadoop.ozone.om.response.key.acl.OMKeyAclResponseWithFSO	hadoop-ozone/ozone-manager/src/main/java/org/apache/hadoop/ozone/om/response/key/acl/OMKeyAclResponseWithFSO.java	81	25~
org.apache.hadoop.ozone.om.response.key.OMDirectoriesPurgeResponseWithFSO	hadoop-ozone/ozone-manager/src/main/java/org/apache/hadoop/ozone/om/response/key/OMDirectoriesPurgeResponseWithFSO.java	208	125~
org.apache.hadoop.ozone.om.response.key.OMKeyDeleteResponse	hadoop-ozone/ozone-manager/src/main/java/org/apache/hadoop/ozone/om/response/key/OMKeyDeleteResponse.java	110	50~
org.apache.hadoop.ozone.om.response.bucket.OMBucketSetOwnerResponse	hadoop-ozone/ozone-manager/src/main/java/org/apache/hadoop/ozone/om/response/bucket/OMBucketSetOwnerResponse.java	78	25~
org.apache.hadoop.ozone.om.response.bucket.OMBucketDeleteResponse	hadoop-ozone/ozone-manager/src/main/java/org/apache/hadoop/ozone/om/response/bucket/OMBucketDeleteResponse.java	102	50~
org.apache.hadoop.ozone.om.response.bucket.OMBucketSetPropertyResponse	hadoop-ozone/ozone-manager/src/main/java/org/apache/hadoop/ozone/om/response/bucket/OMBucketSetPropertyResponse.java	64	25~
org.apache.hadoop.ozone.om.response.bucket.acl.OMBucketAclResponse	hadoop-ozone/ozone-manager/src/main/java/org/apache/hadoop/ozone/om/response/bucket/acl/OMBucketAclResponse.java	69	25~
org.apache.hadoop.ozone.om.response.bucket.OMBucketCreateResponse	hadoop-ozone/ozone-manager/src/main/java/org/apache/hadoop/ozone/om/response/bucket/OMBucketCreateResponse.java	91	50~
org.apache.hadoop.ozone.om.response.CleanupTableInfo	hadoop-ozone/ozone-manager/src/main/java/org/apache/hadoop/ozone/om/response/CleanupTableInfo.java	51	25~
org.apache.hadoop.ozone.om.response.volume.OMVolumeCreateResponse	hadoop-ozone/ozone-manager/src/main/java/org/apache/hadoop/ozone/om/response/volume/OMVolumeCreateResponse.java	80	25~
org.apache.hadoop.ozone.om.response.volume.OMVolumeSetOwnerResponse	hadoop-ozone/ozone-manager/src/main/java/org/apache/hadoop/ozone/om/response/volume/OMVolumeSetOwnerResponse.java	102	50~
org.apache.hadoop.ozone.om.response.volume.OMVolumeAclOpResponse	hadoop-ozone/ozone-manager/src/main/java/org/apache/hadoop/ozone/om/response/volume/OMVolumeAclOpResponse.java	69	25~
org.apache.hadoop.ozone.om.response.volume.OMVolumeSetQuotaResponse	hadoop-ozone/ozone-manager/src/main/java/org/apache/hadoop/ozone/om/response/volume/OMVolumeSetQuotaResponse.java	62	25~
org.apache.hadoop.ozone.om.response.volume.OMVolumeDeleteResponse	hadoop-ozone/ozone-manager/src/main/java/org/apache/hadoop/ozone/om/response/volume/OMVolumeDeleteResponse.java	75	25~
org.apache.hadoop.ozone.om.response.volume.OMQuotaRepairResponse	hadoop-ozone/ozone-manager/src/main/java/org/apache/hadoop/ozone/om/response/volume/OMQuotaRepairResponse.java	71	25~
org.apache.hadoop.ozone.om.response.OMClientResponse	hadoop-ozone/ozone-manager/src/main/java/org/apache/hadoop/ozone/om/response/OMClientResponse.java	90	25~
org.apache.hadoop.ozone.om.OmSnapshot	hadoop-ozone/ozone-manager/src/main/java/org/apache/hadoop/ozone/om/OmSnapshot.java	354	225~
org.apache.hadoop.ozone.om.BucketManager	hadoop-ozone/ozone-manager/src/main/java/org/apache/hadoop/ozone/om/BucketManager.java	63	25~
org.apache.hadoop.ozone.om.OMStorage	hadoop-ozone/ozone-manager/src/main/java/org/apache/hadoop/ozone/om/OMStorage.java	279	100~
org.apache.hadoop.ozone.om.OmSnapshotLocalData	hadoop-ozone/ozone-manager/src/main/java/org/apache/hadoop/ozone/om/OmSnapshotLocalData.java	354	175~
org.apache.hadoop.ozone.om.SstFilteringService	hadoop-ozone/ozone-manager/src/main/java/org/apache/hadoop/ozone/om/SstFilteringService.java	299	175~
org.apache.hadoop.ozone.om.OmSnapshotManager	hadoop-ozone/ozone-manager/src/main/java/org/apache/hadoop/ozone/om/OmSnapshotManager.java	1180	775~
org.apache.hadoop.ozone.om.TrashPolicyOzone	hadoop-ozone/ozone-manager/src/main/java/org/apache/hadoop/ozone/om/TrashPolicyOzone.java	309	225~
org.apache.hadoop.ozone.om.VolumeManagerImpl	hadoop-ozone/ozone-manager/src/main/java/org/apache/hadoop/ozone/om/VolumeManagerImpl.java	161	100~
org.apache.hadoop.ozone.om.codec.TokenIdentifierCodec	hadoop-ozone/ozone-manager/src/main/java/org/apache/hadoop/ozone/om/codec/TokenIdentifierCodec.java	70	25~
org.apache.hadoop.ozone.om.codec.OMDBDefinition	hadoop-ozone/ozone-manager/src/main/java/org/apache/hadoop/ozone/om/codec/OMDBDefinition.java	404	175~
org.apache.hadoop.ozone.om.S3SecretManager	hadoop-ozone/ozone-manager/src/main/java/org/apache/hadoop/ozone/om/S3SecretManager.java	122	50~
org.apache.hadoop.ozone.om.SnapshotChainManager	hadoop-ozone/ozone-manager/src/main/java/org/apache/hadoop/ozone/om/SnapshotChainManager.java	623	450~
org.apache.hadoop.ozone.om.IOzoneAcl	hadoop-ozone/ozone-manager/src/main/java/org/apache/hadoop/ozone/om/IOzoneAcl.java	49	25~
org.apache.hadoop.ozone.om.PendingKeysDeletion	hadoop-ozone/ozone-manager/src/main/java/org/apache/hadoop/ozone/om/PendingKeysDeletion.java	129	75~
org.apache.hadoop.ozone.om.lock.PoolBasedHierarchicalResourceLockManager	hadoop-ozone/ozone-manager/src/main/java/org/apache/hadoop/ozone/om/lock/PoolBasedHierarchicalResourceLockManager.java	286	175~
org.apache.hadoop.ozone.om.lock.OBSKeyPathLockStrategy	hadoop-ozone/ozone-manager/src/main/java/org/apache/hadoop/ozone/om/lock/OBSKeyPathLockStrategy.java	92	50~
org.apache.hadoop.ozone.om.lock.ReadOnlyHierarchicalResourceLockManager	hadoop-ozone/ozone-manager/src/main/java/org/apache/hadoop/ozone/om/lock/ReadOnlyHierarchicalResourceLockManager.java	75	50~
org.apache.hadoop.ozone.om.lock.LeveledResourceLockTracker	hadoop-ozone/ozone-manager/src/main/java/org/apache/hadoop/ozone/om/lock/LeveledResourceLockTracker.java	100	50~
org.apache.hadoop.ozone.om.lock.OmReadOnlyLock	hadoop-ozone/ozone-manager/src/main/java/org/apache/hadoop/ozone/om/lock/OmReadOnlyLock.java	118	75~
org.apache.hadoop.ozone.om.lock.ResourceLockTracker	hadoop-ozone/ozone-manager/src/main/java/org/apache/hadoop/ozone/om/lock/ResourceLockTracker.java	57	25~
org.apache.hadoop.ozone.om.lock.RegularBucketLockStrategy	hadoop-ozone/ozone-manager/src/main/java/org/apache/hadoop/ozone/om/lock/RegularBucketLockStrategy.java	65	25~
org.apache.hadoop.ozone.om.lock.DAGResourceLockTracker	hadoop-ozone/ozone-manager/src/main/java/org/apache/hadoop/ozone/om/lock/DAGResourceLockTracker.java	174	100~
org.apache.hadoop.ozone.om.lock.OzoneManagerLock	hadoop-ozone/ozone-manager/src/main/java/org/apache/hadoop/ozone/om/lock/OzoneManagerLock.java	773	375~
org.apache.hadoop.ozone.om.lock.OzoneLockStrategy	hadoop-ozone/ozone-manager/src/main/java/org/apache/hadoop/ozone/om/lock/OzoneLockStrategy.java	45	25~
org.apache.hadoop.ozone.om.lock.OzoneLockProvider	hadoop-ozone/ozone-manager/src/main/java/org/apache/hadoop/ozone/om/lock/OzoneLockProvider.java	52	25~
org.apache.hadoop.ozone.om.OMPolicyProvider	hadoop-ozone/ozone-manager/src/main/java/org/apache/hadoop/ozone/om/OMPolicyProvider.java	75	25~
org.apache.hadoop.ozone.om.S3SecretStore	hadoop-ozone/ozone-manager/src/main/java/org/apache/hadoop/ozone/om/S3SecretStore.java	56	25~
org.apache.hadoop.ozone.om.OzoneManagerServiceGrpc	hadoop-ozone/ozone-manager/src/main/java/org/apache/hadoop/ozone/om/OzoneManagerServiceGrpc.java	92	50~
org.apache.hadoop.ozone.om.OmMetricsInfo	hadoop-ozone/ozone-manager/src/main/java/org/apache/hadoop/ozone/om/OmMetricsInfo.java	42	25~
org.apache.hadoop.ozone.om.OzonePrefixPathImpl	hadoop-ozone/ozone-manager/src/main/java/org/apache/hadoop/ozone/om/OzonePrefixPathImpl.java	182	100~
org.apache.hadoop.ozone.om.OzoneConfigUtil	hadoop-ozone/ozone-manager/src/main/java/org/apache/hadoop/ozone/om/OzoneConfigUtil.java	90	50~
org.apache.hadoop.ozone.om.OzoneManager	hadoop-ozone/ozone-manager/src/main/java/org/apache/hadoop/ozone/om/OzoneManager.java	5823	4050~
org.apache.hadoop.ozone.om.OzoneListStatusHelper	hadoop-ozone/ozone-manager/src/main/java/org/apache/hadoop/ozone/om/OzoneListStatusHelper.java	320	225~
org.apache.hadoop.ozone.om.ServiceListJSONServlet	hadoop-ozone/ozone-manager/src/main/java/org/apache/hadoop/ozone/om/ServiceListJSONServlet.java	100	25~
org.apache.hadoop.ozone.om.S3InMemoryCache	hadoop-ozone/ozone-manager/src/main/java/org/apache/hadoop/ozone/om/S3InMemoryCache.java	88	25~
org.apache.hadoop.ozone.om.ratis.OzoneManagerStateMachine	hadoop-ozone/ozone-manager/src/main/java/org/apache/hadoop/ozone/om/ratis/OzoneManagerStateMachine.java	774	500~
org.apache.hadoop.ozone.om.ratis.OzoneManagerRatisServer	hadoop-ozone/ozone-manager/src/main/java/org/apache/hadoop/ozone/om/ratis/OzoneManagerRatisServer.java	1000	600~
org.apache.hadoop.ozone.om.ratis.utils.OzoneManagerRatisUtils	hadoop-ozone/ozone-manager/src/main/java/org/apache/hadoop/ozone/om/ratis/utils/OzoneManagerRatisUtils.java	547	350~
org.apache.hadoop.ozone.om.ratis.OzoneManagerDoubleBufferMetrics	hadoop-ozone/ozone-manager/src/main/java/org/apache/hadoop/ozone/om/ratis/OzoneManagerDoubleBufferMetrics.java	149	100~
org.apache.hadoop.ozone.om.ratis.OzoneManagerDoubleBuffer	hadoop-ozone/ozone-manager/src/main/java/org/apache/hadoop/ozone/om/ratis/OzoneManagerDoubleBuffer.java	684	400~
org.apache.hadoop.ozone.om.ratis.OzoneManagerRatisServerConfig	hadoop-ozone/ozone-manager/src/main/java/org/apache/hadoop/ozone/om/ratis/OzoneManagerRatisServerConfig.java	107	50~
org.apache.hadoop.ozone.om.OmSnapshotMetrics	hadoop-ozone/ozone-manager/src/main/java/org/apache/hadoop/ozone/om/OmSnapshotMetrics.java	167	125~
org.apache.hadoop.ozone.om.OMDBCheckpointServlet	hadoop-ozone/ozone-manager/src/main/java/org/apache/hadoop/ozone/om/OMDBCheckpointServlet.java	714	475~
org.apache.hadoop.ozone.om.GrpcOzoneManagerServer	hadoop-ozone/ozone-manager/src/main/java/org/apache/hadoop/ozone/om/GrpcOzoneManagerServer.java	206	125~
org.apache.hadoop.ozone.om.BucketUtilizationMetrics	hadoop-ozone/ozone-manager/src/main/java/org/apache/hadoop/ozone/om/BucketUtilizationMetrics.java	119	50~
org.apache.hadoop.ozone.om.execution.flowcontrol.ExecutionContext	hadoop-ozone/ozone-manager/src/main/java/org/apache/hadoop/ozone/om/execution/flowcontrol/ExecutionContext.java	48	25~
org.apache.hadoop.ozone.om.execution.OMExecutionFlow	hadoop-ozone/ozone-manager/src/main/java/org/apache/hadoop/ozone/om/execution/OMExecutionFlow.java	86	25~
org.apache.hadoop.ozone.om.KeyManager	hadoop-ozone/ozone-manager/src/main/java/org/apache/hadoop/ozone/om/KeyManager.java	398	75~
org.apache.hadoop.ozone.om.ha.OMServiceManager	hadoop-ozone/ozone-manager/src/main/java/org/apache/hadoop/ozone/om/ha/OMServiceManager.java	77	25~
org.apache.hadoop.ozone.om.ha.OMServiceException	hadoop-ozone/ozone-manager/src/main/java/org/apache/hadoop/ozone/om/ha/OMServiceException.java	40	25~
org.apache.hadoop.ozone.om.ha.OMHAMetrics	hadoop-ozone/ozone-manager/src/main/java/org/apache/hadoop/ozone/om/ha/OMHAMetrics.java	132	75~
org.apache.hadoop.ozone.om.ha.OMPeriodicMetrics	hadoop-ozone/ozone-manager/src/main/java/org/apache/hadoop/ozone/om/ha/OMPeriodicMetrics.java	131	75~
org.apache.hadoop.ozone.om.ha.OMService	hadoop-ozone/ozone-manager/src/main/java/org/apache/hadoop/ozone/om/ha/OMService.java	61	25~
org.apache.hadoop.ozone.om.ha.OMHANodeDetails	hadoop-ozone/ozone-manager/src/main/java/org/apache/hadoop/ozone/om/ha/OMHANodeDetails.java	333	200~
org.apache.hadoop.ozone.om.BucketManagerImpl	hadoop-ozone/ozone-manager/src/main/java/org/apache/hadoop/ozone/om/BucketManagerImpl.java	203	125~
org.apache.hadoop.ozone.om.OmMetadataReader	hadoop-ozone/ozone-manager/src/main/java/org/apache/hadoop/ozone/om/OmMetadataReader.java	711	525~
org.apache.hadoop.ozone.om.PrefixManager	hadoop-ozone/ozone-manager/src/main/java/org/apache/hadoop/ozone/om/PrefixManager.java	45	25~
org.apache.hadoop.ozone.om.OzoneTrash	hadoop-ozone/ozone-manager/src/main/java/org/apache/hadoop/ozone/om/OzoneTrash.java	44	25~
org.apache.hadoop.ozone.om.ServiceInfoProvider	hadoop-ozone/ozone-manager/src/main/java/org/apache/hadoop/ozone/om/ServiceInfoProvider.java	161	75~
org.apache.hadoop.ozone.om.PrefixManagerImpl	hadoop-ozone/ozone-manager/src/main/java/org/apache/hadoop/ozone/om/PrefixManagerImpl.java	397	250~
org.apache.hadoop.ozone.om.request.OMClientRequest	hadoop-ozone/ozone-manager/src/main/java/org/apache/hadoop/ozone/om/request/OMClientRequest.java	578	325~
org.apache.hadoop.ozone.om.request.snapshot.OMSnapshotDeleteRequest	hadoop-ozone/ozone-manager/src/main/java/org/apache/hadoop/ozone/om/request/snapshot/OMSnapshotDeleteRequest.java	249	125~
org.apache.hadoop.ozone.om.request.snapshot.OMSnapshotCreateRequest	hadoop-ozone/ozone-manager/src/main/java/org/apache/hadoop/ozone/om/request/snapshot/OMSnapshotCreateRequest.java	347	175~
org.apache.hadoop.ozone.om.request.snapshot.OMSnapshotMoveTableKeysRequest	hadoop-ozone/ozone-manager/src/main/java/org/apache/hadoop/ozone/om/request/snapshot/OMSnapshotMoveTableKeysRequest.java	267	175~
org.apache.hadoop.ozone.om.request.snapshot.OMSnapshotSetPropertyRequest	hadoop-ozone/ozone-manager/src/main/java/org/apache/hadoop/ozone/om/request/snapshot/OMSnapshotSetPropertyRequest.java	192	125~
org.apache.hadoop.ozone.om.request.snapshot.OMSnapshotMoveDeletedKeysRequest	hadoop-ozone/ozone-manager/src/main/java/org/apache/hadoop/ozone/om/request/snapshot/OMSnapshotMoveDeletedKeysRequest.java	105	50~
org.apache.hadoop.ozone.om.request.snapshot.OMSnapshotMoveUtils	hadoop-ozone/ozone-manager/src/main/java/org/apache/hadoop/ozone/om/request/snapshot/OMSnapshotMoveUtils.java	56	25~
org.apache.hadoop.ozone.om.request.snapshot.OMSnapshotPurgeRequest	hadoop-ozone/ozone-manager/src/main/java/org/apache/hadoop/ozone/om/request/snapshot/OMSnapshotPurgeRequest.java	265	150~
org.apache.hadoop.ozone.om.request.snapshot.OMSnapshotRenameRequest	hadoop-ozone/ozone-manager/src/main/java/org/apache/hadoop/ozone/om/request/snapshot/OMSnapshotRenameRequest.java	252	150~
org.apache.hadoop.ozone.om.request.OMClientRequestUtils	hadoop-ozone/ozone-manager/src/main/java/org/apache/hadoop/ozone/om/request/OMClientRequestUtils.java	114	75~
org.apache.hadoop.ozone.om.request.s3.tenant.OMTenantDeleteRequest	hadoop-ozone/ozone-manager/src/main/java/org/apache/hadoop/ozone/om/request/s3/tenant/OMTenantDeleteRequest.java	269	150~
org.apache.hadoop.ozone.om.request.s3.tenant.OMSetRangerServiceVersionRequest	hadoop-ozone/ozone-manager/src/main/java/org/apache/hadoop/ozone/om/request/s3/tenant/OMSetRangerServiceVersionRequest.java	73	25~
org.apache.hadoop.ozone.om.request.s3.tenant.OMTenantCreateRequest	hadoop-ozone/ozone-manager/src/main/java/org/apache/hadoop/ozone/om/request/s3/tenant/OMTenantCreateRequest.java	414	225~
org.apache.hadoop.ozone.om.request.s3.tenant.OMTenantRevokeUserAccessIdRequest	hadoop-ozone/ozone-manager/src/main/java/org/apache/hadoop/ozone/om/request/s3/tenant/OMTenantRevokeUserAccessIdRequest.java	258	150~
org.apache.hadoop.ozone.om.request.s3.tenant.OMTenantAssignAdminRequest	hadoop-ozone/ozone-manager/src/main/java/org/apache/hadoop/ozone/om/request/s3/tenant/OMTenantAssignAdminRequest.java	249	150~
org.apache.hadoop.ozone.om.request.s3.tenant.OMTenantRevokeAdminRequest	hadoop-ozone/ozone-manager/src/main/java/org/apache/hadoop/ozone/om/request/s3/tenant/OMTenantRevokeAdminRequest.java	238	125~
org.apache.hadoop.ozone.om.request.s3.tenant.OMTenantAssignUserAccessIdRequest	hadoop-ozone/ozone-manager/src/main/java/org/apache/hadoop/ozone/om/request/s3/tenant/OMTenantAssignUserAccessIdRequest.java	363	200~
org.apache.hadoop.ozone.om.request.s3.security.S3SecretRequestHelper	hadoop-ozone/ozone-manager/src/main/java/org/apache/hadoop/ozone/om/request/s3/security/S3SecretRequestHelper.java	128	50~
org.apache.hadoop.ozone.om.request.s3.security.S3GetSecretRequest	hadoop-ozone/ozone-manager/src/main/java/org/apache/hadoop/ozone/om/request/s3/security/S3GetSecretRequest.java	236	125~
org.apache.hadoop.ozone.om.request.s3.security.OMSetSecretRequest	hadoop-ozone/ozone-manager/src/main/java/org/apache/hadoop/ozone/om/request/s3/security/OMSetSecretRequest.java	160	75~
org.apache.hadoop.ozone.om.request.s3.security.S3RevokeSecretRequest	hadoop-ozone/ozone-manager/src/main/java/org/apache/hadoop/ozone/om/request/s3/security/S3RevokeSecretRequest.java	134	75~
org.apache.hadoop.ozone.om.request.s3.tagging.S3DeleteObjectTaggingRequestWithFSO	hadoop-ozone/ozone-manager/src/main/java/org/apache/hadoop/ozone/om/request/s3/tagging/S3DeleteObjectTaggingRequestWithFSO.java	173	100~
org.apache.hadoop.ozone.om.request.s3.tagging.S3PutObjectTaggingRequest	hadoop-ozone/ozone-manager/src/main/java/org/apache/hadoop/ozone/om/request/s3/tagging/S3PutObjectTaggingRequest.java	190	100~
org.apache.hadoop.ozone.om.request.s3.tagging.S3DeleteObjectTaggingRequest	hadoop-ozone/ozone-manager/src/main/java/org/apache/hadoop/ozone/om/request/s3/tagging/S3DeleteObjectTaggingRequest.java	192	100~
org.apache.hadoop.ozone.om.request.s3.tagging.S3PutBucketTaggingRequest	hadoop-ozone/ozone-manager/src/main/java/org/apache/hadoop/ozone/om/request/s3/tagging/S3PutBucketTaggingRequest.java	129	50~
org.apache.hadoop.ozone.om.request.s3.tagging.S3PutObjectTaggingRequestWithFSO	hadoop-ozone/ozone-manager/src/main/java/org/apache/hadoop/ozone/om/request/s3/tagging/S3PutObjectTaggingRequestWithFSO.java	173	100~
org.apache.hadoop.ozone.om.request.s3.tagging.S3DeleteBucketTaggingRequest	hadoop-ozone/ozone-manager/src/main/java/org/apache/hadoop/ozone/om/request/s3/tagging/S3DeleteBucketTaggingRequest.java	132	50~
org.apache.hadoop.ozone.om.request.s3.tagging.S3BucketTaggingRequestBase	hadoop-ozone/ozone-manager/src/main/java/org/apache/hadoop/ozone/om/request/s3/tagging/S3BucketTaggingRequestBase.java	183	100~
org.apache.hadoop.ozone.om.request.s3.multipart.S3InitiateMultipartUploadRequest	hadoop-ozone/ozone-manager/src/main/java/org/apache/hadoop/ozone/om/request/s3/multipart/S3InitiateMultipartUploadRequest.java	373	225~
org.apache.hadoop.ozone.om.request.s3.multipart.S3MultipartUploadAbortRequestWithFSO	hadoop-ozone/ozone-manager/src/main/java/org/apache/hadoop/ozone/om/request/s3/multipart/S3MultipartUploadAbortRequestWithFSO.java	67	25~
org.apache.hadoop.ozone.om.request.s3.multipart.S3MultipartUploadCompleteRequestWithFSO	hadoop-ozone/ozone-manager/src/main/java/org/apache/hadoop/ozone/om/request/s3/multipart/S3MultipartUploadCompleteRequestWithFSO.java	183	100~
org.apache.hadoop.ozone.om.request.s3.multipart.S3MultipartUploadCompleteRequest	hadoop-ozone/ozone-manager/src/main/java/org/apache/hadoop/ozone/om/request/s3/multipart/S3MultipartUploadCompleteRequest.java	825	600~
org.apache.hadoop.ozone.om.request.s3.multipart.S3ExpiredMultipartUploadsAbortRequest	hadoop-ozone/ozone-manager/src/main/java/org/apache/hadoop/ozone/om/request/s3/multipart/S3ExpiredMultipartUploadsAbortRequest.java	364	225~
org.apache.hadoop.ozone.om.request.s3.multipart.S3MultipartUploadAbortRequest	hadoop-ozone/ozone-manager/src/main/java/org/apache/hadoop/ozone/om/request/s3/multipart/S3MultipartUploadAbortRequest.java	340	225~
org.apache.hadoop.ozone.om.request.s3.multipart.S3MultipartUploadCommitPartRequestWithFSO	hadoop-ozone/ozone-manager/src/main/java/org/apache/hadoop/ozone/om/request/s3/multipart/S3MultipartUploadCommitPartRequestWithFSO.java	85	50~
org.apache.hadoop.ozone.om.request.s3.multipart.S3MultipartUploadCommitPartRequest	hadoop-ozone/ozone-manager/src/main/java/org/apache/hadoop/ozone/om/request/s3/multipart/S3MultipartUploadCommitPartRequest.java	470	300~
org.apache.hadoop.ozone.om.request.s3.multipart.S3InitiateMultipartUploadRequestWithFSO	hadoop-ozone/ozone-manager/src/main/java/org/apache/hadoop/ozone/om/request/s3/multipart/S3InitiateMultipartUploadRequestWithFSO.java	264	150~
org.apache.hadoop.ozone.om.request.upgrade.OMCancelPrepareRequest	hadoop-ozone/ozone-manager/src/main/java/org/apache/hadoop/ozone/om/request/upgrade/OMCancelPrepareRequest.java	102	50~
org.apache.hadoop.ozone.om.request.upgrade.OMPrepareRequest	hadoop-ozone/ozone-manager/src/main/java/org/apache/hadoop/ozone/om/request/upgrade/OMPrepareRequest.java	273	150~
org.apache.hadoop.ozone.om.request.upgrade.OMFinalizeUpgradeRequest	hadoop-ozone/ozone-manager/src/main/java/org/apache/hadoop/ozone/om/request/upgrade/OMFinalizeUpgradeRequest.java	120	50~
org.apache.hadoop.ozone.om.request.util.OmResponseUtil	hadoop-ozone/ozone-manager/src/main/java/org/apache/hadoop/ozone/om/request/util/OmResponseUtil.java	44	25~
org.apache.hadoop.ozone.om.request.util.AclOp	hadoop-ozone/ozone-manager/src/main/java/org/apache/hadoop/ozone/om/request/util/AclOp.java	30	25~
org.apache.hadoop.ozone.om.request.util.ObjectParser	hadoop-ozone/ozone-manager/src/main/java/org/apache/hadoop/ozone/om/request/util/ObjectParser.java	72	25~
org.apache.hadoop.ozone.om.request.util.OMMultipartUploadUtils	hadoop-ozone/ozone-manager/src/main/java/org/apache/hadoop/ozone/om/request/util/OMMultipartUploadUtils.java	217	100~
org.apache.hadoop.ozone.om.request.util.OmKeyHSyncUtil	hadoop-ozone/ozone-manager/src/main/java/org/apache/hadoop/ozone/om/request/util/OmKeyHSyncUtil.java	56	25~
org.apache.hadoop.ozone.om.request.util.OMEchoRPCWriteRequest	hadoop-ozone/ozone-manager/src/main/java/org/apache/hadoop/ozone/om/request/util/OMEchoRPCWriteRequest.java	58	25~
org.apache.hadoop.ozone.om.request.file.OMDirectoryCreateRequestWithFSO	hadoop-ozone/ozone-manager/src/main/java/org/apache/hadoop/ozone/om/request/file/OMDirectoryCreateRequestWithFSO.java	227	125~
org.apache.hadoop.ozone.om.request.file.OMDirectoryCreateRequest	hadoop-ozone/ozone-manager/src/main/java/org/apache/hadoop/ozone/om/request/file/OMDirectoryCreateRequest.java	316	200~
org.apache.hadoop.ozone.om.request.file.OMRecoverLeaseRequest	hadoop-ozone/ozone-manager/src/main/java/org/apache/hadoop/ozone/om/request/file/OMRecoverLeaseRequest.java	284	175~
org.apache.hadoop.ozone.om.request.file.OMFileCreateRequest	hadoop-ozone/ozone-manager/src/main/java/org/apache/hadoop/ozone/om/request/file/OMFileCreateRequest.java	429	250~
org.apache.hadoop.ozone.om.request.file.OMFileCreateRequestWithFSO	hadoop-ozone/ozone-manager/src/main/java/org/apache/hadoop/ozone/om/request/file/OMFileCreateRequestWithFSO.java	261	150~
org.apache.hadoop.ozone.om.request.file.OMFileRequest	hadoop-ozone/ozone-manager/src/main/java/org/apache/hadoop/ozone/om/request/file/OMFileRequest.java	1106	600~
org.apache.hadoop.ozone.om.request.security.OMCancelDelegationTokenRequest	hadoop-ozone/ozone-manager/src/main/java/org/apache/hadoop/ozone/om/request/security/OMCancelDelegationTokenRequest.java	145	75~
org.apache.hadoop.ozone.om.request.security.OMGetDelegationTokenRequest	hadoop-ozone/ozone-manager/src/main/java/org/apache/hadoop/ozone/om/request/security/OMGetDelegationTokenRequest.java	208	100~
org.apache.hadoop.ozone.om.request.security.OMRenewDelegationTokenRequest	hadoop-ozone/ozone-manager/src/main/java/org/apache/hadoop/ozone/om/request/security/OMRenewDelegationTokenRequest.java	194	100~
org.apache.hadoop.ozone.om.request.lifecycle.OMLifecycleConfigurationDeleteRequest	hadoop-ozone/ozone-manager/src/main/java/org/apache/hadoop/ozone/om/request/lifecycle/OMLifecycleConfigurationDeleteRequest.java	209	125~
org.apache.hadoop.ozone.om.request.lifecycle.OMLifecycleConfigurationSetRequest	hadoop-ozone/ozone-manager/src/main/java/org/apache/hadoop/ozone/om/request/lifecycle/OMLifecycleConfigurationSetRequest.java	238	150~
org.apache.hadoop.ozone.om.request.lifecycle.OMLifecycleSaveScanStateRequest	hadoop-ozone/ozone-manager/src/main/java/org/apache/hadoop/ozone/om/request/lifecycle/OMLifecycleSaveScanStateRequest.java	74	25~
org.apache.hadoop.ozone.om.request.lifecycle.OMLifecycleSetServiceStatusRequest	hadoop-ozone/ozone-manager/src/main/java/org/apache/hadoop/ozone/om/request/lifecycle/OMLifecycleSetServiceStatusRequest.java	125	75~
org.apache.hadoop.ozone.om.request.key.OMKeyCreateRequest	hadoop-ozone/ozone-manager/src/main/java/org/apache/hadoop/ozone/om/request/key/OMKeyCreateRequest.java	461	275~
org.apache.hadoop.ozone.om.request.key.OMKeyDeleteRequest	hadoop-ozone/ozone-manager/src/main/java/org/apache/hadoop/ozone/om/request/key/OMKeyDeleteRequest.java	270	150~
org.apache.hadoop.ozone.om.request.key.OMKeyRequest	hadoop-ozone/ozone-manager/src/main/java/org/apache/hadoop/ozone/om/request/key/OMKeyRequest.java	1438	850~
org.apache.hadoop.ozone.om.request.key.OMKeysRenameRequest	hadoop-ozone/ozone-manager/src/main/java/org/apache/hadoop/ozone/om/request/key/OMKeysRenameRequest.java	317	175~
org.apache.hadoop.ozone.om.request.key.OMKeyDeleteRequestWithFSO	hadoop-ozone/ozone-manager/src/main/java/org/apache/hadoop/ozone/om/request/key/OMKeyDeleteRequestWithFSO.java	250	150~
org.apache.hadoop.ozone.om.request.key.OMKeysDeleteRequest	hadoop-ozone/ozone-manager/src/main/java/org/apache/hadoop/ozone/om/request/key/OMKeysDeleteRequest.java	487	325~
org.apache.hadoop.ozone.om.request.key.OMKeyCreateRequestWithFSO	hadoop-ozone/ozone-manager/src/main/java/org/apache/hadoop/ozone/om/request/key/OMKeyCreateRequestWithFSO.java	270	150~
org.apache.hadoop.ozone.om.request.key.OMKeyCommitRequest	hadoop-ozone/ozone-manager/src/main/java/org/apache/hadoop/ozone/om/request/key/OMKeyCommitRequest.java	644	425~
org.apache.hadoop.ozone.om.request.key.OMAllocateBlockRequestWithFSO	hadoop-ozone/ozone-manager/src/main/java/org/apache/hadoop/ozone/om/request/key/OMAllocateBlockRequestWithFSO.java	90	50~
org.apache.hadoop.ozone.om.request.key.OMAllocateBlockRequest	hadoop-ozone/ozone-manager/src/main/java/org/apache/hadoop/ozone/om/request/key/OMAllocateBlockRequest.java	355	200~
org.apache.hadoop.ozone.om.request.key.OMKeySetTimesRequestWithFSO	hadoop-ozone/ozone-manager/src/main/java/org/apache/hadoop/ozone/om/request/key/OMKeySetTimesRequestWithFSO.java	161	100~
org.apache.hadoop.ozone.om.request.key.OMKeySetTimesRequest	hadoop-ozone/ozone-manager/src/main/java/org/apache/hadoop/ozone/om/request/key/OMKeySetTimesRequest.java	263	175~
org.apache.hadoop.ozone.om.request.key.OMKeyPurgeRequest	hadoop-ozone/ozone-manager/src/main/java/org/apache/hadoop/ozone/om/request/key/OMKeyPurgeRequest.java	218	125~
org.apache.hadoop.ozone.om.request.key.OMKeyRenameRequest	hadoop-ozone/ozone-manager/src/main/java/org/apache/hadoop/ozone/om/request/key/OMKeyRenameRequest.java	303	175~
org.apache.hadoop.ozone.om.request.key.OMDirectoriesPurgeRequestWithFSO	hadoop-ozone/ozone-manager/src/main/java/org/apache/hadoop/ozone/om/request/key/OMDirectoriesPurgeRequestWithFSO.java	329	225~
org.apache.hadoop.ozone.om.request.key.OmKeysDeleteRequestWithFSO	hadoop-ozone/ozone-manager/src/main/java/org/apache/hadoop/ozone/om/request/key/OmKeysDeleteRequestWithFSO.java	187	125~
org.apache.hadoop.ozone.om.request.key.acl.OMKeySetAclRequestWithFSO	hadoop-ozone/ozone-manager/src/main/java/org/apache/hadoop/ozone/om/request/key/acl/OMKeySetAclRequestWithFSO.java	155	100~
org.apache.hadoop.ozone.om.request.key.acl.prefix.OMPrefixAclRequest	hadoop-ozone/ozone-manager/src/main/java/org/apache/hadoop/ozone/om/request/key/acl/prefix/OMPrefixAclRequest.java	232	100~
org.apache.hadoop.ozone.om.request.key.acl.prefix.OMPrefixAddAclRequest	hadoop-ozone/ozone-manager/src/main/java/org/apache/hadoop/ozone/om/request/key/acl/prefix/OMPrefixAddAclRequest.java	129	75~
org.apache.hadoop.ozone.om.request.key.acl.prefix.OMPrefixRemoveAclRequest	hadoop-ozone/ozone-manager/src/main/java/org/apache/hadoop/ozone/om/request/key/acl/prefix/OMPrefixRemoveAclRequest.java	131	75~
org.apache.hadoop.ozone.om.request.key.acl.prefix.OMPrefixSetAclRequest	hadoop-ozone/ozone-manager/src/main/java/org/apache/hadoop/ozone/om/request/key/acl/prefix/OMPrefixSetAclRequest.java	128	75~
org.apache.hadoop.ozone.om.request.key.acl.OMKeyRemoveAclRequest	hadoop-ozone/ozone-manager/src/main/java/org/apache/hadoop/ozone/om/request/key/acl/OMKeyRemoveAclRequest.java	189	100~
org.apache.hadoop.ozone.om.request.key.acl.OMKeyAddAclRequest	hadoop-ozone/ozone-manager/src/main/java/org/apache/hadoop/ozone/om/request/key/acl/OMKeyAddAclRequest.java	187	100~
org.apache.hadoop.ozone.om.request.key.acl.OMKeyAclRequestWithFSO	hadoop-ozone/ozone-manager/src/main/java/org/apache/hadoop/ozone/om/request/key/acl/OMKeyAclRequestWithFSO.java	188	100~
org.apache.hadoop.ozone.om.request.key.acl.OMKeyAclRequest	hadoop-ozone/ozone-manager/src/main/java/org/apache/hadoop/ozone/om/request/key/acl/OMKeyAclRequest.java	262	125~
org.apache.hadoop.ozone.om.request.key.acl.OMKeyAddAclRequestWithFSO	hadoop-ozone/ozone-manager/src/main/java/org/apache/hadoop/ozone/om/request/key/acl/OMKeyAddAclRequestWithFSO.java	152	100~
org.apache.hadoop.ozone.om.request.key.acl.OMKeyRemoveAclRequestWithFSO	hadoop-ozone/ozone-manager/src/main/java/org/apache/hadoop/ozone/om/request/key/acl/OMKeyRemoveAclRequestWithFSO.java	162	100~
org.apache.hadoop.ozone.om.request.key.acl.OMKeySetAclRequest	hadoop-ozone/ozone-manager/src/main/java/org/apache/hadoop/ozone/om/request/key/acl/OMKeySetAclRequest.java	185	100~
org.apache.hadoop.ozone.om.request.key.OMKeyRenameRequestWithFSO	hadoop-ozone/ozone-manager/src/main/java/org/apache/hadoop/ozone/om/request/key/OMKeyRenameRequestWithFSO.java	429	275~
org.apache.hadoop.ozone.om.request.key.OMOpenKeysDeleteRequest	hadoop-ozone/ozone-manager/src/main/java/org/apache/hadoop/ozone/om/request/key/OMOpenKeysDeleteRequest.java	228	125~
org.apache.hadoop.ozone.om.request.key.OMKeyCommitRequestWithFSO	hadoop-ozone/ozone-manager/src/main/java/org/apache/hadoop/ozone/om/request/key/OMKeyCommitRequestWithFSO.java	385	250~
org.apache.hadoop.ozone.om.request.BucketLayoutAwareOMKeyRequestFactory	hadoop-ozone/ozone-manager/src/main/java/org/apache/hadoop/ozone/om/request/BucketLayoutAwareOMKeyRequestFactory.java	344	175~
org.apache.hadoop.ozone.om.request.bucket.OMBucketSetOwnerRequest	hadoop-ozone/ozone-manager/src/main/java/org/apache/hadoop/ozone/om/request/bucket/OMBucketSetOwnerRequest.java	199	125~
org.apache.hadoop.ozone.om.request.bucket.OMBucketSetPropertyRequest	hadoop-ozone/ozone-manager/src/main/java/org/apache/hadoop/ozone/om/request/bucket/OMBucketSetPropertyRequest.java	379	250~
org.apache.hadoop.ozone.om.request.bucket.OMBucketDeleteRequest	hadoop-ozone/ozone-manager/src/main/java/org/apache/hadoop/ozone/om/request/bucket/OMBucketDeleteRequest.java	292	175~
org.apache.hadoop.ozone.om.request.bucket.OMBucketCreateRequest	hadoop-ozone/ozone-manager/src/main/java/org/apache/hadoop/ozone/om/request/bucket/OMBucketCreateRequest.java	505	325~
org.apache.hadoop.ozone.om.request.bucket.acl.OMBucketAddAclRequest	hadoop-ozone/ozone-manager/src/main/java/org/apache/hadoop/ozone/om/request/bucket/acl/OMBucketAddAclRequest.java	135	75~
org.apache.hadoop.ozone.om.request.bucket.acl.OMBucketSetAclRequest	hadoop-ozone/ozone-manager/src/main/java/org/apache/hadoop/ozone/om/request/bucket/acl/OMBucketSetAclRequest.java	136	75~
org.apache.hadoop.ozone.om.request.bucket.acl.OMBucketRemoveAclRequest	hadoop-ozone/ozone-manager/src/main/java/org/apache/hadoop/ozone/om/request/bucket/acl/OMBucketRemoveAclRequest.java	136	75~
org.apache.hadoop.ozone.om.request.bucket.acl.OMBucketAclRequest	hadoop-ozone/ozone-manager/src/main/java/org/apache/hadoop/ozone/om/request/bucket/acl/OMBucketAclRequest.java	213	100~
org.apache.hadoop.ozone.om.request.RequestAuditor	hadoop-ozone/ozone-manager/src/main/java/org/apache/hadoop/ozone/om/request/RequestAuditor.java	104	50~
org.apache.hadoop.ozone.om.request.volume.OMVolumeDeleteRequest	hadoop-ozone/ozone-manager/src/main/java/org/apache/hadoop/ozone/om/request/volume/OMVolumeDeleteRequest.java	196	100~
org.apache.hadoop.ozone.om.request.volume.OMVolumeSetOwnerRequest	hadoop-ozone/ozone-manager/src/main/java/org/apache/hadoop/ozone/om/request/volume/OMVolumeSetOwnerRequest.java	226	150~
org.apache.hadoop.ozone.om.request.volume.OMVolumeCreateRequest	hadoop-ozone/ozone-manager/src/main/java/org/apache/hadoop/ozone/om/request/volume/OMVolumeCreateRequest.java	222	125~
org.apache.hadoop.ozone.om.request.volume.OMVolumeRequest	hadoop-ozone/ozone-manager/src/main/java/org/apache/hadoop/ozone/om/request/volume/OMVolumeRequest.java	156	75~
org.apache.hadoop.ozone.om.request.volume.OMQuotaRepairRequest	hadoop-ozone/ozone-manager/src/main/java/org/apache/hadoop/ozone/om/request/volume/OMQuotaRepairRequest.java	198	125~
org.apache.hadoop.ozone.om.request.volume.OMVolumeSetQuotaRequest	hadoop-ozone/ozone-manager/src/main/java/org/apache/hadoop/ozone/om/request/volume/OMVolumeSetQuotaRequest.java	265	175~
org.apache.hadoop.ozone.om.request.volume.acl.OMVolumeAddAclRequest	hadoop-ozone/ozone-manager/src/main/java/org/apache/hadoop/ozone/om/request/volume/acl/OMVolumeAddAclRequest.java	150	75~
org.apache.hadoop.ozone.om.request.volume.acl.OMVolumeRemoveAclRequest	hadoop-ozone/ozone-manager/src/main/java/org/apache/hadoop/ozone/om/request/volume/acl/OMVolumeRemoveAclRequest.java	149	75~
org.apache.hadoop.ozone.om.request.volume.acl.OMVolumeAclRequest	hadoop-ozone/ozone-manager/src/main/java/org/apache/hadoop/ozone/om/request/volume/acl/OMVolumeAclRequest.java	220	100~
org.apache.hadoop.ozone.om.request.volume.acl.OMVolumeSetAclRequest	hadoop-ozone/ozone-manager/src/main/java/org/apache/hadoop/ozone/om/request/volume/acl/OMVolumeSetAclRequest.java	147	75~
org.apache.hadoop.ozone.om.request.validation.OMLayoutVersionValidator	hadoop-ozone/ozone-manager/src/main/java/org/apache/hadoop/ozone/om/request/validation/OMLayoutVersionValidator.java	108	25~
org.apache.hadoop.ozone.om.request.validation.VersionExtractor	hadoop-ozone/ozone-manager/src/main/java/org/apache/hadoop/ozone/om/request/validation/VersionExtractor.java	65	25~
org.apache.hadoop.ozone.om.request.validation.ValidatorRegistry	hadoop-ozone/ozone-manager/src/main/java/org/apache/hadoop/ozone/om/request/validation/ValidatorRegistry.java	197	100~
org.apache.hadoop.ozone.om.request.validation.ValidationCondition	hadoop-ozone/ozone-manager/src/main/java/org/apache/hadoop/ozone/om/request/validation/ValidationCondition.java	56	25~
org.apache.hadoop.ozone.om.request.validation.RequestValidations	hadoop-ozone/ozone-manager/src/main/java/org/apache/hadoop/ozone/om/request/validation/RequestValidations.java	113	75~
org.apache.hadoop.ozone.om.request.validation.RequestFeatureValidator	hadoop-ozone/ozone-manager/src/main/java/org/apache/hadoop/ozone/om/request/validation/RequestFeatureValidator.java	100	25~
org.apache.hadoop.ozone.om.request.validation.OMClientVersionValidator	hadoop-ozone/ozone-manager/src/main/java/org/apache/hadoop/ozone/om/request/validation/OMClientVersionValidator.java	103	25~
org.apache.hadoop.ozone.om.request.validation.ValidationContext	hadoop-ozone/ozone-manager/src/main/java/org/apache/hadoop/ozone/om/request/validation/ValidationContext.java	74	25~
org.apache.hadoop.ozone.om.OMMXBean	hadoop-ozone/ozone-manager/src/main/java/org/apache/hadoop/ozone/om/OMMXBean.java	46	25~
org.apache.hadoop.ozone.om.OzoneManagerStarter	hadoop-ozone/ozone-manager/src/main/java/org/apache/hadoop/ozone/om/OzoneManagerStarter.java	236	125~
org.apache.hadoop.ozone.om.OmSnapshotInternalMetrics	hadoop-ozone/ozone-manager/src/main/java/org/apache/hadoop/ozone/om/OmSnapshotInternalMetrics.java	212	125~
org.apache.hadoop.ozone.om.VolumeManager	hadoop-ozone/ozone-manager/src/main/java/org/apache/hadoop/ozone/om/VolumeManager.java	56	25~
org.apache.hadoop.ozone.om.OmMetadataReaderMetrics	hadoop-ozone/ozone-manager/src/main/java/org/apache/hadoop/ozone/om/OmMetadataReaderMetrics.java	57	25~
org.apache.hadoop.ozone.om.TrashOzoneFileSystem	hadoop-ozone/ozone-manager/src/main/java/org/apache/hadoop/ozone/om/TrashOzoneFileSystem.java	618	475~
org.apache.hadoop.ozone.om.SnapshotListJSONServlet	hadoop-ozone/ozone-manager/src/main/java/org/apache/hadoop/ozone/om/SnapshotListJSONServlet.java	96	50~
org.apache.hadoop.ozone.om.S3SecretCache	hadoop-ozone/ozone-manager/src/main/java/org/apache/hadoop/ozone/om/S3SecretCache.java	52	25~
org.apache.hadoop.ozone.om.ScmClient	hadoop-ozone/ozone-manager/src/main/java/org/apache/hadoop/ozone/om/ScmClient.java	218	150~
org.apache.hadoop.ozone.om.KeyManagerImpl	hadoop-ozone/ozone-manager/src/main/java/org/apache/hadoop/ozone/om/KeyManagerImpl.java	2560	1850~
org.apache.hadoop.ozone.om.OzoneAclUtils	hadoop-ozone/ozone-manager/src/main/java/org/apache/hadoop/ozone/om/OzoneAclUtils.java	186	75~
org.apache.hadoop.ozone.om.service.QuotaRepairTask	hadoop-ozone/ozone-manager/src/main/java/org/apache/hadoop/ozone/om/service/QuotaRepairTask.java	772	625~
org.apache.hadoop.ozone.om.service.MultipartUploadCleanupService	hadoop-ozone/ozone-manager/src/main/java/org/apache/hadoop/ozone/om/service/MultipartUploadCleanupService.java	208	125~
org.apache.hadoop.ozone.om.service.CompactionService	hadoop-ozone/ozone-manager/src/main/java/org/apache/hadoop/ozone/om/service/CompactionService.java	184	100~
org.apache.hadoop.ozone.om.service.OMRangerBGSyncService	hadoop-ozone/ozone-manager/src/main/java/org/apache/hadoop/ozone/om/service/OMRangerBGSyncService.java	869	525~
org.apache.hadoop.ozone.om.service.KeyLifecycleService	hadoop-ozone/ozone-manager/src/main/java/org/apache/hadoop/ozone/om/service/KeyLifecycleService.java	2143	1625~
org.apache.hadoop.ozone.om.service.AbstractKeyDeletingService	hadoop-ozone/ozone-manager/src/main/java/org/apache/hadoop/ozone/om/service/AbstractKeyDeletingService.java	216	125~
org.apache.hadoop.ozone.om.service.OpenKeyCleanupService	hadoop-ozone/ozone-manager/src/main/java/org/apache/hadoop/ozone/om/service/OpenKeyCleanupService.java	287	175~
org.apache.hadoop.ozone.om.service.SnapshotDeletingService	hadoop-ozone/ozone-manager/src/main/java/org/apache/hadoop/ozone/om/service/SnapshotDeletingService.java	466	300~
org.apache.hadoop.ozone.om.service.KeyLifecycleServiceMetrics	hadoop-ozone/ozone-manager/src/main/java/org/apache/hadoop/ozone/om/service/KeyLifecycleServiceMetrics.java	196	125~
org.apache.hadoop.ozone.om.service.DirectoryDeletingService	hadoop-ozone/ozone-manager/src/main/java/org/apache/hadoop/ozone/om/service/DirectoryDeletingService.java	847	575~
org.apache.hadoop.ozone.om.service.CompactDBUtil	hadoop-ozone/ozone-manager/src/main/java/org/apache/hadoop/ozone/om/service/CompactDBUtil.java	115	50~
org.apache.hadoop.ozone.om.service.KeyDeletingService	hadoop-ozone/ozone-manager/src/main/java/org/apache/hadoop/ozone/om/service/KeyDeletingService.java	741	525~
org.apache.hadoop.ozone.om.service.SnapshotDiffCleanupService	hadoop-ozone/ozone-manager/src/main/java/org/apache/hadoop/ozone/om/service/SnapshotDiffCleanupService.java	266	150~
org.apache.hadoop.ozone.om.OMMetrics	hadoop-ozone/ozone-manager/src/main/java/org/apache/hadoop/ozone/om/OMMetrics.java	1705	1300~
org.apache.hadoop.ozone.om.DeletingServiceMetrics	hadoop-ozone/ozone-manager/src/main/java/org/apache/hadoop/ozone/om/DeletingServiceMetrics.java	361	250~
org.apache.hadoop.ozone.om.OMMultiTenantManager	hadoop-ozone/ozone-manager/src/main/java/org/apache/hadoop/ozone/om/OMMultiTenantManager.java	399	150~
org.apache.hadoop.ozone.om.fs.OzoneManagerFS	hadoop-ozone/ozone-manager/src/main/java/org/apache/hadoop/ozone/om/fs/OzoneManagerFS.java	118	25~
org.apache.hadoop.ozone.om.OMPerformanceMetrics	hadoop-ozone/ozone-manager/src/main/java/org/apache/hadoop/ozone/om/OMPerformanceMetrics.java	399	275~
org.apache.hadoop.ozone.om.S3SecretManagerImpl	hadoop-ozone/ozone-manager/src/main/java/org/apache/hadoop/ozone/om/S3SecretManagerImpl.java	134	75~
org.apache.hadoop.ozone.om.ratis_snapshot.OmRatisSnapshotProvider	hadoop-ozone/ozone-manager/src/main/java/org/apache/hadoop/ozone/om/ratis_snapshot/OmRatisSnapshotProvider.java	498	325~
org.apache.hadoop.ozone.om.S3SecretLockedManager	hadoop-ozone/ozone-manager/src/main/java/org/apache/hadoop/ozone/om/S3SecretLockedManager.java	111	75~
org.apache.hadoop.ozone.om.helpers.OmFSOFile	hadoop-ozone/ozone-manager/src/main/java/org/apache/hadoop/ozone/om/helpers/OmFSOFile.java	147	100~
org.apache.hadoop.ozone.om.helpers.OMAuditLogger	hadoop-ozone/ozone-manager/src/main/java/org/apache/hadoop/ozone/om/helpers/OMAuditLogger.java	211	150~
org.apache.hadoop.ozone.om.OzoneManagerUtils	hadoop-ozone/ozone-manager/src/main/java/org/apache/hadoop/ozone/om/OzoneManagerUtils.java	185	75~
org.apache.hadoop.ozone.om.ResolvedBucket	hadoop-ozone/ozone-manager/src/main/java/org/apache/hadoop/ozone/om/ResolvedBucket.java	171	100~
org.apache.hadoop.ozone.om.ListIterator	hadoop-ozone/ozone-manager/src/main/java/org/apache/hadoop/ozone/om/ListIterator.java	357	225~
org.apache.hadoop.ozone.om.OMMultiTenantManagerImpl	hadoop-ozone/ozone-manager/src/main/java/org/apache/hadoop/ozone/om/OMMultiTenantManagerImpl.java	1153	725~
org.apache.hadoop.ozone.om.S3Batcher	hadoop-ozone/ozone-manager/src/main/java/org/apache/hadoop/ozone/om/S3Batcher.java	46	25~
org.apache.hadoop.ozone.common.BekInfoUtils	hadoop-ozone/ozone-manager/src/main/java/org/apache/hadoop/ozone/common/BekInfoUtils.java	69	25~
org.apache.hadoop.ozone.audit.OMAction	hadoop-ozone/ozone-manager/src/main/java/org/apache/hadoop/ozone/audit/OMAction.java	138	100~
org.apache.hadoop.ozone.audit.OMSystemAction	hadoop-ozone/ozone-manager/src/main/java/org/apache/hadoop/ozone/audit/OMSystemAction.java	39	25~
org.apache.hadoop.fs.ozone.Hadoop27RpcTransport	hadoop-ozone/ozonefs-hadoop2/src/main/java/org/apache/hadoop/fs/ozone/Hadoop27RpcTransport.java	118	50~
org.apache.hadoop.fs.ozone.OzoneFileSystem	hadoop-ozone/ozonefs-hadoop2/src/main/java/org/apache/hadoop/fs/ozone/OzoneFileSystem.java	43	25~
org.apache.hadoop.fs.ozone.Hadoop27OmTransportFactory	hadoop-ozone/ozonefs-hadoop2/src/main/java/org/apache/hadoop/fs/ozone/Hadoop27OmTransportFactory.java	37	25~
org.apache.hadoop.fs.ozone.OzFs	hadoop-ozone/ozonefs-hadoop2/src/main/java/org/apache/hadoop/fs/ozone/OzFs.java	56	25~
org.apache.hadoop.fs.ozone.RootedOzoneFileSystem	hadoop-ozone/ozonefs-hadoop2/src/main/java/org/apache/hadoop/fs/ozone/RootedOzoneFileSystem.java	43	25~
org.apache.hadoop.fs.ozone.RootedOzFs	hadoop-ozone/ozonefs-hadoop2/src/main/java/org/apache/hadoop/fs/ozone/RootedOzFs.java	56	25~
org.apache.hadoop.ozone.shell.token.TokenCommands	hadoop-ozone/cli-shell/src/main/java/org/apache/hadoop/ozone/shell/token/TokenCommands.java	38	25~
org.apache.hadoop.ozone.shell.token.PrintTokenHandler	hadoop-ozone/cli-shell/src/main/java/org/apache/hadoop/ozone/shell/token/PrintTokenHandler.java	45	25~
org.apache.hadoop.ozone.shell.token.TokenHandler	hadoop-ozone/cli-shell/src/main/java/org/apache/hadoop/ozone/shell/token/TokenHandler.java	53	25~
org.apache.hadoop.ozone.shell.token.GetTokenHandler	hadoop-ozone/cli-shell/src/main/java/org/apache/hadoop/ozone/shell/token/GetTokenHandler.java	85	25~
org.apache.hadoop.ozone.shell.token.RenewerOption	hadoop-ozone/cli-shell/src/main/java/org/apache/hadoop/ozone/shell/token/RenewerOption.java	41	25~
org.apache.hadoop.ozone.shell.token.RenewTokenHandler	hadoop-ozone/cli-shell/src/main/java/org/apache/hadoop/ozone/shell/token/RenewTokenHandler.java	40	25~
org.apache.hadoop.ozone.shell.token.CancelTokenHandler	hadoop-ozone/cli-shell/src/main/java/org/apache/hadoop/ozone/shell/token/CancelTokenHandler.java	38	25~
org.apache.hadoop.ozone.shell.token.TokenOption	hadoop-ozone/cli-shell/src/main/java/org/apache/hadoop/ozone/shell/token/TokenOption.java	83	50~
org.apache.hadoop.ozone.shell.tenant.TenantListHandler	hadoop-ozone/cli-shell/src/main/java/org/apache/hadoop/ozone/shell/tenant/TenantListHandler.java	68	25~
org.apache.hadoop.ozone.shell.tenant.TenantUserCommands	hadoop-ozone/cli-shell/src/main/java/org/apache/hadoop/ozone/shell/tenant/TenantUserCommands.java	42	25~
org.apache.hadoop.ozone.shell.tenant.TenantHandler	hadoop-ozone/cli-shell/src/main/java/org/apache/hadoop/ozone/shell/tenant/TenantHandler.java	53	25~
org.apache.hadoop.ozone.shell.tenant.TenantListUsersHandler	hadoop-ozone/cli-shell/src/main/java/org/apache/hadoop/ozone/shell/tenant/TenantListUsersHandler.java	77	25~
org.apache.hadoop.ozone.shell.tenant.TenantAssignUserAccessIdHandler	hadoop-ozone/cli-shell/src/main/java/org/apache/hadoop/ozone/shell/tenant/TenantAssignUserAccessIdHandler.java	79	25~
org.apache.hadoop.ozone.shell.tenant.GetUserInfoHandler	hadoop-ozone/cli-shell/src/main/java/org/apache/hadoop/ozone/shell/tenant/GetUserInfoHandler.java	91	50~
org.apache.hadoop.ozone.shell.tenant.TenantBucketLinkHandler	hadoop-ozone/cli-shell/src/main/java/org/apache/hadoop/ozone/shell/tenant/TenantBucketLinkHandler.java	73	25~
org.apache.hadoop.ozone.shell.tenant.TenantShell	hadoop-ozone/cli-shell/src/main/java/org/apache/hadoop/ozone/shell/tenant/TenantShell.java	40	25~
org.apache.hadoop.ozone.shell.tenant.TenantDeleteHandler	hadoop-ozone/cli-shell/src/main/java/org/apache/hadoop/ozone/shell/tenant/TenantDeleteHandler.java	71	25~
org.apache.hadoop.ozone.shell.tenant.TenantGetSecretHandler	hadoop-ozone/cli-shell/src/main/java/org/apache/hadoop/ozone/shell/tenant/TenantGetSecretHandler.java	52	25~
org.apache.hadoop.ozone.shell.tenant.TenantCreateHandler	hadoop-ozone/cli-shell/src/main/java/org/apache/hadoop/ozone/shell/tenant/TenantCreateHandler.java	66	25~
org.apache.hadoop.ozone.shell.tenant.TenantAssignAdminHandler	hadoop-ozone/cli-shell/src/main/java/org/apache/hadoop/ozone/shell/tenant/TenantAssignAdminHandler.java	66	25~
org.apache.hadoop.ozone.shell.tenant.TenantRevokeAdminHandler	hadoop-ozone/cli-shell/src/main/java/org/apache/hadoop/ozone/shell/tenant/TenantRevokeAdminHandler.java	59	25~
org.apache.hadoop.ozone.shell.tenant.TenantSetSecretHandler	hadoop-ozone/cli-shell/src/main/java/org/apache/hadoop/ozone/shell/tenant/TenantSetSecretHandler.java	54	25~
org.apache.hadoop.ozone.shell.tenant.TenantRevokeUserAccessIdHandler	hadoop-ozone/cli-shell/src/main/java/org/apache/hadoop/ozone/shell/tenant/TenantRevokeUserAccessIdHandler.java	44	25~
org.apache.hadoop.ozone.shell.snapshot.SnapshotCommands	hadoop-ozone/cli-shell/src/main/java/org/apache/hadoop/ozone/shell/snapshot/SnapshotCommands.java	41	25~
org.apache.hadoop.ozone.shell.snapshot.InfoSnapshotHandler	hadoop-ozone/cli-shell/src/main/java/org/apache/hadoop/ozone/shell/snapshot/InfoSnapshotHandler.java	62	25~
org.apache.hadoop.ozone.shell.snapshot.ListSnapshotDiffHandler	hadoop-ozone/cli-shell/src/main/java/org/apache/hadoop/ozone/shell/snapshot/ListSnapshotDiffHandler.java	74	25~
org.apache.hadoop.ozone.shell.snapshot.SnapshotDiffHandler	hadoop-ozone/cli-shell/src/main/java/org/apache/hadoop/ozone/shell/snapshot/SnapshotDiffHandler.java	222	150~
org.apache.hadoop.ozone.shell.snapshot.RenameSnapshotHandler	hadoop-ozone/cli-shell/src/main/java/org/apache/hadoop/ozone/shell/snapshot/RenameSnapshotHandler.java	63	25~
org.apache.hadoop.ozone.shell.snapshot.BucketSnapshotHandler	hadoop-ozone/cli-shell/src/main/java/org/apache/hadoop/ozone/shell/snapshot/BucketSnapshotHandler.java	36	25~
org.apache.hadoop.ozone.shell.snapshot.ListSnapshotHandler	hadoop-ozone/cli-shell/src/main/java/org/apache/hadoop/ozone/shell/snapshot/ListSnapshotHandler.java	69	25~
org.apache.hadoop.ozone.shell.snapshot.CreateSnapshotHandler	hadoop-ozone/cli-shell/src/main/java/org/apache/hadoop/ozone/shell/snapshot/CreateSnapshotHandler.java	61	25~
org.apache.hadoop.ozone.shell.snapshot.SnapshotUri	hadoop-ozone/cli-shell/src/main/java/org/apache/hadoop/ozone/shell/snapshot/SnapshotUri.java	47	25~
org.apache.hadoop.ozone.shell.snapshot.DeleteSnapshotHandler	hadoop-ozone/cli-shell/src/main/java/org/apache/hadoop/ozone/shell/snapshot/DeleteSnapshotHandler.java	60	25~
org.apache.hadoop.ozone.shell.s3.RevokeS3SecretHandler	hadoop-ozone/cli-shell/src/main/java/org/apache/hadoop/ozone/shell/s3/RevokeS3SecretHandler.java	75	25~
org.apache.hadoop.ozone.shell.s3.GetS3SecretHandler	hadoop-ozone/cli-shell/src/main/java/org/apache/hadoop/ozone/shell/s3/GetS3SecretHandler.java	67	25~
org.apache.hadoop.ozone.shell.s3.S3Handler	hadoop-ozone/cli-shell/src/main/java/org/apache/hadoop/ozone/shell/s3/S3Handler.java	53	25~
org.apache.hadoop.ozone.shell.s3.SetS3SecretHandler	hadoop-ozone/cli-shell/src/main/java/org/apache/hadoop/ozone/shell/s3/SetS3SecretHandler.java	74	25~
org.apache.hadoop.ozone.shell.s3.S3Shell	hadoop-ozone/cli-shell/src/main/java/org/apache/hadoop/ozone/shell/s3/S3Shell.java	38	25~
org.apache.hadoop.ozone.shell.OzoneAddress	hadoop-ozone/cli-shell/src/main/java/org/apache/hadoop/ozone/shell/OzoneAddress.java	482	325~
org.apache.hadoop.ozone.shell.Handler	hadoop-ozone/cli-shell/src/main/java/org/apache/hadoop/ozone/shell/Handler.java	119	50~
org.apache.hadoop.ozone.shell.StoreTypeOption	hadoop-ozone/cli-shell/src/main/java/org/apache/hadoop/ozone/shell/StoreTypeOption.java	46	25~
org.apache.hadoop.ozone.shell.prefix.AddAclPrefixHandler	hadoop-ozone/cli-shell/src/main/java/org/apache/hadoop/ozone/shell/prefix/AddAclPrefixHandler.java	51	25~
org.apache.hadoop.ozone.shell.prefix.SetAclPrefixHandler	hadoop-ozone/cli-shell/src/main/java/org/apache/hadoop/ozone/shell/prefix/SetAclPrefixHandler.java	52	25~
org.apache.hadoop.ozone.shell.prefix.PrefixCommands	hadoop-ozone/cli-shell/src/main/java/org/apache/hadoop/ozone/shell/prefix/PrefixCommands.java	38	25~
org.apache.hadoop.ozone.shell.prefix.RemoveAclPrefixHandler	hadoop-ozone/cli-shell/src/main/java/org/apache/hadoop/ozone/shell/prefix/RemoveAclPrefixHandler.java	51	25~
org.apache.hadoop.ozone.shell.prefix.GetAclPrefixHandler	hadoop-ozone/cli-shell/src/main/java/org/apache/hadoop/ozone/shell/prefix/GetAclPrefixHandler.java	40	25~
org.apache.hadoop.ozone.shell.prefix.PrefixUri	hadoop-ozone/cli-shell/src/main/java/org/apache/hadoop/ozone/shell/prefix/PrefixUri.java	48	25~
org.apache.hadoop.ozone.shell.OzoneInteractiveWelcome	hadoop-ozone/cli-shell/src/main/java/org/apache/hadoop/ozone/shell/OzoneInteractiveWelcome.java	87	50~
org.apache.hadoop.ozone.shell.REPL	hadoop-ozone/cli-shell/src/main/java/org/apache/hadoop/ozone/shell/REPL.java	114	50~
org.apache.hadoop.ozone.shell.Shell	hadoop-ozone/cli-shell/src/main/java/org/apache/hadoop/ozone/shell/Shell.java	144	75~
org.apache.hadoop.ozone.shell.MandatoryReplicationOptions	hadoop-ozone/cli-shell/src/main/java/org/apache/hadoop/ozone/shell/MandatoryReplicationOptions.java	43	25~
org.apache.hadoop.ozone.shell.SetSpaceQuotaOptions	hadoop-ozone/cli-shell/src/main/java/org/apache/hadoop/ozone/shell/SetSpaceQuotaOptions.java	45	25~
org.apache.hadoop.ozone.shell.PrefixFilterOption	hadoop-ozone/cli-shell/src/main/java/org/apache/hadoop/ozone/shell/PrefixFilterOption.java	33	25~
org.apache.hadoop.ozone.shell.common.VolumeBucketUri	hadoop-ozone/cli-shell/src/main/java/org/apache/hadoop/ozone/shell/common/VolumeBucketUri.java	49	25~
org.apache.hadoop.ozone.shell.common.VolumeBucketHandler	hadoop-ozone/cli-shell/src/main/java/org/apache/hadoop/ozone/shell/common/VolumeBucketHandler.java	37	25~
org.apache.hadoop.ozone.shell.ShellReplicationOptions	hadoop-ozone/cli-shell/src/main/java/org/apache/hadoop/ozone/shell/ShellReplicationOptions.java	41	25~
org.apache.hadoop.ozone.shell.bucket.GetAclBucketHandler	hadoop-ozone/cli-shell/src/main/java/org/apache/hadoop/ozone/shell/bucket/GetAclBucketHandler.java	76	50~
org.apache.hadoop.ozone.shell.bucket.UpdateBucketHandler	hadoop-ozone/cli-shell/src/main/java/org/apache/hadoop/ozone/shell/bucket/UpdateBucketHandler.java	59	25~
org.apache.hadoop.ozone.shell.bucket.DeleteBucketHandler	hadoop-ozone/cli-shell/src/main/java/org/apache/hadoop/ozone/shell/bucket/DeleteBucketHandler.java	152	100~
org.apache.hadoop.ozone.shell.bucket.BucketHandler	hadoop-ozone/cli-shell/src/main/java/org/apache/hadoop/ozone/shell/bucket/BucketHandler.java	37	25~
org.apache.hadoop.ozone.shell.bucket.ListBucketHandler	hadoop-ozone/cli-shell/src/main/java/org/apache/hadoop/ozone/shell/bucket/ListBucketHandler.java	81	25~
org.apache.hadoop.ozone.shell.bucket.SetReplicationConfigHandler	hadoop-ozone/cli-shell/src/main/java/org/apache/hadoop/ozone/shell/bucket/SetReplicationConfigHandler.java	52	25~
org.apache.hadoop.ozone.shell.bucket.SetEncryptionKey	hadoop-ozone/cli-shell/src/main/java/org/apache/hadoop/ozone/shell/bucket/SetEncryptionKey.java	79	25~
org.apache.hadoop.ozone.shell.bucket.BucketUri	hadoop-ozone/cli-shell/src/main/java/org/apache/hadoop/ozone/shell/bucket/BucketUri.java	48	25~
org.apache.hadoop.ozone.shell.bucket.CreateBucketHandler	hadoop-ozone/cli-shell/src/main/java/org/apache/hadoop/ozone/shell/bucket/CreateBucketHandler.java	152	100~
org.apache.hadoop.ozone.shell.bucket.SetQuotaHandler	hadoop-ozone/cli-shell/src/main/java/org/apache/hadoop/ozone/shell/bucket/SetQuotaHandler.java	80	50~
org.apache.hadoop.ozone.shell.bucket.BucketCommands	hadoop-ozone/cli-shell/src/main/java/org/apache/hadoop/ozone/shell/bucket/BucketCommands.java	47	25~
org.apache.hadoop.ozone.shell.bucket.AddAclBucketHandler	hadoop-ozone/cli-shell/src/main/java/org/apache/hadoop/ozone/shell/bucket/AddAclBucketHandler.java	51	25~
org.apache.hadoop.ozone.shell.bucket.InfoBucketHandler	hadoop-ozone/cli-shell/src/main/java/org/apache/hadoop/ozone/shell/bucket/InfoBucketHandler.java	106	50~
org.apache.hadoop.ozone.shell.bucket.SetAclBucketHandler	hadoop-ozone/cli-shell/src/main/java/org/apache/hadoop/ozone/shell/bucket/SetAclBucketHandler.java	52	25~
org.apache.hadoop.ozone.shell.bucket.LinkBucketHandler	hadoop-ozone/cli-shell/src/main/java/org/apache/hadoop/ozone/shell/bucket/LinkBucketHandler.java	77	25~
org.apache.hadoop.ozone.shell.bucket.ClearQuotaHandler	hadoop-ozone/cli-shell/src/main/java/org/apache/hadoop/ozone/shell/bucket/ClearQuotaHandler.java	61	25~
org.apache.hadoop.ozone.shell.bucket.RemoveAclBucketHandler	hadoop-ozone/cli-shell/src/main/java/org/apache/hadoop/ozone/shell/bucket/RemoveAclBucketHandler.java	51	25~
org.apache.hadoop.ozone.shell.OzoneShell	hadoop-ozone/cli-shell/src/main/java/org/apache/hadoop/ozone/shell/OzoneShell.java	51	25~
org.apache.hadoop.ozone.shell.ListLimitOptions	hadoop-ozone/cli-shell/src/main/java/org/apache/hadoop/ozone/shell/ListLimitOptions.java	56	25~
org.apache.hadoop.ozone.shell.keys.KeyCommands	hadoop-ozone/cli-shell/src/main/java/org/apache/hadoop/ozone/shell/keys/KeyCommands.java	48	25~
org.apache.hadoop.ozone.shell.keys.KeyUri	hadoop-ozone/cli-shell/src/main/java/org/apache/hadoop/ozone/shell/keys/KeyUri.java	48	25~
org.apache.hadoop.ozone.shell.keys.DeleteKeyHandler	hadoop-ozone/cli-shell/src/main/java/org/apache/hadoop/ozone/shell/keys/DeleteKeyHandler.java	165	100~
org.apache.hadoop.ozone.shell.keys.RewriteKeyHandler	hadoop-ozone/cli-shell/src/main/java/org/apache/hadoop/ozone/shell/keys/RewriteKeyHandler.java	69	25~
org.apache.hadoop.ozone.shell.keys.CatKeyHandler	hadoop-ozone/cli-shell/src/main/java/org/apache/hadoop/ozone/shell/keys/CatKeyHandler.java	50	25~
org.apache.hadoop.ozone.shell.keys.InfoKeyHandler	hadoop-ozone/cli-shell/src/main/java/org/apache/hadoop/ozone/shell/keys/InfoKeyHandler.java	55	25~
org.apache.hadoop.ozone.shell.keys.ListKeyHandler	hadoop-ozone/cli-shell/src/main/java/org/apache/hadoop/ozone/shell/keys/ListKeyHandler.java	145	100~
org.apache.hadoop.ozone.shell.keys.GetKeyHandler	hadoop-ozone/cli-shell/src/main/java/org/apache/hadoop/ozone/shell/keys/GetKeyHandler.java	109	50~
org.apache.hadoop.ozone.shell.keys.GetAclKeyHandler	hadoop-ozone/cli-shell/src/main/java/org/apache/hadoop/ozone/shell/keys/GetAclKeyHandler.java	40	25~
org.apache.hadoop.ozone.shell.keys.CopyKeyHandler	hadoop-ozone/cli-shell/src/main/java/org/apache/hadoop/ozone/shell/keys/CopyKeyHandler.java	97	50~
org.apache.hadoop.ozone.shell.keys.KeyHandler	hadoop-ozone/cli-shell/src/main/java/org/apache/hadoop/ozone/shell/keys/KeyHandler.java	37	25~
org.apache.hadoop.ozone.shell.keys.SetAclKeyHandler	hadoop-ozone/cli-shell/src/main/java/org/apache/hadoop/ozone/shell/keys/SetAclKeyHandler.java	52	25~
org.apache.hadoop.ozone.shell.keys.PutKeyHandler	hadoop-ozone/cli-shell/src/main/java/org/apache/hadoop/ozone/shell/keys/PutKeyHandler.java	171	100~
org.apache.hadoop.ozone.shell.keys.RenameKeyHandler	hadoop-ozone/cli-shell/src/main/java/org/apache/hadoop/ozone/shell/keys/RenameKeyHandler.java	59	25~
org.apache.hadoop.ozone.shell.keys.ChecksumKeyHandler	hadoop-ozone/cli-shell/src/main/java/org/apache/hadoop/ozone/shell/keys/ChecksumKeyHandler.java	98	50~
org.apache.hadoop.ozone.shell.keys.AddAclKeyHandler	hadoop-ozone/cli-shell/src/main/java/org/apache/hadoop/ozone/shell/keys/AddAclKeyHandler.java	51	25~
org.apache.hadoop.ozone.shell.keys.RemoveAclKeyHandler	hadoop-ozone/cli-shell/src/main/java/org/apache/hadoop/ozone/shell/keys/RemoveAclKeyHandler.java	51	25~
org.apache.hadoop.ozone.shell.ListPaginationOptions	hadoop-ozone/cli-shell/src/main/java/org/apache/hadoop/ozone/shell/ListPaginationOptions.java	45	25~
org.apache.hadoop.ozone.shell.volume.VolumeUri	hadoop-ozone/cli-shell/src/main/java/org/apache/hadoop/ozone/shell/volume/VolumeUri.java	48	25~
org.apache.hadoop.ozone.shell.volume.RemoveAclVolumeHandler	hadoop-ozone/cli-shell/src/main/java/org/apache/hadoop/ozone/shell/volume/RemoveAclVolumeHandler.java	51	25~
org.apache.hadoop.ozone.shell.volume.SetAclVolumeHandler	hadoop-ozone/cli-shell/src/main/java/org/apache/hadoop/ozone/shell/volume/SetAclVolumeHandler.java	52	25~
org.apache.hadoop.ozone.shell.volume.InfoVolumeHandler	hadoop-ozone/cli-shell/src/main/java/org/apache/hadoop/ozone/shell/volume/InfoVolumeHandler.java	42	25~
org.apache.hadoop.ozone.shell.volume.CreateVolumeHandler	hadoop-ozone/cli-shell/src/main/java/org/apache/hadoop/ozone/shell/volume/CreateVolumeHandler.java	80	25~
org.apache.hadoop.ozone.shell.volume.AddAclVolumeHandler	hadoop-ozone/cli-shell/src/main/java/org/apache/hadoop/ozone/shell/volume/AddAclVolumeHandler.java	51	25~
org.apache.hadoop.ozone.shell.volume.SetQuotaHandler	hadoop-ozone/cli-shell/src/main/java/org/apache/hadoop/ozone/shell/volume/SetQuotaHandler.java	78	25~
org.apache.hadoop.ozone.shell.volume.ListVolumeHandler	hadoop-ozone/cli-shell/src/main/java/org/apache/hadoop/ozone/shell/volume/ListVolumeHandler.java	91	50~
org.apache.hadoop.ozone.shell.volume.VolumeHandler	hadoop-ozone/cli-shell/src/main/java/org/apache/hadoop/ozone/shell/volume/VolumeHandler.java	37	25~
org.apache.hadoop.ozone.shell.volume.DeleteVolumeHandler	hadoop-ozone/cli-shell/src/main/java/org/apache/hadoop/ozone/shell/volume/DeleteVolumeHandler.java	236	150~
org.apache.hadoop.ozone.shell.volume.ClearQuotaHandler	hadoop-ozone/cli-shell/src/main/java/org/apache/hadoop/ozone/shell/volume/ClearQuotaHandler.java	59	25~
org.apache.hadoop.ozone.shell.volume.VolumeCommands	hadoop-ozone/cli-shell/src/main/java/org/apache/hadoop/ozone/shell/volume/VolumeCommands.java	46	25~
org.apache.hadoop.ozone.shell.volume.GetAclVolumeHandler	hadoop-ozone/cli-shell/src/main/java/org/apache/hadoop/ozone/shell/volume/GetAclVolumeHandler.java	40	25~
org.apache.hadoop.ozone.shell.volume.UpdateVolumeHandler	hadoop-ozone/cli-shell/src/main/java/org/apache/hadoop/ozone/shell/volume/UpdateVolumeHandler.java	56	25~
org.apache.hadoop.ozone.shell.ReplicationOptions	hadoop-ozone/cli-shell/src/main/java/org/apache/hadoop/ozone/shell/ReplicationOptions.java	103	50~
org.apache.hadoop.ozone.shell.acl.AclOption	hadoop-ozone/cli-shell/src/main/java/org/apache/hadoop/ozone/shell/acl/AclOption.java	90	50~
org.apache.hadoop.ozone.shell.acl.AclHandler	hadoop-ozone/cli-shell/src/main/java/org/apache/hadoop/ozone/shell/acl/AclHandler.java	60	25~
org.apache.hadoop.ozone.shell.acl.GetAclHandler	hadoop-ozone/cli-shell/src/main/java/org/apache/hadoop/ozone/shell/acl/GetAclHandler.java	82	25~
org.apache.hadoop.ozone.shell.ClearSpaceQuotaOptions	hadoop-ozone/cli-shell/src/main/java/org/apache/hadoop/ozone/shell/ClearSpaceQuotaOptions.java	43	25~
org.apache.hadoop.fs.ozone.OzoneFileSystem	hadoop-ozone/ozonefs-hadoop3/src/main/java/org/apache/hadoop/fs/ozone/OzoneFileSystem.java	194	125~
org.apache.hadoop.fs.ozone.OzFs	hadoop-ozone/ozonefs-hadoop3/src/main/java/org/apache/hadoop/fs/ozone/OzFs.java	51	25~
org.apache.hadoop.fs.ozone.RootedOzoneFileSystem	hadoop-ozone/ozonefs-hadoop3/src/main/java/org/apache/hadoop/fs/ozone/RootedOzoneFileSystem.java	199	125~
org.apache.hadoop.fs.ozone.RootedOzFs	hadoop-ozone/ozonefs-hadoop3/src/main/java/org/apache/hadoop/fs/ozone/RootedOzFs.java	51	25~
org.apache.hadoop.ozone.om.multitenant.RangerClientMultiTenantAccessController	hadoop-ozone/multitenancy-ranger/src/main/java/org/apache/hadoop/ozone/om/multitenant/RangerClientMultiTenantAccessController.java	501	350~
org.apache.hadoop.ozone.recon.metrics.OzoneManagerSyncMetrics	hadoop-ozone/recon/src/main/java/org/apache/hadoop/ozone/recon/metrics/OzoneManagerSyncMetrics.java	132	75~
org.apache.hadoop.ozone.recon.metrics.ReconScmContainerSyncMetrics	hadoop-ozone/recon/src/main/java/org/apache/hadoop/ozone/recon/metrics/ReconScmContainerSyncMetrics.java	217	150~
org.apache.hadoop.ozone.recon.metrics.Metric	hadoop-ozone/recon/src/main/java/org/apache/hadoop/ozone/recon/metrics/Metric.java	49	25~
org.apache.hadoop.ozone.recon.metrics.ReconTaskStatusMetrics	hadoop-ozone/recon/src/main/java/org/apache/hadoop/ozone/recon/metrics/ReconTaskStatusMetrics.java	82	50~
org.apache.hadoop.ozone.recon.metrics.ContainerHealthTaskMetrics	hadoop-ozone/recon/src/main/java/org/apache/hadoop/ozone/recon/metrics/ContainerHealthTaskMetrics.java	75	25~
org.apache.hadoop.ozone.recon.metrics.ReconTaskControllerMetrics	hadoop-ozone/recon/src/main/java/org/apache/hadoop/ozone/recon/metrics/ReconTaskControllerMetrics.java	161	100~
org.apache.hadoop.ozone.recon.metrics.ReconSyncMetrics	hadoop-ozone/recon/src/main/java/org/apache/hadoop/ozone/recon/metrics/ReconSyncMetrics.java	182	100~
org.apache.hadoop.ozone.recon.metrics.ReconTaskMetrics	hadoop-ozone/recon/src/main/java/org/apache/hadoop/ozone/recon/metrics/ReconTaskMetrics.java	182	100~
org.apache.hadoop.ozone.recon.fsck.MissingContainerInfo	hadoop-ozone/recon/src/main/java/org/apache/hadoop/ozone/recon/fsck/MissingContainerInfo.java	66	25~
org.apache.hadoop.ozone.recon.fsck.ContainerHealthStatus	hadoop-ozone/recon/src/main/java/org/apache/hadoop/ozone/recon/fsck/ContainerHealthStatus.java	207	125~
org.apache.hadoop.ozone.recon.fsck.ReconReplicationManagerReport	hadoop-ozone/recon/src/main/java/org/apache/hadoop/ozone/recon/fsck/ReconReplicationManagerReport.java	66	25~
org.apache.hadoop.ozone.recon.fsck.ContainerHealthTask	hadoop-ozone/recon/src/main/java/org/apache/hadoop/ozone/recon/fsck/ContainerHealthTask.java	143	75~
org.apache.hadoop.ozone.recon.fsck.NoOpsContainerReplicaPendingOps	hadoop-ozone/recon/src/main/java/org/apache/hadoop/ozone/recon/fsck/NoOpsContainerReplicaPendingOps.java	112	25~
org.apache.hadoop.ozone.recon.fsck.ReconReplicationManager	hadoop-ozone/recon/src/main/java/org/apache/hadoop/ozone/recon/fsck/ReconReplicationManager.java	661	425~
org.apache.hadoop.ozone.recon.fsck.ReconSafeModeMgrTask	hadoop-ozone/recon/src/main/java/org/apache/hadoop/ozone/recon/fsck/ReconSafeModeMgrTask.java	121	75~
org.apache.hadoop.ozone.recon.ReconControllerModule	hadoop-ozone/recon/src/main/java/org/apache/hadoop/ozone/recon/ReconControllerModule.java	306	175~
org.apache.hadoop.ozone.recon.upgrade.UnhealthyContainersStateContainerIdIndexUpgradeAction	hadoop-ozone/recon/src/main/java/org/apache/hadoop/ozone/recon/upgrade/UnhealthyContainersStateContainerIdIndexUpgradeAction.java	86	50~
org.apache.hadoop.ozone.recon.upgrade.NSSummaryAggregatedTotalsUpgrade	hadoop-ozone/recon/src/main/java/org/apache/hadoop/ozone/recon/upgrade/NSSummaryAggregatedTotalsUpgrade.java	61	25~
org.apache.hadoop.ozone.recon.upgrade.ReconUpgradeAction	hadoop-ozone/recon/src/main/java/org/apache/hadoop/ozone/recon/upgrade/ReconUpgradeAction.java	31	25~
org.apache.hadoop.ozone.recon.upgrade.ReconLayoutVersionManager	hadoop-ozone/recon/src/main/java/org/apache/hadoop/ozone/recon/upgrade/ReconLayoutVersionManager.java	164	75~
org.apache.hadoop.ozone.recon.upgrade.ReplicatedSizeOfFilesUpgradeAction	hadoop-ozone/recon/src/main/java/org/apache/hadoop/ozone/recon/upgrade/ReplicatedSizeOfFilesUpgradeAction.java	60	25~
org.apache.hadoop.ozone.recon.upgrade.UpgradeActionRecon	hadoop-ozone/recon/src/main/java/org/apache/hadoop/ozone/recon/upgrade/UpgradeActionRecon.java	59	25~
org.apache.hadoop.ozone.recon.upgrade.UnhealthyContainerReplicaMismatchAction	hadoop-ozone/recon/src/main/java/org/apache/hadoop/ozone/recon/upgrade/UnhealthyContainerReplicaMismatchAction.java	90	50~
org.apache.hadoop.ozone.recon.upgrade.ReconLayoutFeature	hadoop-ozone/recon/src/main/java/org/apache/hadoop/ozone/recon/upgrade/ReconLayoutFeature.java	119	50~
org.apache.hadoop.ozone.recon.upgrade.InitialConstraintUpgradeAction	hadoop-ozone/recon/src/main/java/org/apache/hadoop/ozone/recon/upgrade/InitialConstraintUpgradeAction.java	97	50~
org.apache.hadoop.ozone.recon.upgrade.ReconTaskStatusTableUpgradeAction	hadoop-ozone/recon/src/main/java/org/apache/hadoop/ozone/recon/upgrade/ReconTaskStatusTableUpgradeAction.java	95	25~
org.apache.hadoop.ozone.recon.tasks.DataNodeMetricsCollectionTask	hadoop-ozone/recon/src/main/java/org/apache/hadoop/ozone/recon/tasks/DataNodeMetricsCollectionTask.java	87	50~
org.apache.hadoop.ozone.recon.tasks.ReconOmTask	hadoop-ozone/recon/src/main/java/org/apache/hadoop/ozone/recon/tasks/ReconOmTask.java	162	75~
org.apache.hadoop.ozone.recon.tasks.NSSummaryAsyncFlusher	hadoop-ozone/recon/src/main/java/org/apache/hadoop/ozone/recon/tasks/NSSummaryAsyncFlusher.java	315	175~
org.apache.hadoop.ozone.recon.tasks.types.NamedCallableTask	hadoop-ozone/recon/src/main/java/org/apache/hadoop/ozone/recon/tasks/types/NamedCallableTask.java	48	25~
org.apache.hadoop.ozone.recon.tasks.types.TaskExecutionException	hadoop-ozone/recon/src/main/java/org/apache/hadoop/ozone/recon/tasks/types/TaskExecutionException.java	34	25~
org.apache.hadoop.ozone.recon.tasks.FileSizeCountTaskFSO	hadoop-ozone/recon/src/main/java/org/apache/hadoop/ozone/recon/tasks/FileSizeCountTaskFSO.java	95	50~
org.apache.hadoop.ozone.recon.tasks.NSSummaryTaskWithFSO	hadoop-ozone/recon/src/main/java/org/apache/hadoop/ozone/recon/tasks/NSSummaryTaskWithFSO.java	407	275~
org.apache.hadoop.ozone.recon.tasks.ReconTaskController	hadoop-ozone/recon/src/main/java/org/apache/hadoop/ozone/recon/tasks/ReconTaskController.java	119	25~
org.apache.hadoop.ozone.recon.tasks.util.ParallelTableIteratorOperation	hadoop-ozone/recon/src/main/java/org/apache/hadoop/ozone/recon/tasks/util/ParallelTableIteratorOperation.java	295	175~
org.apache.hadoop.ozone.recon.tasks.MultipartInfoInsightHandler	hadoop-ozone/recon/src/main/java/org/apache/hadoop/ozone/recon/tasks/MultipartInfoInsightHandler.java	280	125~
org.apache.hadoop.ozone.recon.tasks.ContainerKeyMapperTaskOBS	hadoop-ozone/recon/src/main/java/org/apache/hadoop/ozone/recon/tasks/ContainerKeyMapperTaskOBS.java	83	50~
org.apache.hadoop.ozone.recon.tasks.ContainerSizeCountTask	hadoop-ozone/recon/src/main/java/org/apache/hadoop/ozone/recon/tasks/ContainerSizeCountTask.java	387	175~
org.apache.hadoop.ozone.recon.tasks.OmTableHandler	hadoop-ozone/recon/src/main/java/org/apache/hadoop/ozone/recon/tasks/OmTableHandler.java	126	25~
org.apache.hadoop.ozone.recon.tasks.ReconTaskReInitializationEvent	hadoop-ozone/recon/src/main/java/org/apache/hadoop/ozone/recon/tasks/ReconTaskReInitializationEvent.java	79	50~
org.apache.hadoop.ozone.recon.tasks.OMDBUpdatesHandler	hadoop-ozone/recon/src/main/java/org/apache/hadoop/ozone/recon/tasks/OMDBUpdatesHandler.java	373	175~
org.apache.hadoop.ozone.recon.tasks.ReconEvent	hadoop-ozone/recon/src/main/java/org/apache/hadoop/ozone/recon/tasks/ReconEvent.java	47	25~
org.apache.hadoop.ozone.recon.tasks.updater.ReconTaskStatusUpdaterManager	hadoop-ozone/recon/src/main/java/org/apache/hadoop/ozone/recon/tasks/updater/ReconTaskStatusUpdaterManager.java	151	75~
org.apache.hadoop.ozone.recon.tasks.updater.ReconTaskStatusUpdater	hadoop-ozone/recon/src/main/java/org/apache/hadoop/ozone/recon/tasks/updater/ReconTaskStatusUpdater.java	130	75~
org.apache.hadoop.ozone.recon.tasks.NSSummaryTaskWithLegacy	hadoop-ozone/recon/src/main/java/org/apache/hadoop/ozone/recon/tasks/NSSummaryTaskWithLegacy.java	413	275~
org.apache.hadoop.ozone.recon.tasks.ReconTaskControllerImpl	hadoop-ozone/recon/src/main/java/org/apache/hadoop/ozone/recon/tasks/ReconTaskControllerImpl.java	969	650~
org.apache.hadoop.ozone.recon.tasks.FileSizeCountTaskHelper	hadoop-ozone/recon/src/main/java/org/apache/hadoop/ozone/recon/tasks/FileSizeCountTaskHelper.java	307	175~
org.apache.hadoop.ozone.recon.tasks.NSSummaryTask	hadoop-ozone/recon/src/main/java/org/apache/hadoop/ozone/recon/tasks/NSSummaryTask.java	382	225~
org.apache.hadoop.ozone.recon.tasks.ContainerKeyMapperHelper	hadoop-ozone/recon/src/main/java/org/apache/hadoop/ozone/recon/tasks/ContainerKeyMapperHelper.java	545	325~
org.apache.hadoop.ozone.recon.tasks.OMUpdateEventBatch	hadoop-ozone/recon/src/main/java/org/apache/hadoop/ozone/recon/tasks/OMUpdateEventBatch.java	73	25~
org.apache.hadoop.ozone.recon.tasks.DeletedKeysInsightHandler	hadoop-ozone/recon/src/main/java/org/apache/hadoop/ozone/recon/tasks/DeletedKeysInsightHandler.java	137	75~
org.apache.hadoop.ozone.recon.tasks.FileSizeCountTaskOBS	hadoop-ozone/recon/src/main/java/org/apache/hadoop/ozone/recon/tasks/FileSizeCountTaskOBS.java	95	50~
org.apache.hadoop.ozone.recon.tasks.NSSummaryTaskWithOBS	hadoop-ozone/recon/src/main/java/org/apache/hadoop/ozone/recon/tasks/NSSummaryTaskWithOBS.java	329	200~
org.apache.hadoop.ozone.recon.tasks.OmTableInsightTask	hadoop-ozone/recon/src/main/java/org/apache/hadoop/ozone/recon/tasks/OmTableInsightTask.java	453	275~
org.apache.hadoop.ozone.recon.tasks.OpenKeysInsightHandler	hadoop-ozone/recon/src/main/java/org/apache/hadoop/ozone/recon/tasks/OpenKeysInsightHandler.java	152	100~
org.apache.hadoop.ozone.recon.tasks.ReconTaskConfig	hadoop-ozone/recon/src/main/java/org/apache/hadoop/ozone/recon/tasks/ReconTaskConfig.java	102	50~
org.apache.hadoop.ozone.recon.tasks.OMUpdateEventBuffer	hadoop-ozone/recon/src/main/java/org/apache/hadoop/ozone/recon/tasks/OMUpdateEventBuffer.java	165	75~
org.apache.hadoop.ozone.recon.tasks.ContainerKeyMapperTaskFSO	hadoop-ozone/recon/src/main/java/org/apache/hadoop/ozone/recon/tasks/ContainerKeyMapperTaskFSO.java	85	50~
org.apache.hadoop.ozone.recon.tasks.OmUpdateEventValidator	hadoop-ozone/recon/src/main/java/org/apache/hadoop/ozone/recon/tasks/OmUpdateEventValidator.java	88	25~
org.apache.hadoop.ozone.recon.tasks.NSSummaryTaskDbEventHandler	hadoop-ozone/recon/src/main/java/org/apache/hadoop/ozone/recon/tasks/NSSummaryTaskDbEventHandler.java	463	275~
org.apache.hadoop.ozone.recon.tasks.OMDBUpdateEvent	hadoop-ozone/recon/src/main/java/org/apache/hadoop/ozone/recon/tasks/OMDBUpdateEvent.java	159	100~
org.apache.hadoop.ozone.recon.tasks.GlobalStatsValue	hadoop-ozone/recon/src/main/java/org/apache/hadoop/ozone/recon/tasks/GlobalStatsValue.java	70	25~
org.apache.hadoop.ozone.recon.tasks.FileSizeCountKey	hadoop-ozone/recon/src/main/java/org/apache/hadoop/ozone/recon/tasks/FileSizeCountKey.java	113	75~
org.apache.hadoop.ozone.recon.TarExtractor	hadoop-ozone/recon/src/main/java/org/apache/hadoop/ozone/recon/TarExtractor.java	184	100~
org.apache.hadoop.ozone.recon.ReconGuiceServletContextListener	hadoop-ozone/recon/src/main/java/org/apache/hadoop/ozone/recon/ReconGuiceServletContextListener.java	46	25~
org.apache.hadoop.ozone.recon.ReconConstants	hadoop-ozone/recon/src/main/java/org/apache/hadoop/ozone/recon/ReconConstants.java	119	75~
org.apache.hadoop.ozone.recon.security.ReconCertificateClient	hadoop-ozone/recon/src/main/java/org/apache/hadoop/ozone/recon/security/ReconCertificateClient.java	103	50~
org.apache.hadoop.ozone.recon.chatbot.ChatbotModule	hadoop-ozone/recon/src/main/java/org/apache/hadoop/ozone/recon/chatbot/ChatbotModule.java	55	25~
org.apache.hadoop.ozone.recon.chatbot.llm.LLMClient	hadoop-ozone/recon/src/main/java/org/apache/hadoop/ozone/recon/chatbot/llm/LLMClient.java	219	100~
org.apache.hadoop.ozone.recon.chatbot.llm.GenParams	hadoop-ozone/recon/src/main/java/org/apache/hadoop/ozone/recon/chatbot/llm/GenParams.java	45	25~
org.apache.hadoop.ozone.recon.chatbot.llm.LangChain4jDispatcher	hadoop-ozone/recon/src/main/java/org/apache/hadoop/ozone/recon/chatbot/llm/LangChain4jDispatcher.java	539	325~
org.apache.hadoop.ozone.recon.chatbot.llm.LlmRouting	hadoop-ozone/recon/src/main/java/org/apache/hadoop/ozone/recon/chatbot/llm/LlmRouting.java	130	75~
org.apache.hadoop.ozone.recon.chatbot.security.CredentialHelper	hadoop-ozone/recon/src/main/java/org/apache/hadoop/ozone/recon/chatbot/security/CredentialHelper.java	96	25~
org.apache.hadoop.ozone.recon.chatbot.agent.ChatbotUtils	hadoop-ozone/recon/src/main/java/org/apache/hadoop/ozone/recon/chatbot/agent/ChatbotUtils.java	149	75~
org.apache.hadoop.ozone.recon.chatbot.agent.ChatbotAgent	hadoop-ozone/recon/src/main/java/org/apache/hadoop/ozone/recon/chatbot/agent/ChatbotAgent.java	676	375~
org.apache.hadoop.ozone.recon.chatbot.agent.LlmToolSpecFactory	hadoop-ozone/recon/src/main/java/org/apache/hadoop/ozone/recon/chatbot/agent/LlmToolSpecFactory.java	291	200~
org.apache.hadoop.ozone.recon.chatbot.ChatbotException	hadoop-ozone/recon/src/main/java/org/apache/hadoop/ozone/recon/chatbot/ChatbotException.java	42	25~
org.apache.hadoop.ozone.recon.chatbot.api.ChatbotEndpoint	hadoop-ozone/recon/src/main/java/org/apache/hadoop/ozone/recon/chatbot/api/ChatbotEndpoint.java	368	200~
org.apache.hadoop.ozone.recon.chatbot.ChatbotConfigKeys	hadoop-ozone/recon/src/main/java/org/apache/hadoop/ozone/recon/chatbot/ChatbotConfigKeys.java	193	75~
org.apache.hadoop.ozone.recon.chatbot.recon.ReconApiAllowlist	hadoop-ozone/recon/src/main/java/org/apache/hadoop/ozone/recon/chatbot/recon/ReconApiAllowlist.java	78	50~
org.apache.hadoop.ozone.recon.chatbot.recon.ReconQueryExecutor	hadoop-ozone/recon/src/main/java/org/apache/hadoop/ozone/recon/chatbot/recon/ReconQueryExecutor.java	96	25~
org.apache.hadoop.ozone.recon.chatbot.recon.ReconQueryResult	hadoop-ozone/recon/src/main/java/org/apache/hadoop/ozone/recon/chatbot/recon/ReconQueryResult.java	65	25~
org.apache.hadoop.ozone.recon.chatbot.recon.ReconResponseUnwrapper	hadoop-ozone/recon/src/main/java/org/apache/hadoop/ozone/recon/chatbot/recon/ReconResponseUnwrapper.java	57	25~
org.apache.hadoop.ozone.recon.chatbot.recon.ReconEndpointRouter	hadoop-ozone/recon/src/main/java/org/apache/hadoop/ozone/recon/chatbot/recon/ReconEndpointRouter.java	249	200~
org.apache.hadoop.ozone.recon.ReconHttpServer	hadoop-ozone/recon/src/main/java/org/apache/hadoop/ozone/recon/ReconHttpServer.java	97	50~
org.apache.hadoop.ozone.recon.MetricsServiceProviderFactory	hadoop-ozone/recon/src/main/java/org/apache/hadoop/ozone/recon/MetricsServiceProviderFactory.java	112	50~
org.apache.hadoop.ozone.recon.recovery.ReconOMMetadataManager	hadoop-ozone/recon/src/main/java/org/apache/hadoop/ozone/recon/recovery/ReconOMMetadataManager.java	139	25~
org.apache.hadoop.ozone.recon.recovery.ReconOmMetadataManagerImpl	hadoop-ozone/recon/src/main/java/org/apache/hadoop/ozone/recon/recovery/ReconOmMetadataManagerImpl.java	357	200~
org.apache.hadoop.ozone.recon.codec.NSSummaryCodec	hadoop-ozone/recon/src/main/java/org/apache/hadoop/ozone/recon/codec/NSSummaryCodec.java	154	100~
org.apache.hadoop.ozone.recon.ReconSchemaManager	hadoop-ozone/recon/src/main/java/org/apache/hadoop/ozone/recon/ReconSchemaManager.java	89	50~
org.apache.hadoop.ozone.recon.ReconServerConfigKeys	hadoop-ozone/recon/src/main/java/org/apache/hadoop/ozone/recon/ReconServerConfigKeys.java	344	175~
org.apache.hadoop.ozone.recon.ReconUtils	hadoop-ozone/recon/src/main/java/org/apache/hadoop/ozone/recon/ReconUtils.java	921	475~
org.apache.hadoop.ozone.recon.spi.ReconGlobalStatsManager	hadoop-ozone/recon/src/main/java/org/apache/hadoop/ozone/recon/spi/ReconGlobalStatsManager.java	83	25~
org.apache.hadoop.ozone.recon.spi.impl.JmxServiceProviderImpl	hadoop-ozone/recon/src/main/java/org/apache/hadoop/ozone/recon/spi/impl/JmxServiceProviderImpl.java	131	50~
org.apache.hadoop.ozone.recon.spi.impl.ContainerKeyPrefixCodec	hadoop-ozone/recon/src/main/java/org/apache/hadoop/ozone/recon/spi/impl/ContainerKeyPrefixCodec.java	101	50~
org.apache.hadoop.ozone.recon.spi.impl.StorageContainerServiceProviderImpl	hadoop-ozone/recon/src/main/java/org/apache/hadoop/ozone/recon/spi/impl/StorageContainerServiceProviderImpl.java	209	125~
org.apache.hadoop.ozone.recon.spi.impl.KeyPrefixContainerCodec	hadoop-ozone/recon/src/main/java/org/apache/hadoop/ozone/recon/spi/impl/KeyPrefixContainerCodec.java	189	125~
org.apache.hadoop.ozone.recon.spi.impl.ReconNamespaceSummaryManagerImpl	hadoop-ozone/recon/src/main/java/org/apache/hadoop/ozone/recon/spi/impl/ReconNamespaceSummaryManagerImpl.java	109	50~
org.apache.hadoop.ozone.recon.spi.impl.ReconFileMetadataManagerImpl	hadoop-ozone/recon/src/main/java/org/apache/hadoop/ozone/recon/spi/impl/ReconFileMetadataManagerImpl.java	115	75~
org.apache.hadoop.ozone.recon.spi.impl.ReconContainerMetadataManagerImpl	hadoop-ozone/recon/src/main/java/org/apache/hadoop/ozone/recon/spi/impl/ReconContainerMetadataManagerImpl.java	687	400~
org.apache.hadoop.ozone.recon.spi.impl.ReconGlobalStatsManagerImpl	hadoop-ozone/recon/src/main/java/org/apache/hadoop/ozone/recon/spi/impl/ReconGlobalStatsManagerImpl.java	101	50~
org.apache.hadoop.ozone.recon.spi.impl.OzoneManagerServiceProviderImpl	hadoop-ozone/recon/src/main/java/org/apache/hadoop/ozone/recon/spi/impl/OzoneManagerServiceProviderImpl.java	1017	675~
org.apache.hadoop.ozone.recon.spi.impl.ReconDBProvider	hadoop-ozone/recon/src/main/java/org/apache/hadoop/ozone/recon/spi/impl/ReconDBProvider.java	154	100~
org.apache.hadoop.ozone.recon.spi.impl.ReconDBDefinition	hadoop-ozone/recon/src/main/java/org/apache/hadoop/ozone/recon/spi/impl/ReconDBDefinition.java	124	75~
org.apache.hadoop.ozone.recon.spi.impl.PrometheusServiceProviderImpl	hadoop-ozone/recon/src/main/java/org/apache/hadoop/ozone/recon/spi/impl/PrometheusServiceProviderImpl.java	188	100~
org.apache.hadoop.ozone.recon.spi.impl.ReconRDBSnapshotProvider	hadoop-ozone/recon/src/main/java/org/apache/hadoop/ozone/recon/spi/impl/ReconRDBSnapshotProvider.java	245	125~
org.apache.hadoop.ozone.recon.spi.StorageContainerServiceProvider	hadoop-ozone/recon/src/main/java/org/apache/hadoop/ozone/recon/spi/StorageContainerServiceProvider.java	130	25~
org.apache.hadoop.ozone.recon.spi.MetricsServiceProvider	hadoop-ozone/recon/src/main/java/org/apache/hadoop/ozone/recon/spi/MetricsServiceProvider.java	60	25~
org.apache.hadoop.ozone.recon.spi.OzoneManagerServiceProvider	hadoop-ozone/recon/src/main/java/org/apache/hadoop/ozone/recon/spi/OzoneManagerServiceProvider.java	55	25~
org.apache.hadoop.ozone.recon.spi.ReconNamespaceSummaryManager	hadoop-ozone/recon/src/main/java/org/apache/hadoop/ozone/recon/spi/ReconNamespaceSummaryManager.java	54	25~
org.apache.hadoop.ozone.recon.spi.HddsDatanodeServiceProvider	hadoop-ozone/recon/src/main/java/org/apache/hadoop/ozone/recon/spi/HddsDatanodeServiceProvider.java	24	25~
org.apache.hadoop.ozone.recon.spi.ReconContainerMetadataManager	hadoop-ozone/recon/src/main/java/org/apache/hadoop/ozone/recon/spi/ReconContainerMetadataManager.java	255	50~
org.apache.hadoop.ozone.recon.spi.ReconFileMetadataManager	hadoop-ozone/recon/src/main/java/org/apache/hadoop/ozone/recon/spi/ReconFileMetadataManager.java	97	25~
org.apache.hadoop.ozone.recon.persistence.SqliteDataSourceProvider	hadoop-ozone/recon/src/main/java/org/apache/hadoop/ozone/recon/persistence/SqliteDataSourceProvider.java	50	25~
org.apache.hadoop.ozone.recon.persistence.ContainerHistory	hadoop-ozone/recon/src/main/java/org/apache/hadoop/ozone/recon/persistence/ContainerHistory.java	113	75~
org.apache.hadoop.ozone.recon.persistence.DefaultDataSourceProvider	hadoop-ozone/recon/src/main/java/org/apache/hadoop/ozone/recon/persistence/DefaultDataSourceProvider.java	76	25~
org.apache.hadoop.ozone.recon.persistence.TransactionalMethodInterceptor	hadoop-ozone/recon/src/main/java/org/apache/hadoop/ozone/recon/persistence/TransactionalMethodInterceptor.java	75	25~
org.apache.hadoop.ozone.recon.persistence.DataSourceConfiguration	hadoop-ozone/recon/src/main/java/org/apache/hadoop/ozone/recon/persistence/DataSourceConfiguration.java	85	25~
org.apache.hadoop.ozone.recon.persistence.JooqPersistenceModule	hadoop-ozone/recon/src/main/java/org/apache/hadoop/ozone/recon/persistence/JooqPersistenceModule.java	109	50~
org.apache.hadoop.ozone.recon.persistence.DerbyDataSourceProvider	hadoop-ozone/recon/src/main/java/org/apache/hadoop/ozone/recon/persistence/DerbyDataSourceProvider.java	59	25~
org.apache.hadoop.ozone.recon.persistence.ContainerHealthSchemaManager	hadoop-ozone/recon/src/main/java/org/apache/hadoop/ozone/recon/persistence/ContainerHealthSchemaManager.java	610	375~
org.apache.hadoop.ozone.recon.ReconServer	hadoop-ozone/recon/src/main/java/org/apache/hadoop/ozone/recon/ReconServer.java	479	300~
org.apache.hadoop.ozone.recon.ReconSqlDbConfig	hadoop-ozone/recon/src/main/java/org/apache/hadoop/ozone/recon/ReconSqlDbConfig.java	231	175~
org.apache.hadoop.ozone.recon.ConfigurationProvider	hadoop-ozone/recon/src/main/java/org/apache/hadoop/ozone/recon/ConfigurationProvider.java	71	25~
org.apache.hadoop.ozone.recon.api.UtilizationEndpoint	hadoop-ozone/recon/src/main/java/org/apache/hadoop/ozone/recon/api/UtilizationEndpoint.java	177	100~
org.apache.hadoop.ozone.recon.api.filters.ReconAdminFilter	hadoop-ozone/recon/src/main/java/org/apache/hadoop/ozone/recon/api/filters/ReconAdminFilter.java	116	50~
org.apache.hadoop.ozone.recon.api.filters.ReconAuthFilter	hadoop-ozone/recon/src/main/java/org/apache/hadoop/ozone/recon/api/filters/ReconAuthFilter.java	118	50~
org.apache.hadoop.ozone.recon.api.ClusterStateEndpoint	hadoop-ozone/recon/src/main/java/org/apache/hadoop/ozone/recon/api/ClusterStateEndpoint.java	235	150~
org.apache.hadoop.ozone.recon.api.AccessHeatMapEndpoint	hadoop-ozone/recon/src/main/java/org/apache/hadoop/ozone/recon/api/AccessHeatMapEndpoint.java	117	50~
org.apache.hadoop.ozone.recon.api.types.KeyMetadata	hadoop-ozone/recon/src/main/java/org/apache/hadoop/ozone/recon/api/types/KeyMetadata.java	159	100~
org.apache.hadoop.ozone.recon.api.types.OMDBReprocessResponse	hadoop-ozone/recon/src/main/java/org/apache/hadoop/ozone/recon/api/types/OMDBReprocessResponse.java	51	25~
org.apache.hadoop.ozone.recon.api.types.DatanodeStorageReport	hadoop-ozone/recon/src/main/java/org/apache/hadoop/ozone/recon/api/types/DatanodeStorageReport.java	230	175~
org.apache.hadoop.ozone.recon.api.types.DUResponse	hadoop-ozone/recon/src/main/java/org/apache/hadoop/ozone/recon/api/types/DUResponse.java	176	100~
org.apache.hadoop.ozone.recon.api.types.ListKeysResponse	hadoop-ozone/recon/src/main/java/org/apache/hadoop/ozone/recon/api/types/ListKeysResponse.java	111	50~
org.apache.hadoop.ozone.recon.api.types.UnhealthyContainersSummary	hadoop-ozone/recon/src/main/java/org/apache/hadoop/ozone/recon/api/types/UnhealthyContainersSummary.java	41	25~
org.apache.hadoop.ozone.recon.api.types.BucketsResponse	hadoop-ozone/recon/src/main/java/org/apache/hadoop/ozone/recon/api/types/BucketsResponse.java	52	25~
org.apache.hadoop.ozone.recon.api.types.DeletedContainerInfo	hadoop-ozone/recon/src/main/java/org/apache/hadoop/ozone/recon/api/types/DeletedContainerInfo.java	142	75~
org.apache.hadoop.ozone.recon.api.types.HealthCheckResponse	hadoop-ozone/recon/src/main/java/org/apache/hadoop/ozone/recon/api/types/HealthCheckResponse.java	70	25~
org.apache.hadoop.ozone.recon.api.types.DecommissionStatusInfoResponse	hadoop-ozone/recon/src/main/java/org/apache/hadoop/ozone/recon/api/types/DecommissionStatusInfoResponse.java	72	25~
org.apache.hadoop.ozone.recon.api.types.ContainersResponse	hadoop-ozone/recon/src/main/java/org/apache/hadoop/ozone/recon/api/types/ContainersResponse.java	96	50~
org.apache.hadoop.ozone.recon.api.types.ParamInfo	hadoop-ozone/recon/src/main/java/org/apache/hadoop/ozone/recon/api/types/ParamInfo.java	146	75~
org.apache.hadoop.ozone.recon.api.types.FileSizeDistributionResponse	hadoop-ozone/recon/src/main/java/org/apache/hadoop/ozone/recon/api/types/FileSizeDistributionResponse.java	61	25~
org.apache.hadoop.ozone.recon.api.types.EntityMetaData	hadoop-ozone/recon/src/main/java/org/apache/hadoop/ozone/recon/api/types/EntityMetaData.java	54	25~
org.apache.hadoop.ozone.recon.api.types.UnhealthyContainersResponse	hadoop-ozone/recon/src/main/java/org/apache/hadoop/ozone/recon/api/types/UnhealthyContainersResponse.java	147	75~
org.apache.hadoop.ozone.recon.api.types.ResponseStatus	hadoop-ozone/recon/src/main/java/org/apache/hadoop/ozone/recon/api/types/ResponseStatus.java	28	25~
org.apache.hadoop.ozone.recon.api.types.KeyInsightInfoResponse	hadoop-ozone/recon/src/main/java/org/apache/hadoop/ozone/recon/api/types/KeyInsightInfoResponse.java	146	75~
org.apache.hadoop.ozone.recon.api.types.DatanodeMetadata	hadoop-ozone/recon/src/main/java/org/apache/hadoop/ozone/recon/api/types/DatanodeMetadata.java	281	175~
org.apache.hadoop.ozone.recon.api.types.NSSummary	hadoop-ozone/recon/src/main/java/org/apache/hadoop/ozone/recon/api/types/NSSummary.java	160	100~
org.apache.hadoop.ozone.recon.api.types.DataNodeMetricsCompleteResponse	hadoop-ozone/recon/src/main/java/org/apache/hadoop/ozone/recon/api/types/DataNodeMetricsCompleteResponse.java	79	50~
org.apache.hadoop.ozone.recon.api.types.KeysResponse	hadoop-ozone/recon/src/main/java/org/apache/hadoop/ozone/recon/api/types/KeysResponse.java	59	25~
org.apache.hadoop.ozone.recon.api.types.DataNodeMetricsProgressResponse	hadoop-ozone/recon/src/main/java/org/apache/hadoop/ozone/recon/api/types/DataNodeMetricsProgressResponse.java	53	25~
org.apache.hadoop.ozone.recon.api.types.ReconBasicOmKeyInfo	hadoop-ozone/recon/src/main/java/org/apache/hadoop/ozone/recon/api/types/ReconBasicOmKeyInfo.java	305	225~
org.apache.hadoop.ozone.recon.api.types.DatanodePendingDeletionMetrics	hadoop-ozone/recon/src/main/java/org/apache/hadoop/ozone/recon/api/types/DatanodePendingDeletionMetrics.java	59	25~
org.apache.hadoop.ozone.recon.api.types.MissingContainersResponse	hadoop-ozone/recon/src/main/java/org/apache/hadoop/ozone/recon/api/types/MissingContainersResponse.java	53	25~
org.apache.hadoop.ozone.recon.api.types.ContainerMetadata	hadoop-ozone/recon/src/main/java/org/apache/hadoop/ozone/recon/api/types/ContainerMetadata.java	70	25~
org.apache.hadoop.ozone.recon.api.types.VolumeObjectDBInfo	hadoop-ozone/recon/src/main/java/org/apache/hadoop/ozone/recon/api/types/VolumeObjectDBInfo.java	77	50~
org.apache.hadoop.ozone.recon.api.types.ContainerDiscrepancyInfo	hadoop-ozone/recon/src/main/java/org/apache/hadoop/ozone/recon/api/types/ContainerDiscrepancyInfo.java	79	50~
org.apache.hadoop.ozone.recon.api.types.ExportJob	hadoop-ozone/recon/src/main/java/org/apache/hadoop/ozone/recon/api/types/ExportJob.java	222	150~
org.apache.hadoop.ozone.recon.api.types.EntityReadAccessHeatMapResponse	hadoop-ozone/recon/src/main/java/org/apache/hadoop/ozone/recon/api/types/EntityReadAccessHeatMapResponse.java	179	100~
org.apache.hadoop.ozone.recon.api.types.NamespaceSummaryResponse	hadoop-ozone/recon/src/main/java/org/apache/hadoop/ozone/recon/api/types/NamespaceSummaryResponse.java	158	100~
org.apache.hadoop.ozone.recon.api.types.DatanodeMetrics	hadoop-ozone/recon/src/main/java/org/apache/hadoop/ozone/recon/api/types/DatanodeMetrics.java	81	25~
org.apache.hadoop.ozone.recon.api.types.KeyPrefixContainer	hadoop-ozone/recon/src/main/java/org/apache/hadoop/ozone/recon/api/types/KeyPrefixContainer.java	48	25~
org.apache.hadoop.ozone.recon.api.types.ContainerKeyPrefix	hadoop-ozone/recon/src/main/java/org/apache/hadoop/ozone/recon/api/types/ContainerKeyPrefix.java	47	25~
org.apache.hadoop.ozone.recon.api.types.EntityType	hadoop-ozone/recon/src/main/java/org/apache/hadoop/ozone/recon/api/types/EntityType.java	108	75~
org.apache.hadoop.ozone.recon.api.types.DeletionPendingBytesByComponent	hadoop-ozone/recon/src/main/java/org/apache/hadoop/ozone/recon/api/types/DeletionPendingBytesByComponent.java	52	25~
org.apache.hadoop.ozone.recon.api.types.ContainerBlocksInfoWrapper	hadoop-ozone/recon/src/main/java/org/apache/hadoop/ozone/recon/api/types/ContainerBlocksInfoWrapper.java	80	50~
org.apache.hadoop.ozone.recon.api.types.GlobalStorageReport	hadoop-ozone/recon/src/main/java/org/apache/hadoop/ozone/recon/api/types/GlobalStorageReport.java	201	100~
org.apache.hadoop.ozone.recon.api.types.ContainerKeyPrefixImpl	hadoop-ozone/recon/src/main/java/org/apache/hadoop/ozone/recon/api/types/ContainerKeyPrefixImpl.java	92	50~
org.apache.hadoop.ozone.recon.api.types.CountStats	hadoop-ozone/recon/src/main/java/org/apache/hadoop/ozone/recon/api/types/CountStats.java	65	25~
org.apache.hadoop.ozone.recon.api.types.BucketObjectDBInfo	hadoop-ozone/recon/src/main/java/org/apache/hadoop/ozone/recon/api/types/BucketObjectDBInfo.java	175	100~
org.apache.hadoop.ozone.recon.api.types.ClusterStateResponse	hadoop-ozone/recon/src/main/java/org/apache/hadoop/ozone/recon/api/types/ClusterStateResponse.java	314	200~
org.apache.hadoop.ozone.recon.api.types.QuasiClosedContainerMetadata	hadoop-ozone/recon/src/main/java/org/apache/hadoop/ozone/recon/api/types/QuasiClosedContainerMetadata.java	124	75~
org.apache.hadoop.ozone.recon.api.types.UsedSpaceBreakDown	hadoop-ozone/recon/src/main/java/org/apache/hadoop/ozone/recon/api/types/UsedSpaceBreakDown.java	68	25~
org.apache.hadoop.ozone.recon.api.types.DatanodesResponse	hadoop-ozone/recon/src/main/java/org/apache/hadoop/ozone/recon/api/types/DatanodesResponse.java	79	25~
org.apache.hadoop.ozone.recon.api.types.VolumesResponse	hadoop-ozone/recon/src/main/java/org/apache/hadoop/ozone/recon/api/types/VolumesResponse.java	57	25~
org.apache.hadoop.ozone.recon.api.types.KeyObjectDBInfo	hadoop-ozone/recon/src/main/java/org/apache/hadoop/ozone/recon/api/types/KeyObjectDBInfo.java	152	100~
org.apache.hadoop.ozone.recon.api.types.ScmPendingDeletion	hadoop-ozone/recon/src/main/java/org/apache/hadoop/ozone/recon/api/types/ScmPendingDeletion.java	58	25~
org.apache.hadoop.ozone.recon.api.types.KeyEntityInfo	hadoop-ozone/recon/src/main/java/org/apache/hadoop/ozone/recon/api/types/KeyEntityInfo.java	147	75~
org.apache.hadoop.ozone.recon.api.types.UnhealthyContainerMetadata	hadoop-ozone/recon/src/main/java/org/apache/hadoop/ozone/recon/api/types/UnhealthyContainerMetadata.java	122	75~
org.apache.hadoop.ozone.recon.api.types.FeatureProvider	hadoop-ozone/recon/src/main/java/org/apache/hadoop/ozone/recon/api/types/FeatureProvider.java	99	50~
org.apache.hadoop.ozone.recon.api.types.DatanodePipeline	hadoop-ozone/recon/src/main/java/org/apache/hadoop/ozone/recon/api/types/DatanodePipeline.java	55	25~
org.apache.hadoop.ozone.recon.api.types.ClusterStorageReport	hadoop-ozone/recon/src/main/java/org/apache/hadoop/ozone/recon/api/types/ClusterStorageReport.java	203	150~
org.apache.hadoop.ozone.recon.api.types.AclMetadata	hadoop-ozone/recon/src/main/java/org/apache/hadoop/ozone/recon/api/types/AclMetadata.java	134	75~
org.apache.hadoop.ozone.recon.api.types.QuotaUsageResponse	hadoop-ozone/recon/src/main/java/org/apache/hadoop/ozone/recon/api/types/QuotaUsageResponse.java	68	25~
org.apache.hadoop.ozone.recon.api.types.ContainerStateCounts	hadoop-ozone/recon/src/main/java/org/apache/hadoop/ozone/recon/api/types/ContainerStateCounts.java	61	25~
org.apache.hadoop.ozone.recon.api.types.PipelineMetadata	hadoop-ozone/recon/src/main/java/org/apache/hadoop/ozone/recon/api/types/PipelineMetadata.java	215	125~
org.apache.hadoop.ozone.recon.api.types.OpenKeyBytesInfo	hadoop-ozone/recon/src/main/java/org/apache/hadoop/ozone/recon/api/types/OpenKeyBytesInfo.java	56	25~
org.apache.hadoop.ozone.recon.api.types.QuasiClosedContainersResponse	hadoop-ozone/recon/src/main/java/org/apache/hadoop/ozone/recon/api/types/QuasiClosedContainersResponse.java	82	50~
org.apache.hadoop.ozone.recon.api.types.ObjectDBInfo	hadoop-ozone/recon/src/main/java/org/apache/hadoop/ozone/recon/api/types/ObjectDBInfo.java	136	75~
org.apache.hadoop.ozone.recon.api.types.IsoDateAdapter	hadoop-ozone/recon/src/main/java/org/apache/hadoop/ozone/recon/api/types/IsoDateAdapter.java	47	25~
org.apache.hadoop.ozone.recon.api.types.RemoveDataNodesResponseWrapper	hadoop-ozone/recon/src/main/java/org/apache/hadoop/ozone/recon/api/types/RemoveDataNodesResponseWrapper.java	42	25~
org.apache.hadoop.ozone.recon.api.types.GlobalNamespaceReport	hadoop-ozone/recon/src/main/java/org/apache/hadoop/ozone/recon/api/types/GlobalNamespaceReport.java	55	25~
org.apache.hadoop.ozone.recon.api.types.MissingContainerMetadata	hadoop-ozone/recon/src/main/java/org/apache/hadoop/ozone/recon/api/types/MissingContainerMetadata.java	77	25~
org.apache.hadoop.ozone.recon.api.types.StorageCapacityDistributionResponse	hadoop-ozone/recon/src/main/java/org/apache/hadoop/ozone/recon/api/types/StorageCapacityDistributionResponse.java	133	75~
org.apache.hadoop.ozone.recon.api.types.PipelinesResponse	hadoop-ozone/recon/src/main/java/org/apache/hadoop/ozone/recon/api/types/PipelinesResponse.java	57	25~
org.apache.hadoop.ozone.recon.api.TaskStatusService	hadoop-ozone/recon/src/main/java/org/apache/hadoop/ozone/recon/api/TaskStatusService.java	50	25~
org.apache.hadoop.ozone.recon.api.NodeEndpoint	hadoop-ozone/recon/src/main/java/org/apache/hadoop/ozone/recon/api/NodeEndpoint.java	428	300~
org.apache.hadoop.ozone.recon.api.ExportJobManager	hadoop-ozone/recon/src/main/java/org/apache/hadoop/ozone/recon/api/ExportJobManager.java	404	250~
org.apache.hadoop.ozone.recon.api.ContainerEndpoint	hadoop-ozone/recon/src/main/java/org/apache/hadoop/ozone/recon/api/ContainerEndpoint.java	1040	650~
org.apache.hadoop.ozone.recon.api.ServiceNotReadyException	hadoop-ozone/recon/src/main/java/org/apache/hadoop/ozone/recon/api/ServiceNotReadyException.java	27	25~
org.apache.hadoop.ozone.recon.api.InternalOnly	hadoop-ozone/recon/src/main/java/org/apache/hadoop/ozone/recon/api/InternalOnly.java	35	25~
org.apache.hadoop.ozone.recon.api.DataNodeMetricsService	hadoop-ozone/recon/src/main/java/org/apache/hadoop/ozone/recon/api/DataNodeMetricsService.java	383	250~
org.apache.hadoop.ozone.recon.api.TriggerDBSyncEndpoint	hadoop-ozone/recon/src/main/java/org/apache/hadoop/ozone/recon/api/TriggerDBSyncEndpoint.java	94	50~
org.apache.hadoop.ozone.recon.api.StorageDistributionEndpoint	hadoop-ozone/recon/src/main/java/org/apache/hadoop/ozone/recon/api/StorageDistributionEndpoint.java	430	275~
org.apache.hadoop.ozone.recon.api.BucketEndpoint	hadoop-ozone/recon/src/main/java/org/apache/hadoop/ozone/recon/api/BucketEndpoint.java	73	25~
org.apache.hadoop.ozone.recon.api.OMDBInsightEndpoint	hadoop-ozone/recon/src/main/java/org/apache/hadoop/ozone/recon/api/OMDBInsightEndpoint.java	1216	475~
org.apache.hadoop.ozone.recon.api.FeaturesEndpoint	hadoop-ozone/recon/src/main/java/org/apache/hadoop/ozone/recon/api/FeaturesEndpoint.java	73	25~
org.apache.hadoop.ozone.recon.api.MetricsProxyEndpoint	hadoop-ozone/recon/src/main/java/org/apache/hadoop/ozone/recon/api/MetricsProxyEndpoint.java	114	50~
org.apache.hadoop.ozone.recon.api.VolumeEndpoint	hadoop-ozone/recon/src/main/java/org/apache/hadoop/ozone/recon/api/VolumeEndpoint.java	71	25~
org.apache.hadoop.ozone.recon.api.BlocksEndPoint	hadoop-ozone/recon/src/main/java/org/apache/hadoop/ozone/recon/api/BlocksEndPoint.java	155	75~
org.apache.hadoop.ozone.recon.api.ReconGlobalMetricsService	hadoop-ozone/recon/src/main/java/org/apache/hadoop/ozone/recon/api/ReconGlobalMetricsService.java	267	175~
org.apache.hadoop.ozone.recon.api.PendingDeletionEndpoint	hadoop-ozone/recon/src/main/java/org/apache/hadoop/ozone/recon/api/PendingDeletionEndpoint.java	120	75~
org.apache.hadoop.ozone.recon.api.handlers.UnknownEntityHandler	hadoop-ozone/recon/src/main/java/org/apache/hadoop/ozone/recon/api/handlers/UnknownEntityHandler.java	79	50~
org.apache.hadoop.ozone.recon.api.handlers.KeyEntityHandler	hadoop-ozone/recon/src/main/java/org/apache/hadoop/ozone/recon/api/handlers/KeyEntityHandler.java	108	50~
org.apache.hadoop.ozone.recon.api.handlers.DirectoryEntityHandler	hadoop-ozone/recon/src/main/java/org/apache/hadoop/ozone/recon/api/handlers/DirectoryEntityHandler.java	179	100~
org.apache.hadoop.ozone.recon.api.handlers.VolumeEntityHandler	hadoop-ozone/recon/src/main/java/org/apache/hadoop/ozone/recon/api/handlers/VolumeEntityHandler.java	193	125~
org.apache.hadoop.ozone.recon.api.handlers.BucketHandler	hadoop-ozone/recon/src/main/java/org/apache/hadoop/ozone/recon/api/handlers/BucketHandler.java	227	125~
org.apache.hadoop.ozone.recon.api.handlers.LegacyBucketHandler	hadoop-ozone/recon/src/main/java/org/apache/hadoop/ozone/recon/api/handlers/LegacyBucketHandler.java	274	150~
org.apache.hadoop.ozone.recon.api.handlers.FSOBucketHandler	hadoop-ozone/recon/src/main/java/org/apache/hadoop/ozone/recon/api/handlers/FSOBucketHandler.java	254	150~
org.apache.hadoop.ozone.recon.api.handlers.BucketEntityHandler	hadoop-ozone/recon/src/main/java/org/apache/hadoop/ozone/recon/api/handlers/BucketEntityHandler.java	178	125~
org.apache.hadoop.ozone.recon.api.handlers.RootEntityHandler	hadoop-ozone/recon/src/main/java/org/apache/hadoop/ozone/recon/api/handlers/RootEntityHandler.java	189	125~
org.apache.hadoop.ozone.recon.api.handlers.EntityHandler	hadoop-ozone/recon/src/main/java/org/apache/hadoop/ozone/recon/api/handlers/EntityHandler.java	323	175~
org.apache.hadoop.ozone.recon.api.handlers.OBSBucketHandler	hadoop-ozone/recon/src/main/java/org/apache/hadoop/ozone/recon/api/handlers/OBSBucketHandler.java	228	100~
org.apache.hadoop.ozone.recon.api.NSSummaryEndpoint	hadoop-ozone/recon/src/main/java/org/apache/hadoop/ozone/recon/api/NSSummaryEndpoint.java	196	100~
org.apache.hadoop.ozone.recon.api.PipelineEndpoint	hadoop-ozone/recon/src/main/java/org/apache/hadoop/ozone/recon/api/PipelineEndpoint.java	180	100~
org.apache.hadoop.ozone.recon.heatmap.HeatMapServiceImpl	hadoop-ozone/recon/src/main/java/org/apache/hadoop/ozone/recon/heatmap/HeatMapServiceImpl.java	114	75~
org.apache.hadoop.ozone.recon.heatmap.HeatMapService	hadoop-ozone/recon/src/main/java/org/apache/hadoop/ozone/recon/heatmap/HeatMapService.java	28	25~
org.apache.hadoop.ozone.recon.heatmap.IHeatMapProvider	hadoop-ozone/recon/src/main/java/org/apache/hadoop/ozone/recon/heatmap/IHeatMapProvider.java	76	25~
org.apache.hadoop.ozone.recon.heatmap.HeatMapUtil	hadoop-ozone/recon/src/main/java/org/apache/hadoop/ozone/recon/heatmap/HeatMapUtil.java	482	300~
org.apache.hadoop.ozone.recon.scm.ReconStorageConfig	hadoop-ozone/recon/src/main/java/org/apache/hadoop/ozone/recon/scm/ReconStorageConfig.java	93	50~
org.apache.hadoop.ozone.recon.scm.ReconPipelineReportHandler	hadoop-ozone/recon/src/main/java/org/apache/hadoop/ozone/recon/scm/ReconPipelineReportHandler.java	109	50~
org.apache.hadoop.ozone.recon.scm.ReconPipelineFactory	hadoop-ozone/recon/src/main/java/org/apache/hadoop/ozone/recon/scm/ReconPipelineFactory.java	83	25~
org.apache.hadoop.ozone.recon.scm.ReconStorageContainerManagerFacade	hadoop-ozone/recon/src/main/java/org/apache/hadoop/ozone/recon/scm/ReconStorageContainerManagerFacade.java	1101	825~
org.apache.hadoop.ozone.recon.scm.ReconPolicyProvider	hadoop-ozone/recon/src/main/java/org/apache/hadoop/ozone/recon/scm/ReconPolicyProvider.java	61	25~
org.apache.hadoop.ozone.recon.scm.ContainerReplicaHistoryList	hadoop-ozone/recon/src/main/java/org/apache/hadoop/ozone/recon/scm/ContainerReplicaHistoryList.java	78	25~
org.apache.hadoop.ozone.recon.scm.ReconPipelineManager	hadoop-ozone/recon/src/main/java/org/apache/hadoop/ozone/recon/scm/ReconPipelineManager.java	180	100~
org.apache.hadoop.ozone.recon.scm.ReconDeadNodeHandler	hadoop-ozone/recon/src/main/java/org/apache/hadoop/ozone/recon/scm/ReconDeadNodeHandler.java	84	50~
org.apache.hadoop.ozone.recon.scm.ReconScmTask	hadoop-ozone/recon/src/main/java/org/apache/hadoop/ozone/recon/scm/ReconScmTask.java	105	50~
org.apache.hadoop.ozone.recon.scm.ReconContainerReportQueue	hadoop-ozone/recon/src/main/java/org/apache/hadoop/ozone/recon/scm/ReconContainerReportQueue.java	46	25~
org.apache.hadoop.ozone.recon.scm.ReconSCMDBDefinition	hadoop-ozone/recon/src/main/java/org/apache/hadoop/ozone/recon/scm/ReconSCMDBDefinition.java	66	25~
org.apache.hadoop.ozone.recon.scm.ReconContainerReportHandler	hadoop-ozone/recon/src/main/java/org/apache/hadoop/ozone/recon/scm/ReconContainerReportHandler.java	57	25~
org.apache.hadoop.ozone.recon.scm.ReconDatanodeProtocolServer	hadoop-ozone/recon/src/main/java/org/apache/hadoop/ozone/recon/scm/ReconDatanodeProtocolServer.java	78	25~
org.apache.hadoop.ozone.recon.scm.ReconStorageContainerSyncHelper	hadoop-ozone/recon/src/main/java/org/apache/hadoop/ozone/recon/scm/ReconStorageContainerSyncHelper.java	771	375~
org.apache.hadoop.ozone.recon.scm.ReconSafeModeManager	hadoop-ozone/recon/src/main/java/org/apache/hadoop/ozone/recon/scm/ReconSafeModeManager.java	41	25~
org.apache.hadoop.ozone.recon.scm.ReconContainerManager	hadoop-ozone/recon/src/main/java/org/apache/hadoop/ozone/recon/scm/ReconContainerManager.java	511	325~
org.apache.hadoop.ozone.recon.scm.ReconNewNodeHandler	hadoop-ozone/recon/src/main/java/org/apache/hadoop/ozone/recon/scm/ReconNewNodeHandler.java	50	25~
org.apache.hadoop.ozone.recon.scm.ReconStaleNodeHandler	hadoop-ozone/recon/src/main/java/org/apache/hadoop/ozone/recon/scm/ReconStaleNodeHandler.java	55	25~
org.apache.hadoop.ozone.recon.scm.PipelineSyncTask	hadoop-ozone/recon/src/main/java/org/apache/hadoop/ozone/recon/scm/PipelineSyncTask.java	137	75~
org.apache.hadoop.ozone.recon.scm.ReconNodeManager	hadoop-ozone/recon/src/main/java/org/apache/hadoop/ozone/recon/scm/ReconNodeManager.java	326	200~
org.apache.hadoop.ozone.recon.scm.ReconIncrementalContainerReportHandler	hadoop-ozone/recon/src/main/java/org/apache/hadoop/ozone/recon/scm/ReconIncrementalContainerReportHandler.java	68	25~
org.apache.hadoop.ozone.recon.scm.ContainerReplicaHistory	hadoop-ozone/recon/src/main/java/org/apache/hadoop/ozone/recon/scm/ContainerReplicaHistory.java	113	75~
org.apache.hadoop.ozone.recon.ReconContext	hadoop-ozone/recon/src/main/java/org/apache/hadoop/ozone/recon/ReconContext.java	151	75~
org.apache.hadoop.ozone.recon.ReconSchemaVersionTableManager	hadoop-ozone/recon/src/main/java/org/apache/hadoop/ozone/recon/ReconSchemaVersionTableManager.java	102	50~
org.apache.hadoop.ozone.recon.ReconRestServletModule	hadoop-ozone/recon/src/main/java/org/apache/hadoop/ozone/recon/ReconRestServletModule.java	138	75~
org.apache.hadoop.ozone.recon.ReconResponseUtils	hadoop-ozone/recon/src/main/java/org/apache/hadoop/ozone/recon/ReconResponseUtils.java	82	25~
org.apache.hadoop.ozone.client.OzoneVolume	hadoop-ozone/client/src/main/java/org/apache/hadoop/ozone/client/OzoneVolume.java	555	250~
org.apache.hadoop.ozone.client.TenantArgs	hadoop-ozone/client/src/main/java/org/apache/hadoop/ozone/client/TenantArgs.java	99	25~
org.apache.hadoop.ozone.client.OzoneBucket	hadoop-ozone/client/src/main/java/org/apache/hadoop/ozone/client/OzoneBucket.java	2167	950~
org.apache.hadoop.ozone.client.VolumeArgs	hadoop-ozone/client/src/main/java/org/apache/hadoop/ozone/client/VolumeArgs.java	175	75~
org.apache.hadoop.ozone.client.OzoneMultipartUploadList	hadoop-ozone/client/src/main/java/org/apache/hadoop/ozone/client/OzoneMultipartUploadList.java	65	25~
org.apache.hadoop.ozone.client.OzoneMultipartUploadPartListParts	hadoop-ozone/client/src/main/java/org/apache/hadoop/ozone/client/OzoneMultipartUploadPartListParts.java	136	75~
org.apache.hadoop.ozone.client.OzoneSnapshotDiff	hadoop-ozone/client/src/main/java/org/apache/hadoop/ozone/client/OzoneSnapshotDiff.java	75	50~
org.apache.hadoop.ozone.client.OzoneLifecycleConfiguration	hadoop-ozone/client/src/main/java/org/apache/hadoop/ozone/client/OzoneLifecycleConfiguration.java	230	150~
org.apache.hadoop.ozone.client.io.BlockOutputStreamEntryPool	hadoop-ozone/client/src/main/java/org/apache/hadoop/ozone/client/io/BlockOutputStreamEntryPool.java	446	250~
org.apache.hadoop.ozone.client.io.KeyOutputStream	hadoop-ozone/client/src/main/java/org/apache/hadoop/ozone/client/io/KeyOutputStream.java	842	575~
org.apache.hadoop.ozone.client.io.CipherOutputStreamOzone	hadoop-ozone/client/src/main/java/org/apache/hadoop/ozone/client/io/CipherOutputStreamOzone.java	52	25~
org.apache.hadoop.ozone.client.io.KeyMetadataAware	hadoop-ozone/client/src/main/java/org/apache/hadoop/ozone/client/io/KeyMetadataAware.java	29	25~
org.apache.hadoop.ozone.client.io.OzoneOutputStream	hadoop-ozone/client/src/main/java/org/apache/hadoop/ozone/client/io/OzoneOutputStream.java	184	100~
org.apache.hadoop.ozone.client.io.OzoneInputStream	hadoop-ozone/client/src/main/java/org/apache/hadoop/ozone/client/io/OzoneInputStream.java	124	75~
org.apache.hadoop.ozone.client.io.KeyInputStream	hadoop-ozone/client/src/main/java/org/apache/hadoop/ozone/client/io/KeyInputStream.java	205	125~
org.apache.hadoop.ozone.client.io.OzoneCryptoInputStream	hadoop-ozone/client/src/main/java/org/apache/hadoop/ozone/client/io/OzoneCryptoInputStream.java	202	100~
org.apache.hadoop.ozone.client.io.OzoneDataStreamOutput	hadoop-ozone/client/src/main/java/org/apache/hadoop/ozone/client/io/OzoneDataStreamOutput.java	198	125~
org.apache.hadoop.ozone.client.io.ECBlockOutputStreamEntry	hadoop-ozone/client/src/main/java/org/apache/hadoop/ozone/client/io/ECBlockOutputStreamEntry.java	424	275~
org.apache.hadoop.ozone.client.io.KeyCommitOutput	hadoop-ozone/client/src/main/java/org/apache/hadoop/ozone/client/io/KeyCommitOutput.java	35	25~
org.apache.hadoop.ozone.client.io.ECBlockOutputStreamEntryPool	hadoop-ozone/client/src/main/java/org/apache/hadoop/ozone/client/io/ECBlockOutputStreamEntryPool.java	60	25~
org.apache.hadoop.ozone.client.io.ECKeyOutputStream	hadoop-ozone/client/src/main/java/org/apache/hadoop/ozone/client/io/ECKeyOutputStream.java	732	525~
org.apache.hadoop.ozone.client.io.BlockDataStreamOutputEntryPool	hadoop-ozone/client/src/main/java/org/apache/hadoop/ozone/client/io/BlockDataStreamOutputEntryPool.java	345	225~
org.apache.hadoop.ozone.client.io.BlockOutputStreamEntry	hadoop-ozone/client/src/main/java/org/apache/hadoop/ozone/client/io/BlockOutputStreamEntry.java	494	275~
org.apache.hadoop.ozone.client.io.KeyOutputStreamSemaphore	hadoop-ozone/client/src/main/java/org/apache/hadoop/ozone/client/io/KeyOutputStreamSemaphore.java	71	50~
org.apache.hadoop.ozone.client.io.BlockDataStreamOutputEntry	hadoop-ozone/client/src/main/java/org/apache/hadoop/ozone/client/io/BlockDataStreamOutputEntry.java	297	200~
org.apache.hadoop.ozone.client.io.KeyDataStreamOutput	hadoop-ozone/client/src/main/java/org/apache/hadoop/ozone/client/io/KeyDataStreamOutput.java	576	375~
org.apache.hadoop.ozone.client.OzoneKeyLocation	hadoop-ozone/client/src/main/java/org/apache/hadoop/ozone/client/OzoneKeyLocation.java	93	25~
org.apache.hadoop.ozone.client.ObjectStore	hadoop-ozone/client/src/main/java/org/apache/hadoop/ozone/client/ObjectStore.java	852	375~
org.apache.hadoop.ozone.client.protocol.ClientProtocol	hadoop-ozone/client/src/main/java/org/apache/hadoop/ozone/client/protocol/ClientProtocol.java	1602	325~
org.apache.hadoop.ozone.client.OzoneKey	hadoop-ozone/client/src/main/java/org/apache/hadoop/ozone/client/OzoneKey.java	228	100~
org.apache.hadoop.ozone.client.BucketArgs	hadoop-ozone/client/src/main/java/org/apache/hadoop/ozone/client/BucketArgs.java	285	150~
org.apache.hadoop.ozone.client.OzoneClientUtils	hadoop-ozone/client/src/main/java/org/apache/hadoop/ozone/client/OzoneClientUtils.java	288	150~
org.apache.hadoop.ozone.client.OzoneClientFactory	hadoop-ozone/client/src/main/java/org/apache/hadoop/ozone/client/OzoneClientFactory.java	272	125~
org.apache.hadoop.ozone.client.OzoneMultipartUpload	hadoop-ozone/client/src/main/java/org/apache/hadoop/ozone/client/OzoneMultipartUpload.java	107	75~
org.apache.hadoop.ozone.client.OzoneSnapshot	hadoop-ozone/client/src/main/java/org/apache/hadoop/ozone/client/OzoneSnapshot.java	243	125~
org.apache.hadoop.ozone.client.OzoneKeyDetails	hadoop-ozone/client/src/main/java/org/apache/hadoop/ozone/client/OzoneKeyDetails.java	126	50~
org.apache.hadoop.ozone.client.checksum.ECBlockChecksumComputer	hadoop-ozone/client/src/main/java/org/apache/hadoop/ozone/client/checksum/ECBlockChecksumComputer.java	183	100~
org.apache.hadoop.ozone.client.checksum.ChecksumHelperFactory	hadoop-ozone/client/src/main/java/org/apache/hadoop/ozone/client/checksum/ChecksumHelperFactory.java	51	25~
org.apache.hadoop.ozone.client.checksum.ReplicatedBlockChecksumComputer	hadoop-ozone/client/src/main/java/org/apache/hadoop/ozone/client/checksum/ReplicatedBlockChecksumComputer.java	150	100~
org.apache.hadoop.ozone.client.checksum.AbstractBlockChecksumComputer	hadoop-ozone/client/src/main/java/org/apache/hadoop/ozone/client/checksum/AbstractBlockChecksumComputer.java	45	25~
org.apache.hadoop.ozone.client.checksum.BaseFileChecksumHelper	hadoop-ozone/client/src/main/java/org/apache/hadoop/ozone/client/checksum/BaseFileChecksumHelper.java	407	250~
org.apache.hadoop.ozone.client.checksum.ReplicatedFileChecksumHelper	hadoop-ozone/client/src/main/java/org/apache/hadoop/ozone/client/checksum/ReplicatedFileChecksumHelper.java	90	50~
org.apache.hadoop.ozone.client.checksum.ECFileChecksumHelper	hadoop-ozone/client/src/main/java/org/apache/hadoop/ozone/client/checksum/ECFileChecksumHelper.java	137	75~
org.apache.hadoop.ozone.client.rpc.OzoneKMSUtil	hadoop-ozone/client/src/main/java/org/apache/hadoop/ozone/client/rpc/OzoneKMSUtil.java	185	125~
org.apache.hadoop.ozone.client.rpc.RpcClient	hadoop-ozone/client/src/main/java/org/apache/hadoop/ozone/client/rpc/RpcClient.java	3002	2325~
org.apache.hadoop.ozone.client.OzoneClientException	hadoop-ozone/client/src/main/java/org/apache/hadoop/ozone/client/OzoneClientException.java	41	25~
org.apache.hadoop.ozone.client.OzoneClient	hadoop-ozone/client/src/main/java/org/apache/hadoop/ozone/client/OzoneClient.java	136	25~
org.apache.hadoop.ozone.admin.nssummary.DiskUsageSubCommand	hadoop-ozone/cli-admin/src/main/java/org/apache/hadoop/ozone/admin/nssummary/DiskUsageSubCommand.java	208	150~
org.apache.hadoop.ozone.admin.nssummary.SummarySubCommand	hadoop-ozone/cli-admin/src/main/java/org/apache/hadoop/ozone/admin/nssummary/SummarySubCommand.java	111	75~
org.apache.hadoop.ozone.admin.nssummary.NSSummaryAdmin	hadoop-ozone/cli-admin/src/main/java/org/apache/hadoop/ozone/admin/nssummary/NSSummaryAdmin.java	112	50~
org.apache.hadoop.ozone.admin.nssummary.QuotaUsageSubCommand	hadoop-ozone/cli-admin/src/main/java/org/apache/hadoop/ozone/admin/nssummary/QuotaUsageSubCommand.java	112	75~
org.apache.hadoop.ozone.admin.nssummary.NSSummaryCLIUtils	hadoop-ozone/cli-admin/src/main/java/org/apache/hadoop/ozone/admin/nssummary/NSSummaryCLIUtils.java	158	100~
org.apache.hadoop.ozone.admin.nssummary.FileSizeDistSubCommand	hadoop-ozone/cli-admin/src/main/java/org/apache/hadoop/ozone/admin/nssummary/FileSizeDistSubCommand.java	121	75~
org.apache.hadoop.ozone.admin.om.TransferOmLeaderSubCommand	hadoop-ozone/cli-admin/src/main/java/org/apache/hadoop/ozone/admin/om/TransferOmLeaderSubCommand.java	66	25~
org.apache.hadoop.ozone.admin.om.OMAdmin	hadoop-ozone/cli-admin/src/main/java/org/apache/hadoop/ozone/admin/om/OMAdmin.java	128	75~
org.apache.hadoop.ozone.admin.om.snapshot.DefragSubCommand	hadoop-ozone/cli-admin/src/main/java/org/apache/hadoop/ozone/admin/om/snapshot/DefragSubCommand.java	118	75~
org.apache.hadoop.ozone.admin.om.snapshot.SnapshotSubCommand	hadoop-ozone/cli-admin/src/main/java/org/apache/hadoop/ozone/admin/om/snapshot/SnapshotSubCommand.java	33	25~
org.apache.hadoop.ozone.admin.om.CancelPrepareSubCommand	hadoop-ozone/cli-admin/src/main/java/org/apache/hadoop/ozone/admin/om/CancelPrepareSubCommand.java	48	25~
org.apache.hadoop.ozone.admin.om.FetchKeySubCommand	hadoop-ozone/cli-admin/src/main/java/org/apache/hadoop/ozone/admin/om/FetchKeySubCommand.java	50	25~
org.apache.hadoop.ozone.admin.om.LifecycleSubCommand	hadoop-ozone/cli-admin/src/main/java/org/apache/hadoop/ozone/admin/om/LifecycleSubCommand.java	47	25~
org.apache.hadoop.ozone.admin.om.PrepareSubCommand	hadoop-ozone/cli-admin/src/main/java/org/apache/hadoop/ozone/admin/om/PrepareSubCommand.java	172	125~
org.apache.hadoop.ozone.admin.om.FinalizationStatusSubCommand	hadoop-ozone/cli-admin/src/main/java/org/apache/hadoop/ozone/admin/om/FinalizationStatusSubCommand.java	51	25~
org.apache.hadoop.ozone.admin.om.ListOpenFilesSubCommand	hadoop-ozone/cli-admin/src/main/java/org/apache/hadoop/ozone/admin/om/ListOpenFilesSubCommand.java	254	175~
org.apache.hadoop.ozone.admin.om.LifecycleStatusSubCommand	hadoop-ozone/cli-admin/src/main/java/org/apache/hadoop/ozone/admin/om/LifecycleStatusSubCommand.java	88	50~
org.apache.hadoop.ozone.admin.om.UpdateRangerSubcommand	hadoop-ozone/cli-admin/src/main/java/org/apache/hadoop/ozone/admin/om/UpdateRangerSubcommand.java	65	25~
org.apache.hadoop.ozone.admin.om.lease.LeaseRecoverer	hadoop-ozone/cli-admin/src/main/java/org/apache/hadoop/ozone/admin/om/lease/LeaseRecoverer.java	73	25~
org.apache.hadoop.ozone.admin.om.lease.LeaseSubCommand	hadoop-ozone/cli-admin/src/main/java/org/apache/hadoop/ozone/admin/om/lease/LeaseSubCommand.java	34	25~
org.apache.hadoop.ozone.admin.om.DecommissionOMSubcommand	hadoop-ozone/cli-admin/src/main/java/org/apache/hadoop/ozone/admin/om/DecommissionOMSubcommand.java	208	125~
org.apache.hadoop.ozone.admin.om.FinalizeUpgradeSubCommand	hadoop-ozone/cli-admin/src/main/java/org/apache/hadoop/ozone/admin/om/FinalizeUpgradeSubCommand.java	158	100~
org.apache.hadoop.ozone.admin.om.GetServiceRolesSubcommand	hadoop-ozone/cli-admin/src/main/java/org/apache/hadoop/ozone/admin/om/GetServiceRolesSubcommand.java	121	75~
org.apache.hadoop.ozone.admin.om.OmAddressOptions	hadoop-ozone/cli-admin/src/main/java/org/apache/hadoop/ozone/admin/om/OmAddressOptions.java	166	100~
org.apache.hadoop.ozone.admin.om.LifecycleResumeSubCommand	hadoop-ozone/cli-admin/src/main/java/org/apache/hadoop/ozone/admin/om/LifecycleResumeSubCommand.java	72	25~
org.apache.hadoop.ozone.admin.om.LifecycleSuspendSubCommand	hadoop-ozone/cli-admin/src/main/java/org/apache/hadoop/ozone/admin/om/LifecycleSuspendSubCommand.java	75	50~
org.apache.hadoop.ozone.admin.reconfig.ReconfigureSubCommandUtil	hadoop-ozone/cli-admin/src/main/java/org/apache/hadoop/ozone/admin/reconfig/ReconfigureSubCommandUtil.java	116	75~
org.apache.hadoop.ozone.admin.reconfig.ReconfigureCommands	hadoop-ozone/cli-admin/src/main/java/org/apache/hadoop/ozone/admin/reconfig/ReconfigureCommands.java	90	50~
org.apache.hadoop.ozone.admin.reconfig.AbstractReconfigureSubCommand	hadoop-ozone/cli-admin/src/main/java/org/apache/hadoop/ozone/admin/reconfig/AbstractReconfigureSubCommand.java	54	25~
org.apache.hadoop.ozone.admin.reconfig.ReconfigurePropertiesSubcommand	hadoop-ozone/cli-admin/src/main/java/org/apache/hadoop/ozone/admin/reconfig/ReconfigurePropertiesSubcommand.java	56	25~
org.apache.hadoop.ozone.admin.reconfig.ReconfigureStatusSubcommand	hadoop-ozone/cli-admin/src/main/java/org/apache/hadoop/ozone/admin/reconfig/ReconfigureStatusSubcommand.java	91	50~
org.apache.hadoop.ozone.admin.reconfig.ReconfigureStartSubcommand	hadoop-ozone/cli-admin/src/main/java/org/apache/hadoop/ozone/admin/reconfig/ReconfigureStartSubcommand.java	50	25~
org.apache.hadoop.ozone.admin.OzoneAdmin	hadoop-ozone/cli-admin/src/main/java/org/apache/hadoop/ozone/admin/OzoneAdmin.java	43	25~
org.apache.hadoop.ozone.admin.scm.DecommissionScmSubcommand	hadoop-ozone/cli-admin/src/main/java/org/apache/hadoop/ozone/admin/scm/DecommissionScmSubcommand.java	62	25~
org.apache.hadoop.ozone.admin.scm.FinalizeScmUpgradeSubcommand	hadoop-ozone/cli-admin/src/main/java/org/apache/hadoop/ozone/admin/scm/FinalizeScmUpgradeSubcommand.java	156	100~
org.apache.hadoop.ozone.admin.scm.RotateKeySubCommand	hadoop-ozone/cli-admin/src/main/java/org/apache/hadoop/ozone/admin/scm/RotateKeySubCommand.java	62	25~
org.apache.hadoop.ozone.admin.scm.DeletedBlocksTxnCommands	hadoop-ozone/cli-admin/src/main/java/org/apache/hadoop/ozone/admin/scm/DeletedBlocksTxnCommands.java	36	25~
org.apache.hadoop.ozone.admin.scm.ScmAdmin	hadoop-ozone/cli-admin/src/main/java/org/apache/hadoop/ozone/admin/scm/ScmAdmin.java	52	25~
org.apache.hadoop.ozone.admin.scm.GetScmRatisRolesSubcommand	hadoop-ozone/cli-admin/src/main/java/org/apache/hadoop/ozone/admin/scm/GetScmRatisRolesSubcommand.java	112	75~
org.apache.hadoop.ozone.admin.scm.TransferScmLeaderSubCommand	hadoop-ozone/cli-admin/src/main/java/org/apache/hadoop/ozone/admin/scm/TransferScmLeaderSubCommand.java	72	25~
org.apache.hadoop.ozone.admin.scm.GetDeletedBlockSummarySubcommand	hadoop-ozone/cli-admin/src/main/java/org/apache/hadoop/ozone/admin/scm/GetDeletedBlockSummarySubcommand.java	54	25~
org.apache.hadoop.ozone.admin.scm.FinalizationScmStatusSubcommand	hadoop-ozone/cli-admin/src/main/java/org/apache/hadoop/ozone/admin/scm/FinalizationScmStatusSubcommand.java	48	25~
org.apache.hadoop.hdds.util.DurationUtil	hadoop-ozone/cli-admin/src/main/java/org/apache/hadoop/hdds/util/DurationUtil.java	52	25~
org.apache.hadoop.hdds.scm.cli.pipeline.ClosePipelineSubcommand	hadoop-ozone/cli-admin/src/main/java/org/apache/hadoop/hdds/scm/cli/pipeline/ClosePipelineSubcommand.java	97	50~
org.apache.hadoop.hdds.scm.cli.pipeline.FilterPipelineOptions	hadoop-ozone/cli-admin/src/main/java/org/apache/hadoop/hdds/scm/cli/pipeline/FilterPipelineOptions.java	84	50~
org.apache.hadoop.hdds.scm.cli.pipeline.CreatePipelineSubcommand	hadoop-ozone/cli-admin/src/main/java/org/apache/hadoop/hdds/scm/cli/pipeline/CreatePipelineSubcommand.java	77	25~
org.apache.hadoop.hdds.scm.cli.pipeline.ActivatePipelineSubcommand	hadoop-ozone/cli-admin/src/main/java/org/apache/hadoop/hdds/scm/cli/pipeline/ActivatePipelineSubcommand.java	45	25~
org.apache.hadoop.hdds.scm.cli.pipeline.ListPipelinesSubcommand	hadoop-ozone/cli-admin/src/main/java/org/apache/hadoop/hdds/scm/cli/pipeline/ListPipelinesSubcommand.java	79	50~
org.apache.hadoop.hdds.scm.cli.pipeline.PipelineCommands	hadoop-ozone/cli-admin/src/main/java/org/apache/hadoop/hdds/scm/cli/pipeline/PipelineCommands.java	43	25~
org.apache.hadoop.hdds.scm.cli.pipeline.DeactivatePipelineSubcommand	hadoop-ozone/cli-admin/src/main/java/org/apache/hadoop/hdds/scm/cli/pipeline/DeactivatePipelineSubcommand.java	45	25~
org.apache.hadoop.hdds.scm.cli.datanode.DiskBalancerUpdateSubcommand	hadoop-ozone/cli-admin/src/main/java/org/apache/hadoop/hdds/scm/cli/datanode/DiskBalancerUpdateSubcommand.java	180	125~
org.apache.hadoop.hdds.scm.cli.datanode.NodeSelectionMixin	hadoop-ozone/cli-admin/src/main/java/org/apache/hadoop/hdds/scm/cli/datanode/NodeSelectionMixin.java	66	25~
org.apache.hadoop.hdds.scm.cli.datanode.DatanodeCommands	hadoop-ozone/cli-admin/src/main/java/org/apache/hadoop/hdds/scm/cli/datanode/DatanodeCommands.java	45	25~
org.apache.hadoop.hdds.scm.cli.datanode.StatusSubCommand	hadoop-ozone/cli-admin/src/main/java/org/apache/hadoop/hdds/scm/cli/datanode/StatusSubCommand.java	37	25~
org.apache.hadoop.hdds.scm.cli.datanode.DiskBalancerStatusSubcommand	hadoop-ozone/cli-admin/src/main/java/org/apache/hadoop/hdds/scm/cli/datanode/DiskBalancerStatusSubcommand.java	206	150~
org.apache.hadoop.hdds.scm.cli.datanode.DatanodeParameters	hadoop-ozone/cli-admin/src/main/java/org/apache/hadoop/hdds/scm/cli/datanode/DatanodeParameters.java	60	25~
org.apache.hadoop.hdds.scm.cli.datanode.DecommissionStatusSubCommand	hadoop-ozone/cli-admin/src/main/java/org/apache/hadoop/hdds/scm/cli/datanode/DecommissionStatusSubCommand.java	175	125~
org.apache.hadoop.hdds.scm.cli.datanode.DiskBalancerCommands	hadoop-ozone/cli-admin/src/main/java/org/apache/hadoop/hdds/scm/cli/datanode/DiskBalancerCommands.java	193	25~
org.apache.hadoop.hdds.scm.cli.datanode.MaintenanceSubCommand	hadoop-ozone/cli-admin/src/main/java/org/apache/hadoop/hdds/scm/cli/datanode/MaintenanceSubCommand.java	63	25~
org.apache.hadoop.hdds.scm.cli.datanode.DiskBalancerCommonOptions	hadoop-ozone/cli-admin/src/main/java/org/apache/hadoop/hdds/scm/cli/datanode/DiskBalancerCommonOptions.java	68	25~
org.apache.hadoop.hdds.scm.cli.datanode.UsageInfoSubcommand	hadoop-ozone/cli-admin/src/main/java/org/apache/hadoop/hdds/scm/cli/datanode/UsageInfoSubcommand.java	355	250~
org.apache.hadoop.hdds.scm.cli.datanode.BasicDatanodeInfo	hadoop-ozone/cli-admin/src/main/java/org/apache/hadoop/hdds/scm/cli/datanode/BasicDatanodeInfo.java	233	175~
org.apache.hadoop.hdds.scm.cli.datanode.ListInfoSubcommand	hadoop-ozone/cli-admin/src/main/java/org/apache/hadoop/hdds/scm/cli/datanode/ListInfoSubcommand.java	246	175~
org.apache.hadoop.hdds.scm.cli.datanode.DecommissionSubCommand	hadoop-ozone/cli-admin/src/main/java/org/apache/hadoop/hdds/scm/cli/datanode/DecommissionSubCommand.java	67	25~
org.apache.hadoop.hdds.scm.cli.datanode.DiskBalancerSubCommandUtil	hadoop-ozone/cli-admin/src/main/java/org/apache/hadoop/hdds/scm/cli/datanode/DiskBalancerSubCommandUtil.java	246	125~
org.apache.hadoop.hdds.scm.cli.datanode.DiskBalancerReportSubcommand	hadoop-ozone/cli-admin/src/main/java/org/apache/hadoop/hdds/scm/cli/datanode/DiskBalancerReportSubcommand.java	255	175~
org.apache.hadoop.hdds.scm.cli.datanode.RecommissionSubCommand	hadoop-ozone/cli-admin/src/main/java/org/apache/hadoop/hdds/scm/cli/datanode/RecommissionSubCommand.java	53	25~
org.apache.hadoop.hdds.scm.cli.datanode.AbstractDiskBalancerSubCommand	hadoop-ozone/cli-admin/src/main/java/org/apache/hadoop/hdds/scm/cli/datanode/AbstractDiskBalancerSubCommand.java	397	225~
org.apache.hadoop.hdds.scm.cli.datanode.DiskBalancerStopSubcommand	hadoop-ozone/cli-admin/src/main/java/org/apache/hadoop/hdds/scm/cli/datanode/DiskBalancerStopSubcommand.java	95	50~
org.apache.hadoop.hdds.scm.cli.datanode.DiskBalancerStartSubcommand	hadoop-ozone/cli-admin/src/main/java/org/apache/hadoop/hdds/scm/cli/datanode/DiskBalancerStartSubcommand.java	170	125~
org.apache.hadoop.hdds.scm.cli.datanode.HostNameParameters	hadoop-ozone/cli-admin/src/main/java/org/apache/hadoop/hdds/scm/cli/datanode/HostNameParameters.java	39	25~
org.apache.hadoop.hdds.scm.cli.ScmSubcommand	hadoop-ozone/cli-admin/src/main/java/org/apache/hadoop/hdds/scm/cli/ScmSubcommand.java	43	25~
org.apache.hadoop.hdds.scm.cli.SafeModeCommands	hadoop-ozone/cli-admin/src/main/java/org/apache/hadoop/hdds/scm/cli/SafeModeCommands.java	41	25~
org.apache.hadoop.hdds.scm.cli.ContainerBalancerStartSubcommand	hadoop-ozone/cli-admin/src/main/java/org/apache/hadoop/hdds/scm/cli/ContainerBalancerStartSubcommand.java	152	100~
org.apache.hadoop.hdds.scm.cli.container.UpgradeSubcommand	hadoop-ozone/cli-admin/src/main/java/org/apache/hadoop/hdds/scm/cli/container/UpgradeSubcommand.java	47	25~
org.apache.hadoop.hdds.scm.cli.container.ContainerCommands	hadoop-ozone/cli-admin/src/main/java/org/apache/hadoop/hdds/scm/cli/container/ContainerCommands.java	45	25~
org.apache.hadoop.hdds.scm.cli.container.InfoSubcommand	hadoop-ozone/cli-admin/src/main/java/org/apache/hadoop/hdds/scm/cli/container/InfoSubcommand.java	320	225~
org.apache.hadoop.hdds.scm.cli.container.ListSubcommand	hadoop-ozone/cli-admin/src/main/java/org/apache/hadoop/hdds/scm/cli/container/ListSubcommand.java	188	100~
org.apache.hadoop.hdds.scm.cli.container.CreateSubcommand	hadoop-ozone/cli-admin/src/main/java/org/apache/hadoop/hdds/scm/cli/container/CreateSubcommand.java	63	25~
org.apache.hadoop.hdds.scm.cli.container.ReportSubcommand	hadoop-ozone/cli-admin/src/main/java/org/apache/hadoop/hdds/scm/cli/container/ReportSubcommand.java	191	125~
org.apache.hadoop.hdds.scm.cli.container.ReconcileSubcommand	hadoop-ozone/cli-admin/src/main/java/org/apache/hadoop/hdds/scm/cli/container/ReconcileSubcommand.java	275	175~
org.apache.hadoop.hdds.scm.cli.container.CloseSubcommand	hadoop-ozone/cli-admin/src/main/java/org/apache/hadoop/hdds/scm/cli/container/CloseSubcommand.java	45	25~
org.apache.hadoop.hdds.scm.cli.container.ContainerIDParameters	hadoop-ozone/cli-admin/src/main/java/org/apache/hadoop/hdds/scm/cli/container/ContainerIDParameters.java	77	50~
org.apache.hadoop.hdds.scm.cli.TopologySubcommand	hadoop-ozone/cli-admin/src/main/java/org/apache/hadoop/hdds/scm/cli/TopologySubcommand.java	314	225~
org.apache.hadoop.hdds.scm.cli.ScmOption	hadoop-ozone/cli-admin/src/main/java/org/apache/hadoop/hdds/scm/cli/ScmOption.java	101	50~
org.apache.hadoop.hdds.scm.cli.ReplicationManagerCommands	hadoop-ozone/cli-admin/src/main/java/org/apache/hadoop/hdds/scm/cli/ReplicationManagerCommands.java	41	25~
org.apache.hadoop.hdds.scm.cli.SafeModeCheckSubcommand	hadoop-ozone/cli-admin/src/main/java/org/apache/hadoop/hdds/scm/cli/SafeModeCheckSubcommand.java	219	150~
org.apache.hadoop.hdds.scm.cli.cert.CertCommands	hadoop-ozone/cli-admin/src/main/java/org/apache/hadoop/hdds/scm/cli/cert/CertCommands.java	41	25~
org.apache.hadoop.hdds.scm.cli.cert.InfoSubcommand	hadoop-ozone/cli-admin/src/main/java/org/apache/hadoop/hdds/scm/cli/cert/InfoSubcommand.java	61	25~
org.apache.hadoop.hdds.scm.cli.cert.ListSubcommand	hadoop-ozone/cli-admin/src/main/java/org/apache/hadoop/hdds/scm/cli/cert/ListSubcommand.java	187	125~
org.apache.hadoop.hdds.scm.cli.cert.CleanExpiredCertsSubcommand	hadoop-ozone/cli-admin/src/main/java/org/apache/hadoop/hdds/scm/cli/cert/CleanExpiredCertsSubcommand.java	42	25~
org.apache.hadoop.hdds.scm.cli.cert.ScmCertSubcommand	hadoop-ozone/cli-admin/src/main/java/org/apache/hadoop/hdds/scm/cli/cert/ScmCertSubcommand.java	72	25~
org.apache.hadoop.hdds.scm.cli.ContainerOperationClient	hadoop-ozone/cli-admin/src/main/java/org/apache/hadoop/hdds/scm/cli/ContainerOperationClient.java	638	475~
org.apache.hadoop.hdds.scm.cli.ReplicationManagerStatusSubcommand	hadoop-ozone/cli-admin/src/main/java/org/apache/hadoop/hdds/scm/cli/ReplicationManagerStatusSubcommand.java	46	25~
org.apache.hadoop.hdds.scm.cli.ContainerBalancerStopSubcommand	hadoop-ozone/cli-admin/src/main/java/org/apache/hadoop/hdds/scm/cli/ContainerBalancerStopSubcommand.java	46	25~
org.apache.hadoop.hdds.scm.cli.ReplicationManagerStartSubcommand	hadoop-ozone/cli-admin/src/main/java/org/apache/hadoop/hdds/scm/cli/ReplicationManagerStartSubcommand.java	40	25~
org.apache.hadoop.hdds.scm.cli.SafeModeExitSubcommand	hadoop-ozone/cli-admin/src/main/java/org/apache/hadoop/hdds/scm/cli/SafeModeExitSubcommand.java	42	25~
org.apache.hadoop.hdds.scm.cli.ReplicationManagerStopSubcommand	hadoop-ozone/cli-admin/src/main/java/org/apache/hadoop/hdds/scm/cli/ReplicationManagerStopSubcommand.java	42	25~
org.apache.hadoop.hdds.scm.cli.ContainerBalancerCommands	hadoop-ozone/cli-admin/src/main/java/org/apache/hadoop/hdds/scm/cli/ContainerBalancerCommands.java	90	25~
org.apache.hadoop.hdds.scm.cli.SafeModeWaitSubcommand	hadoop-ozone/cli-admin/src/main/java/org/apache/hadoop/hdds/scm/cli/SafeModeWaitSubcommand.java	91	50~
org.apache.hadoop.hdds.scm.cli.ContainerBalancerStatusSubcommand	hadoop-ozone/cli-admin/src/main/java/org/apache/hadoop/hdds/scm/cli/ContainerBalancerStatusSubcommand.java	264	200~
